	time	count	countnew
0	2000-01-01	5.2	0.0119017214078
1	2000-01-02	72.22	0.183071972212
2	2000-01-03	6.11	0.014225877305
3	2000-01-04	6.01	0.0139704755581
4	2000-01-05	120.28	0.305818051795
5	2000-01-06	7.65	0.018159064208
6	2000-01-07	7.52	0.017827041937
7	2000-01-08	7.4	0.0175205598406
8	2000-01-09	128.43	0.326633294172
9	2000-01-10	9.11	0.0218879297134
10	2000-01-11	8.96	0.021504827093
11	2000-01-12	8.81	0.0211217244726
12	2000-01-13	9.32	0.022424273382
13	2000-01-14	8.53	0.0204065995811
14	2000-01-15	8.38	0.0200234969607
15	2000-01-16	8.24	0.019665934515
16	2000-01-17	37.42	0.0941921642744
17	2000-01-18	8.44	0.0201767380089
18	2000-01-19	25.79	0.0644889411044
19	2000-01-20	51.53	0.130229350769
20	2000-01-21	10.64	0.0257955764417
21	2000-01-22	8.88	0.0213005056955
22	2000-01-23	8.73	0.020917403075
23	2000-01-24	8.58	0.0205343004546
24	2000-01-25	55.75	0.14100730449
25	2000-01-26	9.06	0.02176022884
26	2000-01-27	43.79	0.110461255555
27	2000-01-28	9.33	0.0224498135567
28	2000-01-29	9.17	0.0220411707616
29	2000-01-30	9.02	0.0216580681412
30	2000-01-31	8.87	0.0212749655208
31	2000-02-01	8.72	0.0208918629003
32	2000-02-02	8.57	0.0205087602799
33	2000-02-03	8.43	0.0201511978342
34	2000-02-04	28.67	0.0718445114165
35	2000-02-05	21.29	0.0529958624917
36	2000-02-06	8.55	0.0204576799305
37	2000-02-07	8.4	0.0200745773101
38	2000-02-08	8.26	0.0197170148644
39	2000-02-09	12.85	0.0314399550493
40	2000-02-10	16.18	0.0399448332227
41	2000-02-11	8.06	0.0192062113705
42	2000-02-12	7.93	0.0188741890995
43	2000-02-13	7.8	0.0185421668284
44	2000-02-14	7.67	0.0182101445574
45	2000-02-15	7.54	0.0178781222864
46	2000-02-16	7.41	0.0175461000153
47	2000-02-17	7.29	0.017239617919
48	2000-02-18	7.17	0.0169331358226
49	2000-02-19	7.05	0.0166266537263
50	2000-02-20	6.93	0.01632017163
51	2000-02-21	31.88	0.0800429074935
52	2000-02-22	38.77	0.0976400878582
53	2000-02-23	7.5	0.0177759615876
54	2000-02-24	7.37	0.0174439393165
55	2000-02-25	7.25	0.0171374572202
56	2000-02-26	7.13	0.0168309751239
57	2000-02-27	7.01	0.0165244930275
58	2000-02-28	6.89	0.0162180109312
59	2000-02-29	25.38	0.0634417939419
60	2000-03-01	65.74	0.16652193901
61	2000-03-02	24.08	0.0601215712315
62	2000-03-03	7.93	0.0188741890995
63	2000-03-04	14.23	0.0349644991572
64	2000-03-05	15.23	0.0375185166267
65	2000-03-06	7.76	0.0184400061296
66	2000-03-07	7.63	0.0181079838586
67	2000-03-08	120.53	0.306456556163
68	2000-03-09	9.2	0.0221177912857
69	2000-03-10	36.62	0.0921489502988
70	2000-03-11	22.76	0.0567502681718
71	2000-03-12	9.4	0.0226285947796
72	2000-03-13	9.25	0.0222454921592
73	2000-03-14	26.82	0.0671195790979
74	2000-03-15	9.23	0.0221944118098
75	2000-03-16	9.07	0.0217857690147
76	2000-03-17	8.92	0.0214026663942
77	2000-03-18	8.77	0.0210195637738
78	2000-03-19	8.63	0.0206620013281
79	2000-03-20	8.48	0.0202788987077
80	2000-03-21	8.34	0.0199213362619
81	2000-03-22	8.2	0.0195637738162
82	2000-03-23	8.07	0.0192317515452
83	2000-03-24	7.93	0.0188741890995
84	2000-03-25	7.8	0.0185421668284
85	2000-03-26	7.67	0.0182101445574
86	2000-03-27	7.54	0.0178781222864
87	2000-03-28	11.79	0.0287326965316
88	2000-03-29	41.82	0.10542984114
89	2000-03-30	11.99	0.0292435000255
90	2000-03-31	7.85	0.0186698677019
91	2000-04-01	7.61	0.0180569035092
92	2000-04-02	7.48	0.0177248812382
93	2000-04-03	7.35	0.0173928589672
94	2000-04-04	7.23	0.0170863768708
95	2000-04-05	7.11	0.0167798947745
96	2000-04-06	6.99	0.0164734126781
97	2000-04-07	6.88	0.0161924707565
98	2000-04-08	6.76	0.0158859886602
99	2000-04-09	110.32	0.280380037799
100	2000-04-10	75.15	0.190555243398
101	2000-04-11	16.88	0.0417326454513
102	2000-04-12	9.12	0.0219134698881
103	2000-04-13	8.97	0.0215303672677
104	2000-04-14	8.82	0.0211472646473
105	2000-04-15	8.68	0.0207897022016
106	2000-04-16	8.53	0.0204065995811
107	2000-04-17	8.39	0.0200490371354
108	2000-04-18	8.25	0.0196914746897
109	2000-04-19	8.11	0.019333912244
110	2000-04-20	7.98	0.0190018899729
111	2000-04-21	7.84	0.0186443275272
112	2000-04-22	7.71	0.0183123052562
113	2000-04-23	7.58	0.0179802829851
114	2000-04-24	7.46	0.0176738008888
115	2000-04-25	7.33	0.0173417786178
116	2000-04-26	27.97	0.0700566991878
117	2000-04-27	54.98	0.139040711038
118	2000-04-28	8.07	0.0192317515452
119	2000-04-29	7.93	0.0188741890995
120	2000-04-30	7.8	0.0185421668284
121	2000-05-01	7.67	0.0182101445574
122	2000-05-02	7.54	0.0178781222864
123	2000-05-03	7.42	0.01757164019
124	2000-05-04	7.29	0.017239617919
125	2000-05-05	7.17	0.0169331358226
126	2000-05-06	7.05	0.0166266537263
127	2000-05-07	6.94	0.0163457118047
128	2000-05-08	48.88	0.123461204475
129	2000-05-09	49.35	0.124661592685
130	2000-05-10	228.15	0.581319916228
131	2000-05-11	78.16	0.198242835981
132	2000-05-12	12.24	0.0298820043929
133	2000-05-13	12.04	0.029371200899
134	2000-05-14	11.84	0.0288603974051
135	2000-05-15	11.64	0.0283495939112
136	2000-05-16	11.45	0.027864330592
137	2000-05-17	11.26	0.0273790672728
138	2000-05-18	11.07	0.0268938039536
139	2000-05-19	10.88	0.0264085406344
140	2000-05-20	10.7	0.0259488174899
141	2000-05-21	10.52	0.0254890943454
142	2000-05-22	10.35	0.0250549113756
143	2000-05-23	10.58	0.0256423353936
144	2000-05-24	10.01	0.024186545436
145	2000-05-25	9.85	0.0237779026409
146	2000-05-26	9.68	0.023343719671
147	2000-05-27	9.52	0.0229350768759
148	2000-05-28	9.36	0.0225264340808
149	2000-05-29	9.21	0.0221433314604
150	2000-05-30	9.05	0.0217346886653
151	2000-05-31	8.9	0.0213515860448
152	2000-06-01	88.98	0.225877305001
153	2000-06-02	9.9	0.0239056035143
154	2000-06-03	9.74	0.0234969607192
155	2000-06-04	9.57	0.0230627777494
156	2000-06-05	9.41	0.0226541349543
157	2000-06-06	9.26	0.0222710323339
158	2000-06-07	9.1	0.0218623895387
159	2000-06-08	8.95	0.0214792869183
160	2000-06-09	8.8	0.0210961842979
161	2000-06-10	8.66	0.0207386218522
162	2000-06-11	8.51	0.0203555192318
163	2000-06-12	8.37	0.019997956786
164	2000-06-13	8.23	0.0196403943403
165	2000-06-14	8.09	0.0192828318946
166	2000-06-15	7.96	0.0189508096235
167	2000-06-16	7.82	0.0185932471778
168	2000-06-17	7.69	0.0182612249068
169	2000-06-18	7.57	0.0179547428104
170	2000-06-19	7.44	0.0176227205394
171	2000-06-20	7.32	0.0173162384431
172	2000-06-21	7.19	0.016984216172
173	2000-06-22	7.07	0.0166777340757
174	2000-06-23	6.96	0.0163967921541
175	2000-06-24	6.84	0.0160903100577
176	2000-06-25	6.73	0.0158093681361
177	2000-06-26	6.61	0.0155028860397
178	2000-06-27	6.5	0.0152219441181
179	2000-06-28	6.4	0.0149665423711
180	2000-06-29	6.29	0.0146856004495
181	2000-06-30	6.18	0.0144046585279
182	2000-07-01	6.08	0.0141492567809
183	2000-07-02	5.98	0.013893855034
184	2000-07-03	5.88	0.013638453287
185	2000-07-04	5.78	0.0133830515401
186	2000-07-05	5.69	0.0131531899678
187	2000-07-06	5.59	0.0128977882209
188	2000-07-07	5.5	0.0126679266486
189	2000-07-08	5.41	0.0124380650764
190	2000-07-09	5.32	0.0122082035041
191	2000-07-10	5.23	0.0119783419319
192	2000-07-11	5.14	0.0117484803596
193	2000-07-12	5.05	0.0115186187874
194	2000-07-13	5.36	0.0123103642029
195	2000-07-14	4.89	0.0111099759922
196	2000-07-15	4.81	0.0109056545947
197	2000-07-16	4.73	0.0107013331971
198	2000-07-17	4.65	0.0104970117996
199	2000-07-18	4.58	0.0103182305767
200	2000-07-19	4.5	0.0101139091791
201	2000-07-20	4.46	0.0100117484804
202	2000-07-21	4.35	0.00973080655872
203	2000-07-22	4.28	0.00955202533585
204	2000-07-23	4.21	0.00937324411299
205	2000-07-24	4.14	0.00919446289013
206	2000-07-25	4.07	0.00901568166726
207	2000-07-26	4.0	0.0088369004444
208	2000-07-27	3.93	0.00865811922154
209	2000-07-28	3.87	0.00850487817337
210	2000-07-29	3.8	0.0083260969505
211	2000-07-30	3.74	0.00817285590233
212	2000-07-31	3.68	0.00801961485417
213	2000-08-01	3.62	0.007866373806
214	2000-08-02	3.56	0.00771313275783
215	2000-08-03	3.5	0.00755989170966
216	2000-08-04	3.44	0.00740665066149
217	2000-08-05	3.38	0.00725340961332
218	2000-08-06	3.33	0.00712570873985
219	2000-08-07	3.27	0.00697246769168
220	2000-08-08	3.22	0.00684476681821
221	2000-08-09	3.16	0.00669152577004
222	2000-08-10	3.11	0.00656382489656
223	2000-08-11	3.06	0.00643612402309
224	2000-08-12	3.01	0.00630842314961
225	2000-08-13	2.96	0.00618072227614
226	2000-08-14	2.91	0.00605302140267
227	2000-08-15	2.86	0.00592532052919
228	2000-08-16	2.81	0.00579761965572
229	2000-08-17	2.76	0.00566991878224
230	2000-08-18	2.72	0.00556775808347
231	2000-08-19	2.67	0.00544005720999
232	2000-08-20	2.63	0.00533789651121
233	2000-08-21	2.58	0.00521019563774
234	2000-08-22	2.54	0.00510803493896
235	2000-08-23	2.5	0.00500587424018
236	2000-08-24	2.46	0.0049037135414
237	2000-08-25	2.42	0.00480155284262
238	2000-08-26	2.38	0.00469939214384
239	2000-08-27	2.34	0.00459723144506
240	2000-08-28	2.3	0.00449507074628
241	2000-08-29	2.26	0.0043929100475
242	2000-08-30	2.22	0.00429074934873
243	2000-08-31	2.18	0.00418858864995
244	2000-09-01	2.15	0.00411196812586
245	2000-09-02	2.11	0.00400980742708
246	2000-09-03	2.08	0.003933186903
247	2000-09-04	2.04	0.00383102620422
248	2000-09-05	2.01	0.00375440568013
249	2000-09-06	1.97	0.00365224498136
250	2000-09-07	1.94	0.00357562445727
251	2000-09-08	1.91	0.00349900393319
252	2000-09-09	1.88	0.0034223834091
253	2000-09-10	1.85	0.00334576288502
254	2000-09-11	1.82	0.00326914236093
255	2000-09-12	1.79	0.00319252183685
256	2000-09-13	1.76	0.00311590131276
257	2000-09-14	1.73	0.00303928078868
258	2000-09-15	1.7	0.0029626602646
259	2000-09-16	1.67	0.00288603974051
260	2000-09-17	1.64	0.00280941921643
261	2000-09-18	1.61	0.00273279869234
262	2000-09-19	1.59	0.00268171834295
263	2000-09-20	1.56	0.00260509781887
264	2000-09-21	1.53	0.00252847729478
265	2000-09-22	1.51	0.0024773969454
266	2000-09-23	1.48	0.00240077642131
267	2000-09-24	1.46	0.00234969607192
268	2000-09-25	1.44	0.00229861572253
269	2000-09-26	1.41	0.00222199519845
270	2000-09-27	1.39	0.00217091484906
271	2000-09-28	1.36	0.00209429432497
272	2000-09-29	1.34	0.00204321397558
273	2000-09-30	1.32	0.00199213362619
274	2000-10-01	1.3	0.0019410532768
275	2000-10-02	1.28	0.00188997292741
276	2000-10-03	1.25	0.00181335240333
277	2000-10-04	1.23	0.00176227205394
278	2000-10-05	1.21	0.00171119170455
279	2000-10-06	1.19	0.00166011135516
280	2000-10-07	1.17	0.00160903100577
281	2000-10-08	1.15	0.00155795065638
282	2000-10-09	40.92	0.103131225418
283	2000-10-10	31.86	0.0799918271441
284	2000-10-11	2.21	0.00426520917403
285	2000-10-12	2.18	0.00418858864995
286	2000-10-13	2.14	0.00408642795117
287	2000-10-14	2.1	0.00398426725239
288	2000-10-15	2.07	0.0039076467283
289	2000-10-16	2.03	0.00380548602952
290	2000-10-17	2.0	0.00372886550544
291	2000-10-18	1.97	0.00365224498136
292	2000-10-19	1.93	0.00355008428258
293	2000-10-20	1.9	0.00347346375849
294	2000-10-21	1.87	0.00339684323441
295	2000-10-22	1.84	0.00332022271032
296	2000-10-23	1.81	0.00324360218624
297	2000-10-24	1.78	0.00316698166215
298	2000-10-25	1.75	0.00309036113807
299	2000-10-26	1.72	0.00301374061399
300	2000-10-27	1.69	0.0029371200899
301	2000-10-28	41.17	0.103769729785
302	2000-10-29	77.3	0.196046380957
303	2000-10-30	108.19	0.274939980589
304	2000-10-31	139.89	0.355902334372
305	2000-11-01	7.16	0.016907595648
306	2000-11-02	7.04	0.0166011135516
307	2000-11-03	6.93	0.01632017163
308	2000-11-04	6.81	0.0160136895336
309	2000-11-05	6.7	0.015732747612
310	2000-11-06	6.59	0.0154518056904
311	2000-11-07	6.48	0.0151708637687
312	2000-11-08	6.37	0.0148899218471
313	2000-11-09	6.26	0.0146089799254
314	2000-11-10	176.5	0.44940491393
315	2000-11-11	8.8	0.0210961842979
316	2000-11-12	8.65	0.0207130816775
317	2000-11-13	8.51	0.0203555192318
318	2000-11-14	8.37	0.019997956786
319	2000-11-15	8.23	0.0196403943403
320	2000-11-16	8.09	0.0192828318946
321	2000-11-17	7.96	0.0189508096235
322	2000-11-18	7.82	0.0185932471778
323	2000-11-19	7.69	0.0182612249068
324	2000-11-20	7.57	0.0179547428104
325	2000-11-21	7.44	0.0176227205394
326	2000-11-22	7.32	0.0173162384431
327	2000-11-23	7.19	0.016984216172
328	2000-11-24	7.07	0.0166777340757
329	2000-11-25	6.96	0.0163967921541
330	2000-11-26	6.84	0.0160903100577
331	2000-11-27	6.73	0.0158093681361
332	2000-11-28	6.61	0.0155028860397
333	2000-11-29	6.5	0.0152219441181
334	2000-11-30	6.4	0.0149665423711
335	2000-12-01	6.29	0.0146856004495
336	2000-12-02	6.18	0.0144046585279
337	2000-12-03	6.08	0.0141492567809
338	2000-12-04	5.98	0.013893855034
339	2000-12-05	5.88	0.013638453287
340	2000-12-06	5.78	0.0133830515401
341	2000-12-07	79.64	0.202022781836
342	2000-12-08	6.78	0.0159370690096
343	2000-12-09	6.67	0.0156561270879
344	2000-12-10	6.56	0.0153751851663
345	2000-12-11	6.45	0.0150942432446
346	2000-12-12	6.34	0.014813301323
347	2000-12-13	26.64	0.0666598559534
348	2000-12-14	6.46	0.0151197834193
349	2000-12-15	6.35	0.0148388414977
350	2000-12-16	6.25	0.0145834397507
351	2000-12-17	6.14	0.0143024978291
352	2000-12-18	13.3	0.0325892629106
353	2000-12-19	6.06	0.0140981764315
354	2000-12-20	5.96	0.0138427746846
355	2000-12-21	65.22	0.165193849926
356	2000-12-22	11.11	0.0269959646524
357	2000-12-23	31.09	0.0780252336926
358	2000-12-24	121.84	0.309802319048
359	2000-12-25	8.71	0.0208663227256
360	2000-12-26	39.87	0.100449507075
361	2000-12-27	38.35	0.096567400521
362	2000-12-28	44.53	0.112351228482
363	2000-12-29	9.65	0.023267099147
364	2000-12-30	9.49	0.0228584563518
365	2000-12-31	9.33	0.0224498135567
366	2001-01-01	82.67	0.209761454768
367	2001-01-02	10.21	0.0246973489299
368	2001-01-03	10.04	0.0242631659601
369	2001-01-04	9.87	0.0238289829902
370	2001-01-05	9.71	0.0234203401951
371	2001-01-06	9.55	0.0230116974
372	2001-01-07	9.39	0.0226030546049
373	2001-01-08	9.23	0.0221944118098
374	2001-01-09	9.08	0.0218113091894
375	2001-01-10	12.65	0.0309291515554
376	2001-01-11	51.37	0.129820707974
377	2001-01-12	70.25	0.178040557797
378	2001-01-13	18.29	0.0453338100833
379	2001-01-14	29.25	0.0733258415488
380	2001-01-15	56.37	0.142590795321
381	2001-01-16	10.87	0.0263830004597
382	2001-01-17	10.69	0.0259232773152
383	2001-01-18	10.51	0.0254635541707
384	2001-01-19	18.21	0.0451294886857
385	2001-01-20	10.29	0.0249016703274
386	2001-01-21	10.12	0.0244674873576
387	2001-01-22	9.95	0.0240333043878
388	2001-01-23	9.78	0.023599121418
389	2001-01-24	9.62	0.0231904786229
390	2001-01-25	9.46	0.0227818358278
391	2001-01-26	9.3	0.0223731930326
392	2001-01-27	142.2	0.361802114726
393	2001-01-28	55.4	0.140113398376
394	2001-01-29	21.22	0.0528170812688
395	2001-01-30	11.63	0.0283240537365
396	2001-01-31	11.43	0.0278132502426
397	2001-02-01	11.24	0.0273279869234
398	2001-02-02	13.33	0.0326658834346
399	2001-02-03	12.39	0.0302651070133
400	2001-02-04	44.98	0.113500536344
401	2001-02-05	11.12	0.0270215048271
402	2001-02-06	10.94	0.0265617816826
403	2001-02-07	10.75	0.0260765183634
404	2001-02-08	10.58	0.0256423353936
405	2001-02-09	21.93	0.0546304336722
406	2001-02-10	22.6	0.0563416253767
407	2001-02-11	17.93	0.0444143637942
408	2001-02-12	24.3	0.0606834550748
409	2001-02-13	109.63	0.278617765746
410	2001-02-14	26.12	0.0653317668693
411	2001-02-15	76.24	0.19333912244
412	2001-02-16	12.73	0.031133472953
413	2001-02-17	14.6	0.0359094856209
414	2001-02-18	13.87	0.0340450528682
415	2001-02-19	12.23	0.0298564642182
416	2001-02-20	82.06	0.208203504112
417	2001-02-21	12.89	0.0315421157481
418	2001-02-22	40.56	0.102211779129
419	2001-02-23	15.31	0.0377228380242
420	2001-02-24	75.21	0.190708484446
421	2001-02-25	13.53	0.0331766869285
422	2001-02-26	13.31	0.0326148030853
423	2001-02-27	65.76	0.166573019359
424	2001-02-28	13.72	0.0336619502477
425	2001-03-01	13.49	0.0330745262298
426	2001-03-02	13.26	0.0324871022118
427	2001-03-03	35.95	0.0904377585943
428	2001-03-04	13.19	0.0323083209889
429	2001-03-05	12.97	0.0317464371456
430	2001-03-06	18.65	0.0462532563723
431	2001-03-07	81.52	0.206824334678
432	2001-03-08	14.06	0.0345303161874
433	2001-03-09	13.32	0.0326403432599
434	2001-03-10	13.1	0.0320784594167
435	2001-03-11	12.88	0.0315165755734
436	2001-03-12	12.67	0.0309802319048
437	2001-03-13	12.46	0.0304438882362
438	2001-03-14	12.25	0.0299075445676
439	2001-03-15	12.04	0.029371200899
440	2001-03-16	11.84	0.0288603974051
441	2001-03-17	11.65	0.0283751340859
442	2001-03-18	66.92	0.169535679624
443	2001-03-19	12.16	0.0296776829954
444	2001-03-20	11.95	0.0291413393268
445	2001-03-21	11.75	0.0286305358329
446	2001-03-22	11.56	0.0281452725137
447	2001-03-23	18.53	0.0459467742759
448	2001-03-24	11.29	0.0274556877969
449	2001-03-25	11.1	0.0269704244777
450	2001-03-26	10.92	0.0265107013332
451	2001-03-27	10.74	0.0260509781887
452	2001-03-28	11.86	0.0289114777545
453	2001-03-29	52.16	0.131838381775
454	2001-03-30	10.9	0.0264596209838
455	2001-03-31	10.72	0.0259998978393
456	2001-04-01	10.54	0.0255401746948
457	2001-04-02	10.37	0.025105991725
458	2001-04-03	10.19	0.0246462685805
459	2001-04-04	10.02	0.0242120856107
460	2001-04-05	9.86	0.0238034428155
461	2001-04-06	9.69	0.0233692598457
462	2001-04-07	9.53	0.0229606170506
463	2001-04-08	9.37	0.0225519742555
464	2001-04-09	9.22	0.0221688716351
465	2001-04-10	9.06	0.02176022884
466	2001-04-11	8.91	0.0213771262195
467	2001-04-12	8.76	0.0209940235991
468	2001-04-13	8.62	0.0206364611534
469	2001-04-14	8.47	0.020253358533
470	2001-04-15	8.33	0.0198957960872
471	2001-04-16	16.39	0.0404811768912
472	2001-04-17	9.13	0.0219390100628
473	2001-04-18	8.07	0.0192317515452
474	2001-04-19	7.93	0.0188741890995
475	2001-04-20	41.82	0.10542984114
476	2001-04-21	157.41	0.400648720437
477	2001-04-22	10.49	0.0254124738213
478	2001-04-23	10.31	0.0249527506768
479	2001-04-24	10.14	0.024518567707
480	2001-04-25	15.35	0.037824998723
481	2001-04-26	68.83	0.174413852991
482	2001-04-27	14.24	0.0349900393319
483	2001-04-28	10.56	0.0255912550442
484	2001-04-29	75.85	0.192343055627
485	2001-04-30	11.26	0.0273790672728
486	2001-05-01	11.08	0.0269193441283
487	2001-05-02	10.89	0.0264340808091
488	2001-05-03	10.71	0.0259743576646
489	2001-05-04	10.53	0.0255146345201
490	2001-05-05	10.35	0.0250549113756
491	2001-05-06	10.18	0.0246207284058
492	2001-05-07	38.97	0.0981508913521
493	2001-05-08	49.28	0.124482811462
494	2001-05-09	12.98	0.0317719773203
495	2001-05-10	10.62	0.0257444960924
496	2001-05-11	10.45	0.0253103131225
497	2001-05-12	10.27	0.024850589978
498	2001-05-13	20.94	0.0521019563774
499	2001-05-14	10.11	0.0244419471829
500	2001-05-15	9.94	0.0240077642131
501	2001-05-16	9.77	0.0235735812433
502	2001-05-17	9.61	0.0231649384482
503	2001-05-18	9.45	0.0227562956531
504	2001-05-19	9.29	0.0223476528579
505	2001-05-20	9.14	0.0219645502375
506	2001-05-21	8.99	0.0215814476171
507	2001-05-22	8.84	0.0211983449967
508	2001-05-23	8.69	0.0208152423763
509	2001-05-24	8.54	0.0204321397558
510	2001-05-25	8.4	0.0200745773101
511	2001-05-26	8.26	0.0197170148644
512	2001-05-27	8.12	0.0193594524187
513	2001-05-28	7.99	0.0190274301476
514	2001-05-29	7.86	0.0186954078766
515	2001-05-30	7.73	0.0183633856056
516	2001-05-31	7.6	0.0180313633345
517	2001-06-01	7.47	0.0176993410635
518	2001-06-02	7.35	0.0173928589672
519	2001-06-03	7.22	0.0170608366961
520	2001-06-04	7.1	0.0167543545998
521	2001-06-05	6.98	0.0164478725034
522	2001-06-06	6.87	0.0161669305818
523	2001-06-07	6.75	0.0158604484855
524	2001-06-08	6.64	0.0155795065638
525	2001-06-09	6.53	0.0152985646422
526	2001-06-10	6.42	0.0150176227205
527	2001-06-11	6.31	0.0147366807989
528	2001-06-12	59.65	0.150967972621
529	2001-06-13	6.97	0.0164223323288
530	2001-06-14	6.85	0.0161158502324
531	2001-06-15	6.74	0.0158349083108
532	2001-06-16	6.62	0.0155284262144
533	2001-06-17	6.51	0.0152474842928
534	2001-06-18	6.41	0.0149920825458
535	2001-06-19	6.3	0.0147111406242
536	2001-06-20	6.19	0.0144301987026
537	2001-06-21	6.09	0.0141747969556
538	2001-06-22	5.99	0.0139193952087
539	2001-06-23	5.89	0.0136639934617
540	2001-06-24	5.79	0.0134085917148
541	2001-06-25	5.69	0.0131531899678
542	2001-06-26	5.6	0.0129233283956
543	2001-06-27	5.51	0.0126934668233
544	2001-06-28	5.41	0.0124380650764
545	2001-06-29	5.32	0.0122082035041
546	2001-06-30	5.24	0.0120038821066
547	2001-07-01	5.15	0.0117740205343
548	2001-07-02	5.06	0.011544158962
549	2001-07-03	4.98	0.0113398375645
550	2001-07-04	4.9	0.0111355161669
551	2001-07-05	4.81	0.0109056545947
552	2001-07-06	4.73	0.0107013331971
553	2001-07-07	4.65	0.0104970117996
554	2001-07-08	4.58	0.0103182305767
555	2001-07-09	4.5	0.0101139091791
556	2001-07-10	4.43	0.00993512795628
557	2001-07-11	4.35	0.00973080655872
558	2001-07-12	4.28	0.00955202533585
559	2001-07-13	4.21	0.00937324411299
560	2001-07-14	4.14	0.00919446289013
561	2001-07-15	4.07	0.00901568166726
562	2001-07-16	4.0	0.0088369004444
563	2001-07-17	3.93	0.00865811922154
564	2001-07-18	3.87	0.00850487817337
565	2001-07-19	3.8	0.0083260969505
566	2001-07-20	3.74	0.00817285590233
567	2001-07-21	3.68	0.00801961485417
568	2001-07-22	3.62	0.007866373806
569	2001-07-23	3.56	0.00771313275783
570	2001-07-24	3.5	0.00755989170966
571	2001-07-25	3.44	0.00740665066149
572	2001-07-26	3.38	0.00725340961332
573	2001-07-27	3.33	0.00712570873985
574	2001-07-28	3.27	0.00697246769168
575	2001-07-29	3.22	0.00684476681821
576	2001-07-30	3.16	0.00669152577004
577	2001-07-31	3.11	0.00656382489656
578	2001-08-01	3.06	0.00643612402309
579	2001-08-02	3.01	0.00630842314961
580	2001-08-03	2.96	0.00618072227614
581	2001-08-04	2.91	0.00605302140267
582	2001-08-05	2.86	0.00592532052919
583	2001-08-06	2.81	0.00579761965572
584	2001-08-07	2.76	0.00566991878224
585	2001-08-08	2.72	0.00556775808347
586	2001-08-09	2.67	0.00544005720999
587	2001-08-10	2.63	0.00533789651121
588	2001-08-11	2.58	0.00521019563774
589	2001-08-12	2.54	0.00510803493896
590	2001-08-13	2.5	0.00500587424018
591	2001-08-14	2.46	0.0049037135414
592	2001-08-15	2.42	0.00480155284262
593	2001-08-16	2.38	0.00469939214384
594	2001-08-17	2.34	0.00459723144506
595	2001-08-18	2.3	0.00449507074628
596	2001-08-19	2.26	0.0043929100475
597	2001-08-20	2.22	0.00429074934873
598	2001-08-21	2.18	0.00418858864995
599	2001-08-22	2.15	0.00411196812586
600	2001-08-23	2.11	0.00400980742708
601	2001-08-24	2.08	0.003933186903
602	2001-08-25	2.04	0.00383102620422
603	2001-08-26	2.01	0.00375440568013
604	2001-08-27	1.98	0.00367778515605
605	2001-08-28	1.94	0.00357562445727
606	2001-08-29	1.91	0.00349900393319
607	2001-08-30	1.88	0.0034223834091
608	2001-08-31	1.85	0.00334576288502
609	2001-09-01	138.89	0.353348316902
610	2001-09-02	61.94	0.156816672626
611	2001-09-03	4.86	0.0110333554682
612	2001-09-04	4.78	0.0108290340706
613	2001-09-05	4.7	0.010624712673
614	2001-09-06	4.62	0.0104203912755
615	2001-09-07	16.31	0.0402768554937
616	2001-09-08	4.66	0.0105225519743
617	2001-09-09	4.58	0.0103182305767
618	2001-09-10	4.51	0.0101394493538
619	2001-09-11	4.43	0.00993512795628
620	2001-09-12	4.36	0.00975634673341
621	2001-09-13	4.28	0.00955202533585
622	2001-09-14	4.21	0.00937324411299
623	2001-09-15	4.14	0.00919446289013
624	2001-09-16	4.07	0.00901568166726
625	2001-09-17	4.01	0.00886244061909
626	2001-09-18	3.94	0.00868365939623
627	2001-09-19	3.87	0.00850487817337
628	2001-09-20	3.81	0.0083516371252
629	2001-09-21	3.75	0.00819839607703
630	2001-09-22	3.68	0.00801961485417
631	2001-09-23	29.89	0.0749604127292
632	2001-09-24	3.99	0.0088113602697
633	2001-09-25	42.59	0.107396434592
634	2001-09-26	104.15	0.264621750013
635	2001-09-27	34.45	0.08660673239
636	2001-09-28	6.37	0.0148899218471
637	2001-09-29	6.26	0.0146089799254
638	2001-09-30	29.84	0.0748327118557
639	2001-10-01	6.44	0.0150687030699
640	2001-10-02	6.33	0.0147877611483
641	2001-10-03	6.22	0.0145068192266
642	2001-10-04	6.12	0.0142514174797
643	2001-10-05	6.02	0.0139960157327
644	2001-10-06	5.92	0.0137406139858
645	2001-10-07	5.82	0.0134852122389
646	2001-10-08	61.03	0.154492516729
647	2001-10-09	6.52	0.0152730244675
648	2001-10-10	6.41	0.0149920825458
649	2001-10-11	6.3	0.0147111406242
650	2001-10-12	6.2	0.0144557388773
651	2001-10-13	6.09	0.0141747969556
652	2001-10-14	5.99	0.0139193952087
653	2001-10-15	5.89	0.0136639934617
654	2001-10-16	5.79	0.0134085917148
655	2001-10-17	5.7	0.0131787301425
656	2001-10-18	5.6	0.0129233283956
657	2001-10-19	5.51	0.0126934668233
658	2001-10-20	5.42	0.0124636052511
659	2001-10-21	5.33	0.0122337436788
660	2001-10-22	5.24	0.0120038821066
661	2001-10-23	5.15	0.0117740205343
662	2001-10-24	5.07	0.0115696991367
663	2001-10-25	4.98	0.0113398375645
664	2001-10-26	4.9	0.0111355161669
665	2001-10-27	4.82	0.0109311947694
666	2001-10-28	4.74	0.0107268733718
667	2001-10-29	4.66	0.0105225519743
668	2001-10-30	4.58	0.0103182305767
669	2001-10-31	4.5	0.0101139091791
670	2001-11-01	4.43	0.00993512795628
671	2001-11-02	4.35	0.00973080655872
672	2001-11-03	4.28	0.00955202533585
673	2001-11-04	4.21	0.00937324411299
674	2001-11-05	4.14	0.00919446289013
675	2001-11-06	4.07	0.00901568166726
676	2001-11-07	4.0	0.0088369004444
677	2001-11-08	3.94	0.00868365939623
678	2001-11-09	3.87	0.00850487817337
679	2001-11-10	3.81	0.0083516371252
680	2001-11-11	3.74	0.00817285590233
681	2001-11-12	3.68	0.00801961485417
682	2001-11-13	19.5	0.0484241712213
683	2001-11-14	119.58	0.304030239567
684	2001-11-15	5.62	0.012974408745
685	2001-11-16	5.52	0.012719006998
686	2001-11-17	5.43	0.0124891454258
687	2001-11-18	5.34	0.0122592838535
688	2001-11-19	8.76	0.0209940235991
689	2001-11-20	5.22	0.0119528017572
690	2001-11-21	21.91	0.0545793533228
691	2001-11-22	22.53	0.0561628441539
692	2001-11-23	34.66	0.0871430760586
693	2001-11-24	5.89	0.0136639934617
694	2001-11-25	5.79	0.0134085917148
695	2001-11-26	5.69	0.0131531899678
696	2001-11-27	5.6	0.0129233283956
697	2001-11-28	5.5	0.0126679266486
698	2001-11-29	5.41	0.0124380650764
699	2001-11-30	5.32	0.0122082035041
700	2001-12-01	63.77	0.161490524595
701	2001-12-02	174.78	0.445012003882
702	2001-12-03	107.75	0.273816212903
703	2001-12-04	94.59	0.240205343005
704	2001-12-05	80.21	0.203478571793
705	2001-12-06	80.14	0.203299790571
706	2001-12-07	41.47	0.104535935026
707	2001-12-08	18.17	0.0450273279869
708	2001-12-09	32.58	0.0818307197221
709	2001-12-10	13.34	0.0326914236093
710	2001-12-11	13.12	0.0321295397661
711	2001-12-12	12.9	0.0315676559228
712	2001-12-13	12.69	0.0310313122542
713	2001-12-14	12.47	0.0304694284109
714	2001-12-15	12.27	0.029958624917
715	2001-12-16	12.06	0.0294222812484
716	2001-12-17	11.86	0.0289114777545
717	2001-12-18	11.66	0.0284006742606
718	2001-12-19	11.47	0.0279154109414
719	2001-12-20	11.28	0.0274301476222
720	2001-12-21	11.09	0.026944884303
721	2001-12-22	10.91	0.0264851611585
722	2001-12-23	10.72	0.0259998978393
723	2001-12-24	10.54	0.0255401746948
724	2001-12-25	10.37	0.025105991725
725	2001-12-26	168.33	0.428538591204
726	2001-12-27	56.02	0.141696889207
727	2001-12-28	13.07	0.0320018388926
728	2001-12-29	12.85	0.0314399550493
729	2001-12-30	12.63	0.030878071206
730	2001-12-31	12.42	0.0303417275374
731	2002-01-01	12.22	0.0298309240435
732	2002-01-02	80.17	0.203376411095
733	2002-01-03	50.33	0.127164529805
734	2002-01-04	13.3	0.0325892629106
735	2002-01-05	13.08	0.0320273790673
736	2002-01-06	12.86	0.031465495224
737	2002-01-07	12.65	0.0309291515554
738	2002-01-08	12.43	0.0303672677121
739	2002-01-09	12.23	0.0298564642182
740	2002-01-10	25.19	0.0629565306227
741	2002-01-11	47.72	0.12049854421
742	2002-01-12	12.41	0.0303161873627
743	2002-01-13	12.2	0.0297798436941
744	2002-01-14	12.0	0.0292690402002
745	2002-01-15	11.8	0.0287582367063
746	2002-01-16	11.6	0.0282474332124
747	2002-01-17	11.41	0.0277621698932
748	2002-01-18	11.22	0.027276906574
749	2002-01-19	11.03	0.0267916432548
750	2002-01-20	10.85	0.0263319201103
751	2002-01-21	10.67	0.0258721969658
752	2002-01-22	10.49	0.0254124738213
753	2002-01-23	10.32	0.0249782908515
754	2002-01-24	10.14	0.024518567707
755	2002-01-25	9.97	0.0240843847372
756	2002-01-26	9.81	0.0236757419421
757	2002-01-27	9.64	0.0232415589723
758	2002-01-28	49.85	0.12593860142
759	2002-01-29	96.64	0.245441078817
760	2002-01-30	62.12	0.157276395771
761	2002-01-31	30.44	0.0763651223374
762	2002-02-01	11.94	0.0291157991521
763	2002-02-02	11.74	0.0286049956582
764	2002-02-03	34.92	0.0878071206007
765	2002-02-04	42.6	0.107421974766
766	2002-02-05	35.17	0.0884456249681
767	2002-02-06	12.53	0.0306226694591
768	2002-02-07	12.01	0.0292945803749
769	2002-02-08	11.81	0.028783776881
770	2002-02-09	31.19	0.0782806354395
771	2002-02-10	55.31	0.139883536803
772	2002-02-11	75.1	0.190427542524
773	2002-02-12	13.05	0.0319507585432
774	2002-02-13	12.83	0.0313888746999
775	2002-02-14	12.62	0.0308525310313
776	2002-02-15	12.41	0.0303161873627
777	2002-02-16	12.2	0.0297798436941
778	2002-02-17	12.0	0.0292690402002
779	2002-02-18	11.8	0.0287582367063
780	2002-02-19	11.6	0.0282474332124
781	2002-02-20	11.41	0.0277621698932
782	2002-02-21	11.22	0.027276906574
783	2002-02-22	11.03	0.0267916432548
784	2002-02-23	10.85	0.0263319201103
785	2002-02-24	10.67	0.0258721969658
786	2002-02-25	10.49	0.0254124738213
787	2002-02-26	10.31	0.0249527506768
788	2002-02-27	90.69	0.230244674874
789	2002-02-28	16.98	0.0419880471982
790	2002-03-01	28.63	0.0717423507177
791	2002-03-02	15.17	0.0373652755785
792	2002-03-03	11.15	0.0270981253512
793	2002-03-04	22.55	0.0562139245032
794	2002-03-05	10.96	0.026612862032
795	2002-03-06	12.81	0.0313377943505
796	2002-03-07	36.8	0.0926086734433
797	2002-03-08	10.88	0.0264085406344
798	2002-03-09	10.7	0.0259488174899
799	2002-03-10	10.52	0.0254890943454
800	2002-03-11	10.34	0.0250293712009
801	2002-03-12	10.17	0.0245951882311
802	2002-03-13	10.0	0.0241610052613
803	2002-03-14	109.01	0.277034274914
804	2002-03-15	11.27	0.0274046074475
805	2002-03-16	11.08	0.0269193441283
806	2002-03-17	10.9	0.0264596209838
807	2002-03-18	10.72	0.0259998978393
808	2002-03-19	10.54	0.0255401746948
809	2002-03-20	10.36	0.0250804515503
810	2002-03-21	10.19	0.0246462685805
811	2002-03-22	10.02	0.0242120856107
812	2002-03-23	9.85	0.0237779026409
813	2002-03-24	9.69	0.0233692598457
814	2002-03-25	9.53	0.0229606170506
815	2002-03-26	9.37	0.0225519742555
816	2002-03-27	9.21	0.0221433314604
817	2002-03-28	9.06	0.02176022884
818	2002-03-29	8.91	0.0213771262195
819	2002-03-30	8.76	0.0209940235991
820	2002-03-31	8.61	0.0206109209787
821	2002-04-01	8.47	0.020253358533
822	2002-04-02	8.33	0.0198957960872
823	2002-04-03	8.19	0.0195382336415
824	2002-04-04	8.05	0.0191806711958
825	2002-04-05	7.92	0.0188486489248
826	2002-04-06	7.79	0.0185166266537
827	2002-04-07	7.66	0.0181846043827
828	2002-04-08	7.53	0.0178525821117
829	2002-04-09	7.4	0.0175205598406
830	2002-04-10	7.28	0.0172140777443
831	2002-04-11	15.25	0.037569596976
832	2002-04-12	7.17	0.0169331358226
833	2002-04-13	7.05	0.0166266537263
834	2002-04-14	162.43	0.413469888134
835	2002-04-15	14.3	0.03514328038
836	2002-04-16	9.25	0.0222454921592
837	2002-04-17	9.09	0.021836849364
838	2002-04-18	8.94	0.0214537467436
839	2002-04-19	8.79	0.0210706441232
840	2002-04-20	8.65	0.0207130816775
841	2002-04-21	8.5	0.0203299790571
842	2002-04-22	8.36	0.0199724166113
843	2002-04-23	8.22	0.0196148541656
844	2002-04-24	8.09	0.0192828318946
845	2002-04-25	7.95	0.0189252694488
846	2002-04-26	7.82	0.0185932471778
847	2002-04-27	7.69	0.0182612249068
848	2002-04-28	7.56	0.0179292026357
849	2002-04-29	7.43	0.0175971803647
850	2002-04-30	7.31	0.0172906982684
851	2002-05-01	7.19	0.016984216172
852	2002-05-02	7.07	0.0166777340757
853	2002-05-03	6.95	0.0163712519794
854	2002-05-04	6.83	0.016064769883
855	2002-05-05	8.17	0.0194871532921
856	2002-05-06	72.71	0.184323440772
857	2002-05-07	7.59	0.0180058231598
858	2002-05-08	7.46	0.0176738008888
859	2002-05-09	7.34	0.0173673187925
860	2002-05-10	7.21	0.0170352965214
861	2002-05-11	7.09	0.0167288144251
862	2002-05-12	6.98	0.0164478725034
863	2002-05-13	6.86	0.0161413904071
864	2002-05-14	52.3	0.13219594422
865	2002-05-15	7.37	0.0174439393165
866	2002-05-16	7.24	0.0171119170455
867	2002-05-17	7.12	0.0168054349492
868	2002-05-18	7.0	0.0164989528528
869	2002-05-19	6.89	0.0162180109312
870	2002-05-20	6.77	0.0159115288349
871	2002-05-21	13.5	0.0331000664045
872	2002-05-22	20.74	0.0515911528835
873	2002-05-23	6.78	0.0159370690096
874	2002-05-24	6.66	0.0156305869132
875	2002-05-25	6.55	0.0153496449916
876	2002-05-26	6.44	0.0150687030699
877	2002-05-27	6.33	0.0147877611483
878	2002-05-28	6.23	0.0145323594013
879	2002-05-29	6.13	0.0142769576544
880	2002-05-30	6.02	0.0139960157327
881	2002-05-31	5.92	0.0137406139858
882	2002-06-01	5.82	0.0134852122389
883	2002-06-02	5.73	0.0132553506666
884	2002-06-03	5.63	0.0129999489197
885	2002-06-04	5.54	0.0127700873474
886	2002-06-05	5.45	0.0125402257751
887	2002-06-06	5.35	0.0122848240282
888	2002-06-07	5.27	0.0120805026306
889	2002-06-08	5.18	0.0118506410584
890	2002-06-09	5.09	0.0116207794861
891	2002-06-10	5.01	0.0114164580886
892	2002-06-11	29.06	0.0728405782296
893	2002-06-12	24.07	0.0600960310569
894	2002-06-13	5.45	0.0125402257751
895	2002-06-14	5.36	0.0123103642029
896	2002-06-15	5.27	0.0120805026306
897	2002-06-16	5.18	0.0118506410584
898	2002-06-17	5.09	0.0116207794861
899	2002-06-18	5.01	0.0114164580886
900	2002-06-19	4.92	0.0111865965163
901	2002-06-20	4.84	0.0109822751188
902	2002-06-21	4.76	0.0107779537212
903	2002-06-22	4.68	0.0105736323236
904	2002-06-23	4.6	0.0103693109261
905	2002-06-24	4.53	0.0101905297032
906	2002-06-25	4.45	0.00998620830566
907	2002-06-26	4.38	0.0098074270828
908	2002-06-27	4.3	0.00960310568524
909	2002-06-28	86.73	0.220130765694
910	2002-06-29	39.64	0.0998620830566
911	2002-06-30	72.77	0.184476681821
912	2002-07-01	57.41	0.145246973489
913	2002-07-02	15.49	0.0381825611687
914	2002-07-03	7.63	0.0181079838586
915	2002-07-04	13.17	0.0322572406395
916	2002-07-05	74.01	0.187643663483
917	2002-07-06	8.41	0.0201001174848
918	2002-07-07	8.27	0.0197425550391
919	2002-07-08	8.14	0.019410532768
920	2002-07-09	8.0	0.0190529703223
921	2002-07-10	7.87	0.0187209480513
922	2002-07-11	93.31	0.236936200644
923	2002-07-12	8.99	0.0215814476171
924	2002-07-13	8.84	0.0211983449967
925	2002-07-14	8.69	0.0208152423763
926	2002-07-15	8.55	0.0204576799305
927	2002-07-16	8.4	0.0200745773101
928	2002-07-17	8.26	0.0197170148644
929	2002-07-18	8.12	0.0193594524187
930	2002-07-19	7.99	0.0190274301476
931	2002-07-20	7.86	0.0186954078766
932	2002-07-21	7.73	0.0183633856056
933	2002-07-22	7.6	0.0180313633345
934	2002-07-23	7.47	0.0176993410635
935	2002-07-24	19.92	0.0494968585585
936	2002-07-25	29.36	0.0736067834704
937	2002-07-26	7.66	0.0181846043827
938	2002-07-27	7.53	0.0178525821117
939	2002-07-28	7.4	0.0175205598406
940	2002-07-29	7.28	0.0172140777443
941	2002-07-30	7.16	0.016907595648
942	2002-07-31	7.04	0.0166011135516
943	2002-08-01	6.92	0.0162946314553
944	2002-08-02	6.81	0.0160136895336
945	2002-08-03	6.69	0.0157072074373
946	2002-08-04	6.58	0.0154262655157
947	2002-08-05	6.47	0.015145323594
948	2002-08-06	6.36	0.0148643816724
949	2002-08-07	6.26	0.0146089799254
950	2002-08-08	6.15	0.0143280380038
951	2002-08-09	6.05	0.0140726362568
952	2002-08-10	5.95	0.0138172345099
953	2002-08-11	5.85	0.0135618327629
954	2002-08-12	5.75	0.013306431016
955	2002-08-13	5.66	0.0130765694437
956	2002-08-14	5.56	0.0128211676968
957	2002-08-15	5.47	0.0125913061245
958	2002-08-16	5.38	0.0123614445523
959	2002-08-17	5.29	0.01213158298
960	2002-08-18	5.2	0.0119017214078
961	2002-08-19	5.11	0.0116718598355
962	2002-08-20	5.03	0.011467538438
963	2002-08-21	4.95	0.0112632170404
964	2002-08-22	4.86	0.0110333554682
965	2002-08-23	4.78	0.0108290340706
966	2002-08-24	4.7	0.010624712673
967	2002-08-25	4.62	0.0104203912755
968	2002-08-26	4.55	0.0102416100526
969	2002-08-27	4.47	0.0100372886551
970	2002-08-28	4.4	0.00985850743219
971	2002-08-29	119.26	0.303212953977
972	2002-08-30	105.93	0.269167901108
973	2002-08-31	7.61	0.0180569035092
974	2002-09-01	7.48	0.0177248812382
975	2002-09-02	7.36	0.0174183991419
976	2002-09-03	7.24	0.0171119170455
977	2002-09-04	7.12	0.0168054349492
978	2002-09-05	7.0	0.0164989528528
979	2002-09-06	6.88	0.0161924707565
980	2002-09-07	35.86	0.090207897022
981	2002-09-08	30.71	0.0770547070542
982	2002-09-09	7.38	0.0174694794912
983	2002-09-10	7.26	0.0171629973949
984	2002-09-11	7.14	0.0168565152986
985	2002-09-12	7.02	0.0165500332022
986	2002-09-13	6.9	0.0162435511059
987	2002-09-14	6.79	0.0159626091842
988	2002-09-15	6.68	0.0156816672626
989	2002-09-16	6.56	0.0153751851663
990	2002-09-17	67.53	0.17109363028
991	2002-09-18	7.33	0.0173417786178
992	2002-09-19	7.21	0.0170352965214
993	2002-09-20	7.09	0.0167288144251
994	2002-09-21	6.97	0.0164223323288
995	2002-09-22	6.86	0.0161413904071
996	2002-09-23	6.74	0.0158349083108
997	2002-09-24	6.63	0.0155539663891
998	2002-09-25	6.52	0.0152730244675
999	2002-09-26	6.41	0.0149920825458
1000	2002-09-27	6.3	0.0147111406242
1001	2002-09-28	6.2	0.0144557388773
1002	2002-09-29	6.09	0.0141747969556
1003	2002-09-30	5.99	0.0139193952087
1004	2002-10-01	5.89	0.0136639934617
1005	2002-10-02	20.85	0.0518720948051
1006	2002-10-03	5.94	0.0137916943352
1007	2002-10-04	5.84	0.0135362925882
1008	2002-10-05	5.74	0.0132808908413
1009	2002-10-06	31.49	0.0790468406804
1010	2002-10-07	101.88	0.258824130357
1011	2002-10-08	94.37	0.239643459161
1012	2002-10-09	9.58	0.0230883179241
1013	2002-10-10	8.57	0.0205087602799
1014	2002-10-11	8.42	0.0201256576595
1015	2002-10-12	8.28	0.0197680952138
1016	2002-10-13	8.14	0.019410532768
1017	2002-10-14	8.01	0.019078510497
1018	2002-10-15	18.52	0.0459212341012
1019	2002-10-16	7.92	0.0188486489248
1020	2002-10-17	7.78	0.018491086479
1021	2002-10-18	10.87	0.0263830004597
1022	2002-10-19	7.58	0.0179802829851
1023	2002-10-20	7.45	0.0176482607141
1024	2002-10-21	7.33	0.0173417786178
1025	2002-10-22	7.21	0.0170352965214
1026	2002-10-23	142.34	0.362159677172
1027	2002-10-24	20.69	0.05146345201
1028	2002-10-25	9.18	0.0220667109363
1029	2002-10-26	9.03	0.0216836083159
1030	2002-10-27	8.88	0.0213005056955
1031	2002-10-28	8.73	0.020917403075
1032	2002-10-29	8.58	0.0205343004546
1033	2002-10-30	8.44	0.0201767380089
1034	2002-10-31	8.3	0.0198191755632
1035	2002-11-01	8.16	0.0194616131174
1036	2002-11-02	8.03	0.0191295908464
1037	2002-11-03	7.89	0.0187720284007
1038	2002-11-04	23.04	0.0574653930633
1039	2002-11-05	36.01	0.0905909996424
1040	2002-11-06	8.2	0.0195637738162
1041	2002-11-07	8.06	0.0192062113705
1042	2002-11-08	7.93	0.0188741890995
1043	2002-11-09	7.8	0.0185421668284
1044	2002-11-10	7.67	0.0182101445574
1045	2002-11-11	7.54	0.0178781222864
1046	2002-11-12	7.41	0.0175461000153
1047	2002-11-13	7.29	0.017239617919
1048	2002-11-14	7.17	0.0169331358226
1049	2002-11-15	7.05	0.0166266537263
1050	2002-11-16	6.93	0.01632017163
1051	2002-11-17	6.82	0.0160392297083
1052	2002-11-18	6.7	0.015732747612
1053	2002-11-19	6.59	0.0154518056904
1054	2002-11-20	48.34	0.122082035041
1055	2002-11-21	7.05	0.0166266537263
1056	2002-11-22	6.93	0.01632017163
1057	2002-11-23	106.42	0.270419369668
1058	2002-11-24	14.15	0.0347601777596
1059	2002-11-25	8.26	0.0197170148644
1060	2002-11-26	8.12	0.0193594524187
1061	2002-11-27	7.99	0.0190274301476
1062	2002-11-28	7.86	0.0186954078766
1063	2002-11-29	7.73	0.0183633856056
1064	2002-11-30	7.6	0.0180313633345
1065	2002-12-01	7.47	0.0176993410635
1066	2002-12-02	7.35	0.0173928589672
1067	2002-12-03	7.22	0.0170608366961
1068	2002-12-04	65.04	0.164734126781
1069	2002-12-05	7.92	0.0188486489248
1070	2002-12-06	7.79	0.0185166266537
1071	2002-12-07	7.66	0.0181846043827
1072	2002-12-08	7.53	0.0178525821117
1073	2002-12-09	157.9	0.401900188997
1074	2002-12-10	9.71	0.0234203401951
1075	2002-12-11	9.54	0.0229861572253
1076	2002-12-12	9.39	0.0226030546049
1077	2002-12-13	9.23	0.0221944118098
1078	2002-12-14	9.07	0.0217857690147
1079	2002-12-15	8.92	0.0214026663942
1080	2002-12-16	21.62	0.0538386882566
1081	2002-12-17	45.05	0.113679317567
1082	2002-12-18	9.94	0.0240077642131
1083	2002-12-19	26.49	0.066276753333
1084	2002-12-20	75.21	0.190708484446
1085	2002-12-21	10.17	0.0245951882311
1086	2002-12-22	16.3	0.040251315319
1087	2002-12-23	9.93	0.0239822240384
1088	2002-12-24	9.77	0.0235735812433
1089	2002-12-25	9.6	0.0231393982735
1090	2002-12-26	9.44	0.0227307554784
1091	2002-12-27	9.28	0.0223221126833
1092	2002-12-28	9.13	0.0219390100628
1093	2002-12-29	8.98	0.0215559074424
1094	2002-12-30	8.83	0.021172804822
1095	2002-12-31	8.68	0.0207897022016
1096	2003-01-01	8.54	0.0204321397558
1097	2003-01-02	8.39	0.0200490371354
1098	2003-01-03	8.25	0.0196914746897
1099	2003-01-04	8.12	0.0193594524187
1100	2003-01-05	52.61	0.132987689636
1101	2003-01-06	8.57	0.0205087602799
1102	2003-01-07	8.43	0.0201511978342
1103	2003-01-08	8.28	0.0197680952138
1104	2003-01-09	58.64	0.148388414977
1105	2003-01-10	26.02	0.0650763651223
1106	2003-01-11	8.95	0.0214792869183
1107	2003-01-12	8.81	0.0211217244726
1108	2003-01-13	8.66	0.0207386218522
1109	2003-01-14	8.51	0.0203555192318
1110	2003-01-15	26.27	0.0657148694897
1111	2003-01-16	8.52	0.0203810594064
1112	2003-01-17	8.38	0.0200234969607
1113	2003-01-18	8.24	0.019665934515
1114	2003-01-19	161.67	0.411528834857
1115	2003-01-20	10.44	0.0252847729478
1116	2003-01-21	10.27	0.024850589978
1117	2003-01-22	10.1	0.0244164070082
1118	2003-01-23	9.93	0.0239822240384
1119	2003-01-24	9.76	0.0235480410686
1120	2003-01-25	9.6	0.0231393982735
1121	2003-01-26	9.44	0.0227307554784
1122	2003-01-27	9.28	0.0223221126833
1123	2003-01-28	9.13	0.0219390100628
1124	2003-01-29	8.98	0.0215559074424
1125	2003-01-30	8.83	0.021172804822
1126	2003-01-31	8.68	0.0207897022016
1127	2003-02-01	101.68	0.258313326863
1128	2003-02-02	29.2	0.0731981406753
1129	2003-02-03	10.04	0.0242631659601
1130	2003-02-04	9.87	0.0238289829902
1131	2003-02-05	12.91	0.0315931960975
1132	2003-02-06	45.95	0.115977933289
1133	2003-02-07	10.03	0.0242376257854
1134	2003-02-08	9.86	0.0238034428155
1135	2003-02-09	9.69	0.0233692598457
1136	2003-02-10	9.53	0.0229606170506
1137	2003-02-11	129.49	0.329340552689
1138	2003-02-12	11.15	0.0270981253512
1139	2003-02-13	19.38	0.048117689125
1140	2003-02-14	125.67	0.319584205956
1141	2003-02-15	12.59	0.0307759105072
1142	2003-02-16	12.38	0.0302395668386
1143	2003-02-17	12.17	0.02970322317
1144	2003-02-18	11.97	0.0291924196762
1145	2003-02-19	11.77	0.0286816161823
1146	2003-02-20	33.4	0.0839250140471
1147	2003-02-21	21.77	0.054221790877
1148	2003-02-22	138.92	0.353424937427
1149	2003-02-23	13.55	0.0332277672779
1150	2003-02-24	13.33	0.0326658834346
1151	2003-02-25	17.45	0.0431884354089
1152	2003-02-26	12.96	0.0317208969709
1153	2003-02-27	12.74	0.0311590131276
1154	2003-02-28	20.37	0.0506461664198
1155	2003-03-01	12.45	0.0304183480615
1156	2003-03-02	12.24	0.0298820043929
1157	2003-03-03	12.04	0.029371200899
1158	2003-03-04	35.85	0.0901823568473
1159	2003-03-05	41.25	0.103974051183
1160	2003-03-06	12.3	0.0300352454411
1161	2003-03-07	12.09	0.0294989017725
1162	2003-03-08	13.89	0.0340961332176
1163	2003-03-09	47.97	0.121137048577
1164	2003-03-10	12.11	0.0295499821219
1165	2003-03-11	11.91	0.029039178628
1166	2003-03-12	14.81	0.0364458292895
1167	2003-03-13	206.47	0.52594881749
1168	2003-03-14	14.52	0.0357051642233
1169	2003-03-15	14.27	0.035066659856
1170	2003-03-16	28.75	0.072048832814
1171	2003-03-17	14.04	0.034479235838
1172	2003-03-18	30.96	0.0776932114216
1173	2003-03-19	13.85	0.0339939725188
1174	2003-03-20	16.15	0.0398682126986
1175	2003-03-21	13.43	0.0329212851816
1176	2003-03-22	13.21	0.0323594013383
1177	2003-03-23	80.69	0.204704500179
1178	2003-03-24	13.87	0.0340450528682
1179	2003-03-25	13.63	0.0334320886755
1180	2003-03-26	45.11	0.113832558615
1181	2003-03-27	13.69	0.0335853297237
1182	2003-03-28	57.92	0.146549522399
1183	2003-03-29	121.85	0.309827859223
1184	2003-03-30	28.54	0.0715124891454
1185	2003-03-31	15.42	0.0380037799459
1186	2003-04-01	31.3	0.0785615773612
1187	2003-04-02	15.17	0.0373652755785
1188	2003-04-03	14.92	0.0367267712111
1189	2003-04-04	14.67	0.0360882668437
1190	2003-04-05	14.42	0.0354497624764
1191	2003-04-06	14.18	0.0348367982837
1192	2003-04-07	13.95	0.0342493742657
1193	2003-04-08	13.71	0.033636410073
1194	2003-04-09	13.49	0.0330745262298
1195	2003-04-10	13.26	0.0324871022118
1196	2003-04-11	13.04	0.0319252183685
1197	2003-04-12	12.82	0.0313633345252
1198	2003-04-13	12.61	0.0308269908566
1199	2003-04-14	12.4	0.030290647188
1200	2003-04-15	12.19	0.0297543035194
1201	2003-04-16	11.99	0.0292435000255
1202	2003-04-17	44.13	0.111329621495
1203	2003-04-18	30.33	0.0760841804158
1204	2003-04-19	12.21	0.0298053838688
1205	2003-04-20	12.0	0.0292690402002
1206	2003-04-21	11.8	0.0287582367063
1207	2003-04-22	20.01	0.0497267201308
1208	2003-04-23	11.55	0.028119732339
1209	2003-04-24	11.35	0.0276089288451
1210	2003-04-25	11.17	0.0271492057006
1211	2003-04-26	10.98	0.0266639423814
1212	2003-04-27	10.8	0.0262042192369
1213	2003-04-28	10.62	0.0257444960924
1214	2003-04-29	10.44	0.0252847729478
1215	2003-04-30	10.27	0.024850589978
1216	2003-05-01	16.6	0.0410175205598
1217	2003-05-02	10.03	0.0242376257854
1218	2003-05-03	9.86	0.0238034428155
1219	2003-05-04	9.7	0.0233948000204
1220	2003-05-05	9.54	0.0229861572253
1221	2003-05-06	9.38	0.0225775144302
1222	2003-05-07	15.04	0.0370332533075
1223	2003-05-08	9.16	0.0220156305869
1224	2003-05-09	9.01	0.0216325279665
1225	2003-05-10	8.86	0.0212494253461
1226	2003-05-11	8.71	0.0208663227256
1227	2003-05-12	8.57	0.0205087602799
1228	2003-05-13	8.42	0.0201256576595
1229	2003-05-14	8.28	0.0197680952138
1230	2003-05-15	8.15	0.0194360729427
1231	2003-05-16	8.01	0.019078510497
1232	2003-05-17	7.88	0.018746488226
1233	2003-05-18	7.74	0.0183889257803
1234	2003-05-19	7.62	0.0180824436839
1235	2003-05-20	7.49	0.0177504214129
1236	2003-05-21	7.36	0.0174183991419
1237	2003-05-22	7.24	0.0171119170455
1238	2003-05-23	7.12	0.0168054349492
1239	2003-05-24	7.0	0.0164989528528
1240	2003-05-25	6.89	0.0162180109312
1241	2003-05-26	17.76	0.0439801808244
1242	2003-05-27	6.83	0.016064769883
1243	2003-05-28	6.72	0.0157838279614
1244	2003-05-29	6.61	0.0155028860397
1245	2003-05-30	6.5	0.0152219441181
1246	2003-05-31	6.39	0.0149410021965
1247	2003-06-01	6.28	0.0146600602748
1248	2003-06-02	6.18	0.0144046585279
1249	2003-06-03	6.08	0.0141492567809
1250	2003-06-04	5.97	0.0138683148593
1251	2003-06-05	42.88	0.108137099658
1252	2003-06-06	29.82	0.0747816315064
1253	2003-06-07	6.65	0.0156050467385
1254	2003-06-08	6.53	0.0152985646422
1255	2003-06-09	6.43	0.0150431628952
1256	2003-06-10	6.32	0.0147622209736
1257	2003-06-11	6.21	0.0144812790519
1258	2003-06-12	6.11	0.014225877305
1259	2003-06-13	164.84	0.419625070235
1260	2003-06-14	14.1	0.0346324768861
1261	2003-06-15	8.42	0.0201256576595
1262	2003-06-16	8.28	0.0197680952138
1263	2003-06-17	8.14	0.019410532768
1264	2003-06-18	8.0	0.0190529703223
1265	2003-06-19	7.87	0.0187209480513
1266	2003-06-20	7.74	0.0183889257803
1267	2003-06-21	7.61	0.0180569035092
1268	2003-06-22	7.48	0.0177248812382
1269	2003-06-23	7.36	0.0174183991419
1270	2003-06-24	7.24	0.0171119170455
1271	2003-06-25	7.12	0.0168054349492
1272	2003-06-26	7.0	0.0164989528528
1273	2003-06-27	6.88	0.0161924707565
1274	2003-06-28	6.77	0.0159115288349
1275	2003-06-29	6.65	0.0156050467385
1276	2003-06-30	6.54	0.0153241048169
1277	2003-07-01	6.43	0.0150431628952
1278	2003-07-02	6.33	0.0147877611483
1279	2003-07-03	6.22	0.0145068192266
1280	2003-07-04	6.12	0.0142514174797
1281	2003-07-05	6.01	0.0139704755581
1282	2003-07-06	5.91	0.0137150738111
1283	2003-07-07	5.82	0.0134852122389
1284	2003-07-08	5.72	0.0132298104919
1285	2003-07-09	5.62	0.012974408745
1286	2003-07-10	5.53	0.0127445471727
1287	2003-07-11	168.67	0.429406957144
1288	2003-07-12	7.98	0.0190018899729
1289	2003-07-13	7.85	0.0186698677019
1290	2003-07-14	7.71	0.0183123052562
1291	2003-07-15	7.59	0.0180058231598
1292	2003-07-16	7.46	0.0176738008888
1293	2003-07-17	7.34	0.0173673187925
1294	2003-07-18	13.22	0.032384941513
1295	2003-07-19	7.19	0.016984216172
1296	2003-07-20	7.07	0.0166777340757
1297	2003-07-21	6.95	0.0163712519794
1298	2003-07-22	6.84	0.0160903100577
1299	2003-07-23	6.72	0.0157838279614
1300	2003-07-24	6.61	0.0155028860397
1301	2003-07-25	6.5	0.0152219441181
1302	2003-07-26	6.39	0.0149410021965
1303	2003-07-27	6.29	0.0146856004495
1304	2003-07-28	6.18	0.0144046585279
1305	2003-07-29	6.08	0.0141492567809
1306	2003-07-30	5.98	0.013893855034
1307	2003-07-31	5.88	0.013638453287
1308	2003-08-01	6.85	0.0161158502324
1309	2003-08-02	5.7	0.0131787301425
1310	2003-08-03	6.85	0.0161158502324
1311	2003-08-04	5.53	0.0127445471727
1312	2003-08-05	5.44	0.0125146856004
1313	2003-08-06	5.35	0.0122848240282
1314	2003-08-07	5.26	0.0120549624559
1315	2003-08-08	5.17	0.0118251008837
1316	2003-08-09	5.09	0.0116207794861
1317	2003-08-10	5.0	0.0113909179139
1318	2003-08-11	4.92	0.0111865965163
1319	2003-08-12	4.84	0.0109822751188
1320	2003-08-13	4.75	0.0107524135465
1321	2003-08-14	4.68	0.0105736323236
1322	2003-08-15	4.6	0.0103693109261
1323	2003-08-16	4.52	0.0101649895285
1324	2003-08-17	4.45	0.00998620830566
1325	2003-08-18	4.37	0.00978188690811
1326	2003-08-19	4.3	0.00960310568524
1327	2003-08-20	4.23	0.00942432446238
1328	2003-08-21	4.16	0.00924554323952
1329	2003-08-22	4.09	0.00906676201665
1330	2003-08-23	4.02	0.00888798079379
1331	2003-08-24	3.95	0.00870919957093
1332	2003-08-25	3.89	0.00855595852276
1333	2003-08-26	3.82	0.00837717729989
1334	2003-08-27	3.76	0.00822393625172
1335	2003-08-28	3.7	0.00807069520356
1336	2003-08-29	3.63	0.00789191398069
1337	2003-08-30	3.57	0.00773867293252
1338	2003-08-31	3.51	0.00758543188435
1339	2003-09-01	3.46	0.00745773101088
1340	2003-09-02	3.4	0.00730448996271
1341	2003-09-03	3.34	0.00715124891454
1342	2003-09-04	3.29	0.00702354804107
1343	2003-09-05	3.23	0.0068703069929
1344	2003-09-06	19.79	0.0491648362875
1345	2003-09-07	3.39	0.00727894978802
1346	2003-09-08	3.33	0.00712570873985
1347	2003-09-09	3.28	0.00699800786637
1348	2003-09-10	3.22	0.00684476681821
1349	2003-09-11	3.17	0.00671706594473
1350	2003-09-12	74.04	0.187720284007
1351	2003-09-13	36.17	0.0909996424376
1352	2003-09-14	4.65	0.0104970117996
1353	2003-09-15	4.58	0.0103182305767
1354	2003-09-16	4.5	0.0101139091791
1355	2003-09-17	4.43	0.00993512795628
1356	2003-09-18	4.35	0.00973080655872
1357	2003-09-19	4.28	0.00955202533585
1358	2003-09-20	4.21	0.00937324411299
1359	2003-09-21	4.14	0.00919446289013
1360	2003-09-22	4.07	0.00901568166726
1361	2003-09-23	4.0	0.0088369004444
1362	2003-09-24	3.93	0.00865811922154
1363	2003-09-25	3.87	0.00850487817337
1364	2003-09-26	3.8	0.0083260969505
1365	2003-09-27	3.74	0.00817285590233
1366	2003-09-28	3.68	0.00801961485417
1367	2003-09-29	3.62	0.007866373806
1368	2003-09-30	3.56	0.00771313275783
1369	2003-10-01	3.5	0.00755989170966
1370	2003-10-02	3.44	0.00740665066149
1371	2003-10-03	3.38	0.00725340961332
1372	2003-10-04	3.33	0.00712570873985
1373	2003-10-05	3.27	0.00697246769168
1374	2003-10-06	3.22	0.00684476681821
1375	2003-10-07	3.16	0.00669152577004
1376	2003-10-08	3.11	0.00656382489656
1377	2003-10-09	3.06	0.00643612402309
1378	2003-10-10	3.01	0.00630842314961
1379	2003-10-11	2.96	0.00618072227614
1380	2003-10-12	2.91	0.00605302140267
1381	2003-10-13	2.86	0.00592532052919
1382	2003-10-14	2.81	0.00579761965572
1383	2003-10-15	2.76	0.00566991878224
1384	2003-10-16	2.72	0.00556775808347
1385	2003-10-17	2.67	0.00544005720999
1386	2003-10-18	2.63	0.00533789651121
1387	2003-10-19	2.58	0.00521019563774
1388	2003-10-20	2.54	0.00510803493896
1389	2003-10-21	2.5	0.00500587424018
1390	2003-10-22	2.46	0.0049037135414
1391	2003-10-23	2.42	0.00480155284262
1392	2003-10-24	2.38	0.00469939214384
1393	2003-10-25	2.34	0.00459723144506
1394	2003-10-26	2.3	0.00449507074628
1395	2003-10-27	2.26	0.0043929100475
1396	2003-10-28	2.22	0.00429074934873
1397	2003-10-29	2.18	0.00418858864995
1398	2003-10-30	2.15	0.00411196812586
1399	2003-10-31	2.11	0.00400980742708
1400	2003-11-01	2.08	0.003933186903
1401	2003-11-02	2.04	0.00383102620422
1402	2003-11-03	2.01	0.00375440568013
1403	2003-11-04	1.98	0.00367778515605
1404	2003-11-05	1.94	0.00357562445727
1405	2003-11-06	1.91	0.00349900393319
1406	2003-11-07	1.88	0.0034223834091
1407	2003-11-08	1.85	0.00334576288502
1408	2003-11-09	1.82	0.00326914236093
1409	2003-11-10	49.64	0.125402257751
1410	2003-11-11	2.53	0.00508249476426
1411	2003-11-12	2.49	0.00498033406549
1412	2003-11-13	2.44	0.00485263319201
1413	2003-11-14	2.4	0.00475047249323
1414	2003-11-15	2.36	0.00464831179445
1415	2003-11-16	2.32	0.00454615109567
1416	2003-11-17	147.68	0.375798130459
1417	2003-11-18	4.59	0.0103437707514
1418	2003-11-19	4.51	0.0101394493538
1419	2003-11-20	4.44	0.00996066813097
1420	2003-11-21	4.36	0.00975634673341
1421	2003-11-22	4.29	0.00957756551055
1422	2003-11-23	4.22	0.00939878428768
1423	2003-11-24	4.15	0.00922000306482
1424	2003-11-25	4.08	0.00904122184196
1425	2003-11-26	65.13	0.164963988354
1426	2003-11-27	4.93	0.011212136691
1427	2003-11-28	4.85	0.0110078152935
1428	2003-11-29	4.77	0.0108034938959
1429	2003-11-30	4.69	0.0105991724983
1430	2003-12-01	4.61	0.0103948511008
1431	2003-12-02	4.53	0.0101905297032
1432	2003-12-03	4.46	0.0100117484804
1433	2003-12-04	106.4	0.270368289319
1434	2003-12-05	66.38	0.168156510191
1435	2003-12-06	6.83	0.016064769883
1436	2003-12-07	6.72	0.0157838279614
1437	2003-12-08	6.6	0.015477345865
1438	2003-12-09	6.49	0.0151964039434
1439	2003-12-10	25.77	0.064437860755
1440	2003-12-11	6.59	0.0154518056904
1441	2003-12-12	6.48	0.0151708637687
1442	2003-12-13	6.37	0.0148899218471
1443	2003-12-14	6.27	0.0146345201001
1444	2003-12-15	6.16	0.0143535781785
1445	2003-12-16	6.06	0.0140981764315
1446	2003-12-17	5.96	0.0138427746846
1447	2003-12-18	5.86	0.0135873729376
1448	2003-12-19	46.66	0.117791285692
1449	2003-12-20	25.52	0.0637993563876
1450	2003-12-21	6.53	0.0152985646422
1451	2003-12-22	6.42	0.0150176227205
1452	2003-12-23	6.31	0.0147366807989
1453	2003-12-24	14.58	0.0358584052715
1454	2003-12-25	6.24	0.014557899576
1455	2003-12-26	87.73	0.222684783164
1456	2003-12-27	51.31	0.129667466925
1457	2003-12-28	14.65	0.0360371864944
1458	2003-12-29	7.91	0.0188231087501
1459	2003-12-30	35.97	0.0904888389437
1460	2003-12-31	78.22	0.198396077029
1461	2004-01-01	9.1	0.0218623895387
1462	2004-01-02	174.31	0.443811615671
1463	2004-01-03	11.96	0.0291668795015
1464	2004-01-04	11.28	0.0274301476222
1465	2004-01-05	11.09	0.026944884303
1466	2004-01-06	62.39	0.157965980487
1467	2004-01-07	11.56	0.0281452725137
1468	2004-01-08	11.36	0.0276344690198
1469	2004-01-09	11.17	0.0271492057006
1470	2004-01-10	10.99	0.0266894825561
1471	2004-01-11	10.81	0.0262297594116
1472	2004-01-12	10.63	0.025770036267
1473	2004-01-13	10.45	0.0253103131225
1474	2004-01-14	10.27	0.024850589978
1475	2004-01-15	10.1	0.0244164070082
1476	2004-01-16	9.93	0.0239822240384
1477	2004-01-17	9.77	0.0235735812433
1478	2004-01-18	126.86	0.322623486745
1479	2004-01-19	11.34	0.0275833886704
1480	2004-01-20	11.15	0.0270981253512
1481	2004-01-21	10.96	0.026612862032
1482	2004-01-22	54.31	0.137329519334
1483	2004-01-23	11.3	0.0274812279716
1484	2004-01-24	11.11	0.0269959646524
1485	2004-01-25	10.93	0.0265362415079
1486	2004-01-26	10.74	0.0260509781887
1487	2004-01-27	10.57	0.0256167952189
1488	2004-01-28	10.39	0.0251570720744
1489	2004-01-29	10.22	0.0247228891046
1490	2004-01-30	10.05	0.0242887061347
1491	2004-01-31	9.88	0.0238545231649
1492	2004-02-01	9.71	0.0234203401951
1493	2004-02-02	9.55	0.0230116974
1494	2004-02-03	9.39	0.0226030546049
1495	2004-02-04	9.24	0.0222199519845
1496	2004-02-05	9.08	0.0218113091894
1497	2004-02-06	49.03	0.123844307095
1498	2004-02-07	15.17	0.0373652755785
1499	2004-02-08	9.36	0.0225264340808
1500	2004-02-09	9.21	0.0221433314604
1501	2004-02-10	9.05	0.0217346886653
1502	2004-02-11	8.9	0.0213515860448
1503	2004-02-12	8.76	0.0209940235991
1504	2004-02-13	187.14	0.476579659805
1505	2004-02-14	11.34	0.0275833886704
1506	2004-02-15	11.15	0.0270981253512
1507	2004-02-16	10.97	0.0266384022067
1508	2004-02-17	10.79	0.0261786790622
1509	2004-02-18	39.36	0.0991469581652
1510	2004-02-19	21.11	0.0525361393472
1511	2004-02-20	10.88	0.0264085406344
1512	2004-02-21	39.99	0.100755989171
1513	2004-02-22	153.27	0.390075088114
1514	2004-02-23	69.19	0.17533329928
1515	2004-02-24	24.06	0.0600704908822
1516	2004-02-25	21.41	0.053302344588
1517	2004-02-26	38.33	0.0965163201716
1518	2004-02-27	18.23	0.0451805690351
1519	2004-02-28	121.18	0.308116667518
1520	2004-02-29	15.14	0.0372886550544
1521	2004-03-01	14.88	0.0366246105123
1522	2004-03-02	16.3	0.040251315319
1523	2004-03-03	15.49	0.0381825611687
1524	2004-03-04	56.67	0.143357000562
1525	2004-03-05	21.26	0.0529192419676
1526	2004-03-06	14.51	0.0356796240486
1527	2004-03-07	14.26	0.0350411196813
1528	2004-03-08	14.03	0.0344536956633
1529	2004-03-09	13.79	0.0338407314706
1530	2004-03-10	13.56	0.0332533074526
1531	2004-03-11	70.31	0.178193798846
1532	2004-03-12	28.56	0.0715635694948
1533	2004-03-13	14.03	0.0344536956633
1534	2004-03-14	13.8	0.0338662716453
1535	2004-03-15	68.58	0.173775348623
1536	2004-03-16	230.09	0.586274710119
1537	2004-03-17	17.47	0.0432395157583
1538	2004-03-18	17.18	0.0424988506921
1539	2004-03-19	16.9	0.0417837258007
1540	2004-03-20	16.61	0.0410430607345
1541	2004-03-21	16.34	0.0403534760178
1542	2004-03-22	16.06	0.0396383511263
1543	2004-03-23	15.81	0.038999846759
1544	2004-03-24	31.17	0.0782295550902
1545	2004-03-25	15.53	0.0382847218675
1546	2004-03-26	15.27	0.0376206773254
1547	2004-03-27	15.01	0.0369566327834
1548	2004-03-28	14.76	0.036318128416
1549	2004-03-29	14.52	0.0357051642233
1550	2004-03-30	14.28	0.0350922000306
1551	2004-03-31	14.04	0.034479235838
1552	2004-04-01	13.8	0.0338662716453
1553	2004-04-02	13.57	0.0332788476273
1554	2004-04-03	23.32	0.0581805179547
1555	2004-04-04	13.45	0.032972365531
1556	2004-04-05	13.07	0.0320018388926
1557	2004-04-06	12.85	0.0314399550493
1558	2004-04-07	12.63	0.030878071206
1559	2004-04-08	20.42	0.0507738672933
1560	2004-04-09	14.43	0.0354753026511
1561	2004-04-10	138.39	0.352071308168
1562	2004-04-11	45.44	0.11467538438
1563	2004-04-12	62.51	0.158272462584
1564	2004-04-13	14.82	0.0364713694642
1565	2004-04-14	14.57	0.0358328650968
1566	2004-04-15	14.33	0.0352199009041
1567	2004-04-16	14.09	0.0346069367114
1568	2004-04-17	22.37	0.0557542013587
1569	2004-04-18	13.76	0.0337641109465
1570	2004-04-19	13.53	0.0331766869285
1571	2004-04-20	28.34	0.0710016856515
1572	2004-04-21	13.33	0.0326658834346
1573	2004-04-22	13.1	0.0320784594167
1574	2004-04-23	15.72	0.0387699851867
1575	2004-04-24	12.72	0.0311079327783
1576	2004-04-25	95.79	0.243270163968
1577	2004-04-26	13.64	0.0334576288502
1578	2004-04-27	13.41	0.0328702048322
1579	2004-04-28	14.12	0.0346835572355
1580	2004-04-29	12.98	0.0317719773203
1581	2004-04-30	46.69	0.117867906216
1582	2004-05-01	13.1	0.0320784594167
1583	2004-05-02	12.88	0.0315165755734
1584	2004-05-03	12.67	0.0309802319048
1585	2004-05-04	12.46	0.0304438882362
1586	2004-05-05	12.25	0.0299075445676
1587	2004-05-06	80.16	0.20335087092
1588	2004-05-07	22.58	0.0562905450273
1589	2004-05-08	12.88	0.0315165755734
1590	2004-05-09	12.67	0.0309802319048
1591	2004-05-10	18.67	0.0463043367217
1592	2004-05-11	55.4	0.140113398376
1593	2004-05-12	12.84	0.0314144148746
1594	2004-05-13	12.62	0.0308525310313
1595	2004-05-14	12.41	0.0303161873627
1596	2004-05-15	12.21	0.0298053838688
1597	2004-05-16	12.0	0.0292690402002
1598	2004-05-17	11.8	0.0287582367063
1599	2004-05-18	11.61	0.0282729733871
1600	2004-05-19	11.41	0.0277621698932
1601	2004-05-20	11.22	0.027276906574
1602	2004-05-21	11.04	0.0268171834295
1603	2004-05-22	10.97	0.0266384022067
1604	2004-05-23	10.67	0.0258721969658
1605	2004-05-24	10.49	0.0254124738213
1606	2004-05-25	10.32	0.0249782908515
1607	2004-05-26	10.15	0.0245441078817
1608	2004-05-27	9.98	0.0241099249119
1609	2004-05-28	9.81	0.0236757419421
1610	2004-05-29	29.4	0.0737089441692
1611	2004-05-30	28.0	0.0701333197119
1612	2004-05-31	9.94	0.0240077642131
1613	2004-06-01	9.77	0.0235735812433
1614	2004-06-02	9.61	0.0231649384482
1615	2004-06-03	9.45	0.0227562956531
1616	2004-06-04	9.29	0.0223476528579
1617	2004-06-05	9.14	0.0219645502375
1618	2004-06-06	8.98	0.0215559074424
1619	2004-06-07	8.83	0.021172804822
1620	2004-06-08	8.69	0.0208152423763
1621	2004-06-09	48.99	0.123742146396
1622	2004-06-10	9.05	0.0217346886653
1623	2004-06-11	8.9	0.0213515860448
1624	2004-06-12	8.75	0.0209684834244
1625	2004-06-13	8.61	0.0206109209787
1626	2004-06-14	8.46	0.0202278183583
1627	2004-06-15	8.32	0.0198702559126
1628	2004-06-16	8.22	0.0196148541656
1629	2004-06-17	8.05	0.0191806711958
1630	2004-06-18	7.91	0.0188231087501
1631	2004-06-19	7.78	0.018491086479
1632	2004-06-20	7.65	0.018159064208
1633	2004-06-21	7.52	0.017827041937
1634	2004-06-22	7.58	0.0179802829851
1635	2004-06-23	12.73	0.031133472953
1636	2004-06-24	7.24	0.0171119170455
1637	2004-06-25	7.12	0.0168054349492
1638	2004-06-26	7.01	0.0165244930275
1639	2004-06-27	39.53	0.099581141135
1640	2004-06-28	58.34	0.147622209736
1641	2004-06-29	8.0	0.0190529703223
1642	2004-06-30	7.87	0.0187209480513
1643	2004-07-01	25.19	0.0629565306227
1644	2004-07-02	24.03	0.0599938703581
1645	2004-07-03	8.02	0.0191040506717
1646	2004-07-04	7.88	0.018746488226
1647	2004-07-05	34.09	0.085687286101
1648	2004-07-06	17.15	0.0424222301681
1649	2004-07-07	8.06	0.0192062113705
1650	2004-07-08	7.93	0.0188741890995
1651	2004-07-09	7.79	0.0185166266537
1652	2004-07-10	7.66	0.0181846043827
1653	2004-07-11	7.54	0.0178781222864
1654	2004-07-12	7.41	0.0175461000153
1655	2004-07-13	7.29	0.017239617919
1656	2004-07-14	7.17	0.0169331358226
1657	2004-07-15	7.05	0.0166266537263
1658	2004-07-16	6.93	0.01632017163
1659	2004-07-17	6.81	0.0160136895336
1660	2004-07-18	6.7	0.015732747612
1661	2004-07-19	6.59	0.0154518056904
1662	2004-07-20	6.48	0.0151708637687
1663	2004-07-21	6.37	0.0148899218471
1664	2004-07-22	6.26	0.0146089799254
1665	2004-07-23	6.16	0.0143535781785
1666	2004-07-24	6.06	0.0140981764315
1667	2004-07-25	5.96	0.0138427746846
1668	2004-07-26	5.86	0.0135873729376
1669	2004-07-27	5.76	0.0133319711907
1670	2004-07-28	5.66	0.0130765694437
1671	2004-07-29	5.57	0.0128467078715
1672	2004-07-30	5.48	0.0126168462992
1673	2004-07-31	5.38	0.0123614445523
1674	2004-08-01	5.3	0.0121571231547
1675	2004-08-02	5.21	0.0119272615825
1676	2004-08-03	5.12	0.0116974000102
1677	2004-08-04	5.03	0.011467538438
1678	2004-08-05	4.95	0.0112632170404
1679	2004-08-06	4.87	0.0110588956428
1680	2004-08-07	4.79	0.0108545742453
1681	2004-08-08	4.71	0.0106502528477
1682	2004-08-09	4.63	0.0104459314502
1683	2004-08-10	4.55	0.0102416100526
1684	2004-08-11	4.48	0.0100628288297
1685	2004-08-12	4.4	0.00985850743219
1686	2004-08-13	4.33	0.00967972620933
1687	2004-08-14	4.26	0.00950094498646
1688	2004-08-15	4.18	0.00929662358891
1689	2004-08-16	4.12	0.00914338254074
1690	2004-08-17	4.05	0.00896460131787
1691	2004-08-18	3.98	0.00878582009501
1692	2004-08-19	3.91	0.00860703887215
1693	2004-08-20	3.85	0.00845379782398
1694	2004-08-21	3.78	0.00827501660111
1695	2004-08-22	3.72	0.00812177555294
1696	2004-08-23	3.66	0.00796853450478
1697	2004-08-24	3.6	0.00781529345661
1698	2004-08-25	3.54	0.00766205240844
1699	2004-08-26	3.48	0.00750881136027
1700	2004-08-27	3.42	0.0073555703121
1701	2004-08-28	3.36	0.00720232926393
1702	2004-08-29	3.31	0.00707462839046
1703	2004-08-30	3.25	0.00692138734229
1704	2004-08-31	3.2	0.00679368646882
1705	2004-09-01	3.14	0.00664044542065
1706	2004-09-02	3.09	0.00651274454717
1707	2004-09-03	3.04	0.0063850436737
1708	2004-09-04	2.99	0.00625734280022
1709	2004-09-05	2.94	0.00612964192675
1710	2004-09-06	2.89	0.00600194105328
1711	2004-09-07	2.84	0.0058742401798
1712	2004-09-08	2.8	0.00577207948102
1713	2004-09-09	2.75	0.00564437860755
1714	2004-09-10	2.7	0.00551667773408
1715	2004-09-11	2.66	0.0054145170353
1716	2004-09-12	2.61	0.00528681616182
1717	2004-09-13	2.57	0.00518465546304
1718	2004-09-14	2.53	0.00508249476426
1719	2004-09-15	2.49	0.00498033406549
1720	2004-09-16	2.44	0.00485263319201
1721	2004-09-17	2.4	0.00475047249323
1722	2004-09-18	2.36	0.00464831179445
1723	2004-09-19	2.32	0.00454615109567
1724	2004-09-20	2.29	0.00446953057159
1725	2004-09-21	2.25	0.00436736987281
1726	2004-09-22	2.21	0.00426520917403
1727	2004-09-23	2.17	0.00416304847525
1728	2004-09-24	2.14	0.00408642795117
1729	2004-09-25	2.1	0.00398426725239
1730	2004-09-26	2.07	0.0039076467283
1731	2004-09-27	2.03	0.00380548602952
1732	2004-09-28	2.0	0.00372886550544
1733	2004-09-29	1.96	0.00362670480666
1734	2004-09-30	1.93	0.00355008428258
1735	2004-10-01	1.9	0.00347346375849
1736	2004-10-02	1.87	0.00339684323441
1737	2004-10-03	1.84	0.00332022271032
1738	2004-10-04	1.81	0.00324360218624
1739	2004-10-05	1.78	0.00316698166215
1740	2004-10-06	1.75	0.00309036113807
1741	2004-10-07	1.72	0.00301374061399
1742	2004-10-08	1.69	0.0029371200899
1743	2004-10-09	1.66	0.00286049956582
1744	2004-10-10	1.63	0.00278387904173
1745	2004-10-11	1.61	0.00273279869234
1746	2004-10-12	1.58	0.00265617816826
1747	2004-10-13	1.55	0.00257955764417
1748	2004-10-14	1.53	0.00252847729478
1749	2004-10-15	1.5	0.0024518567707
1750	2004-10-16	1.48	0.00240077642131
1751	2004-10-17	1.45	0.00232415589723
1752	2004-10-18	1.43	0.00227307554784
1753	2004-10-19	1.69	0.0029371200899
1754	2004-10-20	1.38	0.00214537467436
1755	2004-10-21	1.36	0.00209429432497
1756	2004-10-22	1.34	0.00204321397558
1757	2004-10-23	1.32	0.00199213362619
1758	2004-10-24	1.29	0.00191551310211
1759	2004-10-25	1.27	0.00186443275272
1760	2004-10-26	83.7	0.212392092762
1761	2004-10-27	14.39	0.0353731419523
1762	2004-10-28	2.71	0.00554221790877
1763	2004-10-29	57.8	0.146243040302
1764	2004-10-30	33.06	0.0830566481075
1765	2004-10-31	5.17	0.0118251008837
1766	2004-11-01	3.88	0.00853041834806
1767	2004-11-02	42.46	0.107064412321
1768	2004-11-03	96.96	0.246258364407
1769	2004-11-04	5.79	0.0134085917148
1770	2004-11-05	5.7	0.0131787301425
1771	2004-11-06	24.39	0.0609133166471
1772	2004-11-07	74.09	0.18784798488
1773	2004-11-08	6.82	0.0160392297083
1774	2004-11-09	6.7	0.015732747612
1775	2004-11-10	6.59	0.0154518056904
1776	2004-11-11	6.48	0.0151708637687
1777	2004-11-12	6.37	0.0148899218471
1778	2004-11-13	6.27	0.0146345201001
1779	2004-11-14	6.16	0.0143535781785
1780	2004-11-15	6.06	0.0140981764315
1781	2004-11-16	105.28	0.267507789753
1782	2004-11-17	7.46	0.0176738008888
1783	2004-11-18	7.34	0.0173673187925
1784	2004-11-19	7.21	0.0170352965214
1785	2004-11-20	7.09	0.0167288144251
1786	2004-11-21	6.98	0.0164478725034
1787	2004-11-22	6.86	0.0161413904071
1788	2004-11-23	6.74	0.0158349083108
1789	2004-11-24	6.63	0.0155539663891
1790	2004-11-25	6.52	0.0152730244675
1791	2004-11-26	6.41	0.0149920825458
1792	2004-11-27	41.1	0.103590948562
1793	2004-11-28	68.64	0.173928589672
1794	2004-11-29	7.65	0.018159064208
1795	2004-11-30	7.52	0.017827041937
1796	2004-12-01	7.39	0.0174950196659
1797	2004-12-02	7.27	0.0171885375696
1798	2004-12-03	7.15	0.0168820554733
1799	2004-12-04	54.83	0.138657608418
1800	2004-12-05	7.68	0.0182356847321
1801	2004-12-06	7.56	0.0179292026357
1802	2004-12-07	7.43	0.0175971803647
1803	2004-12-08	7.31	0.0172906982684
1804	2004-12-09	7.18	0.0169586759973
1805	2004-12-10	7.06	0.016652193901
1806	2004-12-11	7.97	0.0189763497982
1807	2004-12-12	105.74	0.268682637789
1808	2004-12-13	8.33	0.0198957960872
1809	2004-12-14	8.19	0.0195382336415
1810	2004-12-15	8.05	0.0191806711958
1811	2004-12-16	7.92	0.0188486489248
1812	2004-12-17	7.79	0.0185166266537
1813	2004-12-18	7.66	0.0181846043827
1814	2004-12-19	7.53	0.0178525821117
1815	2004-12-20	7.4	0.0175205598406
1816	2004-12-21	7.28	0.0172140777443
1817	2004-12-22	7.16	0.016907595648
1818	2004-12-23	7.04	0.0166011135516
1819	2004-12-24	6.92	0.0162946314553
1820	2004-12-25	6.81	0.0160136895336
1821	2004-12-26	6.69	0.0157072074373
1822	2004-12-27	6.58	0.0154262655157
1823	2004-12-28	6.47	0.015145323594
1824	2004-12-29	6.36	0.0148643816724
1825	2004-12-30	6.26	0.0146089799254
1826	2004-12-31	6.15	0.0143280380038
1827	2005-01-01	6.05	0.0140726362568
1828	2005-01-02	5.95	0.0138172345099
1829	2005-01-03	5.85	0.0135618327629
1830	2005-01-04	28.09	0.0703631812842
1831	2005-01-05	6.02	0.0139960157327
1832	2005-01-06	5.92	0.0137406139858
1833	2005-01-07	5.82	0.0134852122389
1834	2005-01-08	5.72	0.0132298104919
1835	2005-01-09	5.63	0.0129999489197
1836	2005-01-10	5.53	0.0127445471727
1837	2005-01-11	5.44	0.0125146856004
1838	2005-01-12	39.06	0.0983807529244
1839	2005-01-13	31.47	0.078995760331
1840	2005-01-14	6.12	0.0142514174797
1841	2005-01-15	9.45	0.0227562956531
1842	2005-01-16	5.97	0.0138683148593
1843	2005-01-17	64.64	0.163712519794
1844	2005-01-18	6.72	0.0157838279614
1845	2005-01-19	6.61	0.0155028860397
1846	2005-01-20	6.5	0.0152219441181
1847	2005-01-21	6.39	0.0149410021965
1848	2005-01-22	6.29	0.0146856004495
1849	2005-01-23	6.18	0.0144046585279
1850	2005-01-24	230.53	0.587398477806
1851	2005-01-25	58.88	0.149001379169
1852	2005-01-26	10.23	0.0247484292793
1853	2005-01-27	10.06	0.0243142463094
1854	2005-01-28	61.06	0.154569137253
1855	2005-01-29	10.55	0.0255657148695
1856	2005-01-30	10.38	0.0251315318997
1857	2005-01-31	10.2	0.0246718087552
1858	2005-02-01	10.03	0.0242376257854
1859	2005-02-02	9.87	0.0238289829902
1860	2005-02-03	9.7	0.0233948000204
1861	2005-02-04	9.54	0.0229861572253
1862	2005-02-05	9.38	0.0225775144302
1863	2005-02-06	9.22	0.0221688716351
1864	2005-02-07	9.07	0.0217857690147
1865	2005-02-08	8.92	0.0214026663942
1866	2005-02-09	89.56	0.227358635133
1867	2005-02-10	9.93	0.0239822240384
1868	2005-02-11	9.76	0.0235480410686
1869	2005-02-12	9.6	0.0231393982735
1870	2005-02-13	241.79	0.616156714512
1871	2005-02-14	13.03	0.0318996781938
1872	2005-02-15	39.45	0.0993768197374
1873	2005-02-16	21.74	0.054145170353
1874	2005-02-17	82.4	0.209071870052
1875	2005-02-18	25.75	0.0643867804056
1876	2005-02-19	13.81	0.03389181182
1877	2005-02-20	13.58	0.033304387802
1878	2005-02-21	13.36	0.0327425039587
1879	2005-02-22	13.13	0.0321550799407
1880	2005-02-23	12.92	0.0316187362722
1881	2005-02-24	12.7	0.0310568524289
1882	2005-02-25	34.92	0.0878071206007
1883	2005-02-26	30.16	0.075649997446
1884	2005-02-27	112.07	0.284849568371
1885	2005-02-28	14.1	0.0346324768861
1886	2005-03-01	13.87	0.0340450528682
1887	2005-03-02	13.64	0.0334576288502
1888	2005-03-03	13.41	0.0328702048322
1889	2005-03-04	13.19	0.0323083209889
1890	2005-03-05	12.97	0.0317464371456
1891	2005-03-06	73.01	0.185089646013
1892	2005-03-07	114.58	0.291260152219
1893	2005-03-08	14.91	0.0367012310364
1894	2005-03-09	14.66	0.0360627266691
1895	2005-03-10	14.42	0.0354497624764
1896	2005-03-11	14.18	0.0348367982837
1897	2005-03-12	13.94	0.034223834091
1898	2005-03-13	13.71	0.033636410073
1899	2005-03-14	13.48	0.0330489860551
1900	2005-03-15	13.26	0.0324871022118
1901	2005-03-16	13.04	0.0319252183685
1902	2005-03-17	12.82	0.0313633345252
1903	2005-03-18	12.61	0.0308269908566
1904	2005-03-19	12.4	0.030290647188
1905	2005-03-20	63.16	0.159932573939
1906	2005-03-21	44.15	0.111380701844
1907	2005-03-22	13.34	0.0326914236093
1908	2005-03-23	12.89	0.0315421157481
1909	2005-03-24	12.67	0.0309802319048
1910	2005-03-25	12.46	0.0304438882362
1911	2005-03-26	12.25	0.0299075445676
1912	2005-03-27	12.05	0.0293967410737
1913	2005-03-28	11.85	0.0288859375798
1914	2005-03-29	11.65	0.0283751340859
1915	2005-03-30	11.46	0.0278898707667
1916	2005-03-31	11.26	0.0273790672728
1917	2005-04-01	11.08	0.0269193441283
1918	2005-04-02	10.89	0.0264340808091
1919	2005-04-03	10.71	0.0259743576646
1920	2005-04-04	10.53	0.0255146345201
1921	2005-04-05	10.36	0.0250804515503
1922	2005-04-06	10.18	0.0246207284058
1923	2005-04-07	10.01	0.024186545436
1924	2005-04-08	9.85	0.0237779026409
1925	2005-04-09	9.68	0.023343719671
1926	2005-04-10	9.52	0.0229350768759
1927	2005-04-11	9.36	0.0225264340808
1928	2005-04-12	9.34	0.0224753537314
1929	2005-04-13	9.06	0.02176022884
1930	2005-04-14	8.9	0.0213515860448
1931	2005-04-15	22.99	0.0573376921898
1932	2005-04-16	8.84	0.0211983449967
1933	2005-04-17	8.69	0.0208152423763
1934	2005-04-18	8.55	0.0204576799305
1935	2005-04-19	8.54	0.0204321397558
1936	2005-04-20	8.27	0.0197425550391
1937	2005-04-21	8.13	0.0193849925933
1938	2005-04-22	7.99	0.0190274301476
1939	2005-04-23	10.36	0.0250804515503
1940	2005-04-24	7.77	0.0184655463043
1941	2005-04-25	7.64	0.0181335240333
1942	2005-04-26	7.51	0.0178015017623
1943	2005-04-27	7.39	0.0174950196659
1944	2005-04-28	7.26	0.0171629973949
1945	2005-04-29	7.14	0.0168565152986
1946	2005-04-30	7.02	0.0165500332022
1947	2005-05-01	6.91	0.0162690912806
1948	2005-05-02	6.79	0.0159626091842
1949	2005-05-03	6.68	0.0156816672626
1950	2005-05-04	6.57	0.015400725341
1951	2005-05-05	6.46	0.0151197834193
1952	2005-05-06	6.35	0.0148388414977
1953	2005-05-07	6.24	0.014557899576
1954	2005-05-08	6.14	0.0143024978291
1955	2005-05-09	6.04	0.0140470960821
1956	2005-05-10	5.94	0.0137916943352
1957	2005-05-11	5.84	0.0135362925882
1958	2005-05-12	62.37	0.157914900138
1959	2005-05-13	10.93	0.0265362415079
1960	2005-05-14	6.52	0.0152730244675
1961	2005-05-15	6.41	0.0149920825458
1962	2005-05-16	6.3	0.0147111406242
1963	2005-05-17	6.2	0.0144557388773
1964	2005-05-18	6.1	0.0142003371303
1965	2005-05-19	5.99	0.0139193952087
1966	2005-05-20	5.89	0.0136639934617
1967	2005-05-21	5.8	0.0134341318895
1968	2005-05-22	5.7	0.0131787301425
1969	2005-05-23	5.6	0.0129233283956
1970	2005-05-24	5.51	0.0126934668233
1971	2005-05-25	5.42	0.0124636052511
1972	2005-05-26	5.33	0.0122337436788
1973	2005-05-27	5.24	0.0120038821066
1974	2005-05-28	5.15	0.0117740205343
1975	2005-05-29	5.07	0.0115696991367
1976	2005-05-30	4.98	0.0113398375645
1977	2005-05-31	4.9	0.0111355161669
1978	2005-06-01	4.82	0.0109311947694
1979	2005-06-02	4.74	0.0107268733718
1980	2005-06-03	4.66	0.0105225519743
1981	2005-06-04	4.58	0.0103182305767
1982	2005-06-05	4.5	0.0101139091791
1983	2005-06-06	4.43	0.00993512795628
1984	2005-06-07	4.36	0.00975634673341
1985	2005-06-08	4.28	0.00955202533585
1986	2005-06-09	4.21	0.00937324411299
1987	2005-06-10	4.14	0.00919446289013
1988	2005-06-11	4.07	0.00901568166726
1989	2005-06-12	4.0	0.0088369004444
1990	2005-06-13	3.94	0.00868365939623
1991	2005-06-14	3.87	0.00850487817337
1992	2005-06-15	3.81	0.0083516371252
1993	2005-06-16	3.74	0.00817285590233
1994	2005-06-17	3.68	0.00801961485417
1995	2005-06-18	3.62	0.007866373806
1996	2005-06-19	3.56	0.00771313275783
1997	2005-06-20	3.5	0.00755989170966
1998	2005-06-21	3.44	0.00740665066149
1999	2005-06-22	3.39	0.00727894978802
2000	2005-06-23	3.33	0.00712570873985
2001	2005-06-24	3.27	0.00697246769168
2002	2005-06-25	3.22	0.00684476681821
2003	2005-06-26	3.16	0.00669152577004
2004	2005-06-27	3.11	0.00656382489656
2005	2005-06-28	3.06	0.00643612402309
2006	2005-06-29	3.01	0.00630842314961
2007	2005-06-30	2.96	0.00618072227614
2008	2005-07-01	2.91	0.00605302140267
2009	2005-07-02	2.86	0.00592532052919
2010	2005-07-03	2.81	0.00579761965572
2011	2005-07-04	2.77	0.00569545895694
2012	2005-07-05	2.72	0.00556775808347
2013	2005-07-06	2.68	0.00546559738469
2014	2005-07-07	2.63	0.00533789651121
2015	2005-07-08	2.59	0.00523573581243
2016	2005-07-09	2.54	0.00510803493896
2017	2005-07-10	2.5	0.00500587424018
2018	2005-07-11	2.46	0.0049037135414
2019	2005-07-12	2.42	0.00480155284262
2020	2005-07-13	2.38	0.00469939214384
2021	2005-07-14	2.34	0.00459723144506
2022	2005-07-15	2.3	0.00449507074628
2023	2005-07-16	2.26	0.0043929100475
2024	2005-07-17	2.22	0.00429074934873
2025	2005-07-18	2.19	0.00421412882464
2026	2005-07-19	2.15	0.00411196812586
2027	2005-07-20	2.11	0.00400980742708
2028	2005-07-21	2.08	0.003933186903
2029	2005-07-22	2.04	0.00383102620422
2030	2005-07-23	2.01	0.00375440568013
2031	2005-07-24	1.98	0.00367778515605
2032	2005-07-25	1.94	0.00357562445727
2033	2005-07-26	1.91	0.00349900393319
2034	2005-07-27	1.88	0.0034223834091
2035	2005-07-28	1.85	0.00334576288502
2036	2005-07-29	1.82	0.00326914236093
2037	2005-07-30	1.79	0.00319252183685
2038	2005-07-31	1.76	0.00311590131276
2039	2005-08-01	1.73	0.00303928078868
2040	2005-08-02	1.7	0.0029626602646
2041	2005-08-03	1.67	0.00288603974051
2042	2005-08-04	1.64	0.00280941921643
2043	2005-08-05	1.62	0.00275833886704
2044	2005-08-06	1.59	0.00268171834295
2045	2005-08-07	1.56	0.00260509781887
2046	2005-08-08	1.54	0.00255401746948
2047	2005-08-09	1.51	0.0024773969454
2048	2005-08-10	1.49	0.00242631659601
2049	2005-08-11	1.46	0.00234969607192
2050	2005-08-12	1.44	0.00229861572253
2051	2005-08-13	1.41	0.00222199519845
2052	2005-08-14	1.39	0.00217091484906
2053	2005-08-15	1.37	0.00211983449967
2054	2005-08-16	1.34	0.00204321397558
2055	2005-08-17	1.32	0.00199213362619
2056	2005-08-18	1.3	0.0019410532768
2057	2005-08-19	1.28	0.00188997292741
2058	2005-08-20	1.26	0.00183889257803
2059	2005-08-21	1.23	0.00176227205394
2060	2005-08-22	1.21	0.00171119170455
2061	2005-08-23	1.19	0.00166011135516
2062	2005-08-24	1.17	0.00160903100577
2063	2005-08-25	1.15	0.00155795065638
2064	2005-08-26	1.14	0.00153241048169
2065	2005-08-27	1.12	0.0014813301323
2066	2005-08-28	1.1	0.00143024978291
2067	2005-08-29	1.08	0.00137916943352
2068	2005-08-30	1.06	0.00132808908413
2069	2005-08-31	1.04	0.00127700873474
2070	2005-09-01	1.03	0.00125146856004
2071	2005-09-02	1.01	0.00120038821066
2072	2005-09-03	0.99	0.00114930786127
2073	2005-09-04	0.98	0.00112376768657
2074	2005-09-05	0.96	0.00107268733718
2075	2005-09-06	0.94	0.00102160698779
2076	2005-09-07	0.93	0.000996066813097
2077	2005-09-08	0.91	0.000944986463707
2078	2005-09-09	0.9	0.000919446289013
2079	2005-09-10	0.88	0.000868365939623
2080	2005-09-11	0.87	0.000842825764928
2081	2005-09-12	0.85	0.000791745415539
2082	2005-09-13	0.84	0.000766205240844
2083	2005-09-14	0.82	0.000715124891454
2084	2005-09-15	0.81	0.000689584716759
2085	2005-09-16	0.8	0.000664044542065
2086	2005-09-17	0.78	0.000612964192675
2087	2005-09-18	0.77	0.00058742401798
2088	2005-09-19	0.76	0.000561883843285
2089	2005-09-20	0.75	0.000536343668591
2090	2005-09-21	0.73	0.000485263319201
2091	2005-09-22	0.72	0.000459723144506
2092	2005-09-23	0.71	0.000434182969812
2093	2005-09-24	173.26	0.441129897328
2094	2005-09-25	3.47	0.00748327118557
2095	2005-09-26	3.41	0.00733003013741
2096	2005-09-27	3.35	0.00717678908924
2097	2005-09-28	3.3	0.00704908821576
2098	2005-09-29	3.24	0.00689584716759
2099	2005-09-30	3.19	0.00676814629412
2100	2005-10-01	3.13	0.00661490524595
2101	2005-10-02	68.19	0.17277928181
2102	2005-10-03	184.52	0.469888134035
2103	2005-10-04	6.92	0.0162946314553
2104	2005-10-05	6.81	0.0160136895336
2105	2005-10-06	6.69	0.0157072074373
2106	2005-10-07	6.58	0.0154262655157
2107	2005-10-08	6.47	0.015145323594
2108	2005-10-09	6.36	0.0148643816724
2109	2005-10-10	6.26	0.0146089799254
2110	2005-10-11	6.15	0.0143280380038
2111	2005-10-12	6.05	0.0140726362568
2112	2005-10-13	5.95	0.0138172345099
2113	2005-10-14	5.85	0.0135618327629
2114	2005-10-15	5.75	0.013306431016
2115	2005-10-16	53.1	0.134239158196
2116	2005-10-17	6.33	0.0147877611483
2117	2005-10-18	6.22	0.0145068192266
2118	2005-10-19	6.12	0.0142514174797
2119	2005-10-20	6.02	0.0139960157327
2120	2005-10-21	5.92	0.0137406139858
2121	2005-10-22	5.82	0.0134852122389
2122	2005-10-23	5.72	0.0132298104919
2123	2005-10-24	5.63	0.0129999489197
2124	2005-10-25	5.53	0.0127445471727
2125	2005-10-26	5.44	0.0125146856004
2126	2005-10-27	5.35	0.0122848240282
2127	2005-10-28	93.57	0.237600245186
2128	2005-10-29	94.36	0.239617918987
2129	2005-10-30	43.17	0.108877764724
2130	2005-10-31	8.34	0.0199213362619
2131	2005-11-01	8.2	0.0195637738162
2132	2005-11-02	8.06	0.0192062113705
2133	2005-11-03	7.93	0.0188741890995
2134	2005-11-04	7.8	0.0185421668284
2135	2005-11-05	7.67	0.0182101445574
2136	2005-11-06	7.54	0.0178781222864
2137	2005-11-07	7.43	0.0175971803647
2138	2005-11-08	7.29	0.017239617919
2139	2005-11-09	40.01	0.10080706952
2140	2005-11-10	16.56	0.0409153598611
2141	2005-11-11	7.6	0.0180313633345
2142	2005-11-12	7.47	0.0176993410635
2143	2005-11-13	7.34	0.0173673187925
2144	2005-11-14	7.22	0.0170608366961
2145	2005-11-15	7.1	0.0167543545998
2146	2005-11-16	6.98	0.0164478725034
2147	2005-11-17	113.03	0.287301425142
2148	2005-11-18	8.46	0.0202278183583
2149	2005-11-19	8.32	0.0198702559126
2150	2005-11-20	8.18	0.0195126934668
2151	2005-11-21	8.05	0.0191806711958
2152	2005-11-22	7.91	0.0188231087501
2153	2005-11-23	7.78	0.018491086479
2154	2005-11-24	7.65	0.018159064208
2155	2005-11-25	7.52	0.017827041937
2156	2005-11-26	7.44	0.0176227205394
2157	2005-11-27	7.44	0.0176227205394
2158	2005-11-28	7.16	0.016907595648
2159	2005-11-29	7.04	0.0166011135516
2160	2005-11-30	135.06	0.343566429994
2161	2005-12-01	19.54	0.0485263319201
2162	2005-12-02	8.9	0.0213515860448
2163	2005-12-03	8.75	0.0209684834244
2164	2005-12-04	8.6	0.020585380804
2165	2005-12-05	88.96	0.225826224651
2166	2005-12-06	9.61	0.0231649384482
2167	2005-12-07	61.9	0.156714511927
2168	2005-12-08	10.14	0.024518567707
2169	2005-12-09	9.97	0.0240843847372
2170	2005-12-10	9.81	0.0236757419421
2171	2005-12-11	9.64	0.0232415589723
2172	2005-12-12	9.48	0.0228329161771
2173	2005-12-13	9.32	0.022424273382
2174	2005-12-14	41.97	0.105812943761
2175	2005-12-15	9.55	0.0230116974
2176	2005-12-16	26.81	0.0670940389232
2177	2005-12-17	75.13	0.190504163048
2178	2005-12-18	39.86	0.1004239669
2179	2005-12-19	173.39	0.4414619196
2180	2005-12-20	52.21	0.131966082648
2181	2005-12-21	13.57	0.0332788476273
2182	2005-12-22	13.34	0.0326914236093
2183	2005-12-23	13.12	0.0321295397661
2184	2005-12-24	12.9	0.0315676559228
2185	2005-12-25	12.68	0.0310057720795
2186	2005-12-26	203.56	0.518516626654
2187	2005-12-27	15.34	0.0377994585483
2188	2005-12-28	15.09	0.0371609541809
2189	2005-12-29	55.95	0.141518107984
2190	2005-12-30	33.51	0.0842059559687
2191	2005-12-31	15.29	0.0376717576748
2192	2006-01-01	15.04	0.0370332533075
2193	2006-01-02	14.79	0.0363947489401
2194	2006-01-03	14.54	0.0357562445727
2195	2006-01-04	14.3	0.03514328038
2196	2006-01-05	14.06	0.0345303161874
2197	2006-01-06	152.9	0.38913010165
2198	2006-01-07	15.84	0.039076467283
2199	2006-01-08	15.57	0.0383868825663
2200	2006-01-09	15.31	0.0377228380242
2201	2006-01-10	15.06	0.0370843336568
2202	2006-01-11	14.81	0.0364458292895
2203	2006-01-12	113.78	0.289216938244
2204	2006-01-13	15.92	0.0392807886806
2205	2006-01-14	15.65	0.0385912039638
2206	2006-01-15	15.39	0.0379271594218
2207	2006-01-16	15.13	0.0372631148797
2208	2006-01-17	14.88	0.0366246105123
2209	2006-01-18	14.63	0.035986106145
2210	2006-01-19	14.39	0.0353731419523
2211	2006-01-20	17.14	0.0423966899934
2212	2006-01-21	13.96	0.0342749144404
2213	2006-01-22	13.73	0.0336874904224
2214	2006-01-23	27.57	0.0690350922
2215	2006-01-24	147.31	0.374853143996
2216	2006-01-25	15.44	0.0380548602952
2217	2006-01-26	15.18	0.0373908157532
2218	2006-01-27	14.93	0.0367523113858
2219	2006-01-28	97.38	0.247331051744
2220	2006-01-29	109.67	0.278719926444
2221	2006-01-30	64.82	0.164172242938
2222	2006-01-31	22.06	0.0549624559432
2223	2006-02-01	17.28	0.0427542524391
2224	2006-02-02	17.0	0.0420391275476
2225	2006-02-03	16.71	0.0412984624815
2226	2006-02-04	16.43	0.04058333759
2227	2006-02-05	16.16	0.0398937528733
2228	2006-02-06	15.89	0.0392041681565
2229	2006-02-07	15.63	0.0385401236144
2230	2006-02-08	15.37	0.0378760790724
2231	2006-02-09	15.11	0.0372120345303
2232	2006-02-10	14.86	0.0365735301629
2233	2006-02-11	14.61	0.0359350257956
2234	2006-02-12	14.37	0.0353220616029
2235	2006-02-13	14.13	0.0347090974102
2236	2006-02-14	13.89	0.0340961332176
2237	2006-02-15	13.66	0.0335087091996
2238	2006-02-16	13.43	0.0329212851816
2239	2006-02-17	13.21	0.0323594013383
2240	2006-02-18	12.99	0.031797517495
2241	2006-02-19	12.77	0.0312356336517
2242	2006-02-20	12.56	0.0306992899831
2243	2006-02-21	12.43	0.0303672677121
2244	2006-02-22	12.15	0.0296521428207
2245	2006-02-23	11.94	0.0291157991521
2246	2006-02-24	11.74	0.0286049956582
2247	2006-02-25	11.55	0.028119732339
2248	2006-02-26	129.31	0.328880829545
2249	2006-02-27	233.3	0.594473106196
2250	2006-02-28	53.62	0.13556724728
2251	2006-03-01	16.73	0.0413495428309
2252	2006-03-02	16.45	0.0406344179394
2253	2006-03-03	16.17	0.039919293048
2254	2006-03-04	23.77	0.059329825816
2255	2006-03-05	107.83	0.2740205343
2256	2006-03-06	16.99	0.0420135873729
2257	2006-03-07	16.7	0.0412729223068
2258	2006-03-08	16.43	0.04058333759
2259	2006-03-09	16.15	0.0398682126986
2260	2006-03-10	74.99	0.190146600603
2261	2006-03-11	16.57	0.0409409000358
2262	2006-03-12	16.97	0.0419625070235
2263	2006-03-13	16.03	0.0395617306022
2264	2006-03-14	16.05	0.0396128109516
2265	2006-03-15	72.18	0.182969811514
2266	2006-03-16	41.91	0.105659702712
2267	2006-03-17	16.31	0.0402768554937
2268	2006-03-18	16.04	0.0395872707769
2269	2006-03-19	16.7	0.0412729223068
2270	2006-03-20	16.05	0.0396128109516
2271	2006-03-21	76.69	0.194488430301
2272	2006-03-22	39.51	0.0995300607856
2273	2006-03-23	16.12	0.0397915921745
2274	2006-03-24	39.95	0.100653828472
2275	2006-03-25	15.98	0.0394340297288
2276	2006-03-26	15.71	0.038744445012
2277	2006-03-27	29.46	0.0738621852173
2278	2006-03-28	15.42	0.0380037799459
2279	2006-03-29	15.16	0.0373397354038
2280	2006-03-30	14.91	0.0367012310364
2281	2006-03-31	122.45	0.311360269704
2282	2006-04-01	31.89	0.0800684476682
2283	2006-04-02	16.14	0.0398426725239
2284	2006-04-03	61.65	0.15607600756
2285	2006-04-04	16.34	0.0403534760178
2286	2006-04-05	16.07	0.039663891301
2287	2006-04-06	56.28	0.142360933749
2288	2006-04-07	16.19	0.0399703733974
2289	2006-04-08	15.92	0.0392807886806
2290	2006-04-09	15.65	0.0385912039638
2291	2006-04-10	94.14	0.239056035143
2292	2006-04-11	78.67	0.19954538489
2293	2006-04-12	17.14	0.0423966899934
2294	2006-04-13	16.85	0.0416560249272
2295	2006-04-14	16.57	0.0409409000358
2296	2006-04-15	16.29	0.0402257751443
2297	2006-04-16	16.02	0.0395361904275
2298	2006-04-17	91.91	0.233360576186
2299	2006-04-18	92.31	0.234382183174
2300	2006-04-19	17.66	0.0437247790775
2301	2006-04-20	17.37	0.0429841140113
2302	2006-04-21	17.08	0.0422434489452
2303	2006-04-22	16.79	0.041502783879
2304	2006-04-23	16.51	0.0407876589876
2305	2006-04-24	16.24	0.0400980742708
2306	2006-04-25	15.97	0.0394084895541
2307	2006-04-26	15.7	0.0387189048373
2308	2006-04-27	15.44	0.0380548602952
2309	2006-04-28	15.18	0.0373908157532
2310	2006-04-29	14.93	0.0367523113858
2311	2006-04-30	14.68	0.0361138070184
2312	2006-05-01	14.43	0.0354753026511
2313	2006-05-02	14.19	0.0348623384584
2314	2006-05-03	13.96	0.0342749144404
2315	2006-05-04	13.72	0.0336619502477
2316	2006-05-05	13.5	0.0331000664045
2317	2006-05-06	13.27	0.0325126423865
2318	2006-05-07	18.89	0.0468662205649
2319	2006-05-08	12.93	0.0316442764469
2320	2006-05-09	16.91	0.0418092659754
2321	2006-05-10	12.57	0.0307248301578
2322	2006-05-11	12.39	0.0302651070133
2323	2006-05-12	29.16	0.0730959799765
2324	2006-05-13	12.22	0.0298309240435
2325	2006-05-14	32.92	0.0826990856617
2326	2006-05-15	12.16	0.0296776829954
2327	2006-05-16	11.95	0.0291413393268
2328	2006-05-17	11.75	0.0286305358329
2329	2006-05-18	11.56	0.0281452725137
2330	2006-05-19	11.37	0.0276600091945
2331	2006-05-20	11.18	0.0271747458753
2332	2006-05-21	10.99	0.0266894825561
2333	2006-05-22	10.81	0.0262297594116
2334	2006-05-23	10.63	0.025770036267
2335	2006-05-24	10.45	0.0253103131225
2336	2006-05-25	10.28	0.0248761301527
2337	2006-05-26	10.1	0.0244164070082
2338	2006-05-27	9.94	0.0240077642131
2339	2006-05-28	9.77	0.0235735812433
2340	2006-05-29	9.61	0.0231649384482
2341	2006-05-30	9.45	0.0227562956531
2342	2006-05-31	9.29	0.0223476528579
2343	2006-06-01	9.14	0.0219645502375
2344	2006-06-02	8.98	0.0215559074424
2345	2006-06-03	8.83	0.021172804822
2346	2006-06-04	8.69	0.0208152423763
2347	2006-06-05	8.54	0.0204321397558
2348	2006-06-06	8.4	0.0200745773101
2349	2006-06-07	8.26	0.0197170148644
2350	2006-06-08	8.12	0.0193594524187
2351	2006-06-09	7.99	0.0190274301476
2352	2006-06-10	7.85	0.0186698677019
2353	2006-06-11	7.72	0.0183378454309
2354	2006-06-12	7.59	0.0180058231598
2355	2006-06-13	7.47	0.0176993410635
2356	2006-06-14	7.34	0.0173673187925
2357	2006-06-15	7.22	0.0170608366961
2358	2006-06-16	7.1	0.0167543545998
2359	2006-06-17	6.98	0.0164478725034
2360	2006-06-18	6.86	0.0161413904071
2361	2006-06-19	6.75	0.0158604484855
2362	2006-06-20	6.64	0.0155795065638
2363	2006-06-21	6.53	0.0152985646422
2364	2006-06-22	6.42	0.0150176227205
2365	2006-06-23	6.31	0.0147366807989
2366	2006-06-24	6.21	0.0144812790519
2367	2006-06-25	6.1	0.0142003371303
2368	2006-06-26	6.0	0.0139449353834
2369	2006-06-27	5.9	0.0136895336364
2370	2006-06-28	5.8	0.0134341318895
2371	2006-06-29	5.71	0.0132042703172
2372	2006-06-30	5.61	0.0129488685703
2373	2006-07-01	5.52	0.012719006998
2374	2006-07-02	5.43	0.0124891454258
2375	2006-07-03	5.34	0.0122592838535
2376	2006-07-04	5.25	0.0120294222812
2377	2006-07-05	5.16	0.011799560709
2378	2006-07-06	5.07	0.0115696991367
2379	2006-07-07	4.99	0.0113653777392
2380	2006-07-08	4.91	0.0111610563416
2381	2006-07-09	4.82	0.0109311947694
2382	2006-07-10	4.74	0.0107268733718
2383	2006-07-11	4.66	0.0105225519743
2384	2006-07-12	4.59	0.0103437707514
2385	2006-07-13	4.51	0.0101394493538
2386	2006-07-14	4.43	0.00993512795628
2387	2006-07-15	4.36	0.00975634673341
2388	2006-07-16	4.29	0.00957756551055
2389	2006-07-17	4.22	0.00939878428768
2390	2006-07-18	4.15	0.00922000306482
2391	2006-07-19	4.08	0.00904122184196
2392	2006-07-20	4.01	0.00886244061909
2393	2006-07-21	3.94	0.00868365939623
2394	2006-07-22	3.88	0.00853041834806
2395	2006-07-23	3.81	0.0083516371252
2396	2006-07-24	3.75	0.00819839607703
2397	2006-07-25	3.69	0.00804515502886
2398	2006-07-26	3.62	0.007866373806
2399	2006-07-27	3.56	0.00771313275783
2400	2006-07-28	3.5	0.00755989170966
2401	2006-07-29	3.45	0.00743219083619
2402	2006-07-30	3.39	0.00727894978802
2403	2006-07-31	3.33	0.00712570873985
2404	2006-08-01	3.28	0.00699800786637
2405	2006-08-02	3.22	0.00684476681821
2406	2006-08-03	3.17	0.00671706594473
2407	2006-08-04	3.12	0.00658936507126
2408	2006-08-05	3.06	0.00643612402309
2409	2006-08-06	3.01	0.00630842314961
2410	2006-08-07	2.96	0.00618072227614
2411	2006-08-08	2.91	0.00605302140267
2412	2006-08-09	2.86	0.00592532052919
2413	2006-08-10	2.82	0.00582315983041
2414	2006-08-11	2.77	0.00569545895694
2415	2006-08-12	2.72	0.00556775808347
2416	2006-08-13	2.68	0.00546559738469
2417	2006-08-14	2.63	0.00533789651121
2418	2006-08-15	2.59	0.00523573581243
2419	2006-08-16	2.55	0.00513357511365
2420	2006-08-17	2.5	0.00500587424018
2421	2006-08-18	2.46	0.0049037135414
2422	2006-08-19	2.42	0.00480155284262
2423	2006-08-20	2.38	0.00469939214384
2424	2006-08-21	2.34	0.00459723144506
2425	2006-08-22	2.3	0.00449507074628
2426	2006-08-23	2.26	0.0043929100475
2427	2006-08-24	2.23	0.00431628952342
2428	2006-08-25	2.19	0.00421412882464
2429	2006-08-26	2.15	0.00411196812586
2430	2006-08-27	2.12	0.00403534760178
2431	2006-08-28	2.08	0.003933186903
2432	2006-08-29	2.05	0.00385656637891
2433	2006-08-30	2.01	0.00375440568013
2434	2006-08-31	1.98	0.00367778515605
2435	2006-09-01	1.95	0.00360116463197
2436	2006-09-02	1.91	0.00349900393319
2437	2006-09-03	1.88	0.0034223834091
2438	2006-09-04	1.85	0.00334576288502
2439	2006-09-05	1.82	0.00326914236093
2440	2006-09-06	1.79	0.00319252183685
2441	2006-09-07	1.76	0.00311590131276
2442	2006-09-08	1.73	0.00303928078868
2443	2006-09-09	1.7	0.0029626602646
2444	2006-09-10	1.67	0.00288603974051
2445	2006-09-11	1.65	0.00283495939112
2446	2006-09-12	1.62	0.00275833886704
2447	2006-09-13	1.59	0.00268171834295
2448	2006-09-14	1.56	0.00260509781887
2449	2006-09-15	1.54	0.00255401746948
2450	2006-09-16	1.51	0.0024773969454
2451	2006-09-17	1.49	0.00242631659601
2452	2006-09-18	1.46	0.00234969607192
2453	2006-09-19	1.44	0.00229861572253
2454	2006-09-20	1.41	0.00222199519845
2455	2006-09-21	1.39	0.00217091484906
2456	2006-09-22	1.37	0.00211983449967
2457	2006-09-23	1.34	0.00204321397558
2458	2006-09-24	1.32	0.00199213362619
2459	2006-09-25	1.3	0.0019410532768
2460	2006-09-26	1.28	0.00188997292741
2461	2006-09-27	1.26	0.00183889257803
2462	2006-09-28	1.24	0.00178781222864
2463	2006-09-29	1.22	0.00173673187925
2464	2006-09-30	1.2	0.00168565152986
2465	2006-10-01	1.18	0.00163457118047
2466	2006-10-02	1.16	0.00158349083108
2467	2006-10-03	1.14	0.00153241048169
2468	2006-10-04	1.12	0.0014813301323
2469	2006-10-05	1.1	0.00143024978291
2470	2006-10-06	1.08	0.00137916943352
2471	2006-10-07	1.06	0.00132808908413
2472	2006-10-08	1.04	0.00127700873474
2473	2006-10-09	1.03	0.00125146856004
2474	2006-10-10	1.01	0.00120038821066
2475	2006-10-11	0.99	0.00114930786127
2476	2006-10-12	0.98	0.00112376768657
2477	2006-10-13	0.96	0.00107268733718
2478	2006-10-14	0.94	0.00102160698779
2479	2006-10-15	0.93	0.000996066813097
2480	2006-10-16	0.91	0.000944986463707
2481	2006-10-17	0.9	0.000919446289013
2482	2006-10-18	0.88	0.000868365939623
2483	2006-10-19	0.87	0.000842825764928
2484	2006-10-20	0.85	0.000791745415539
2485	2006-10-21	0.84	0.000766205240844
2486	2006-10-22	0.83	0.000740665066149
2487	2006-10-23	0.81	0.000689584716759
2488	2006-10-24	0.8	0.000664044542065
2489	2006-10-25	0.79	0.00063850436737
2490	2006-10-26	0.77	0.00058742401798
2491	2006-10-27	0.76	0.000561883843285
2492	2006-10-28	0.75	0.000536343668591
2493	2006-10-29	0.73	0.000485263319201
2494	2006-10-30	0.72	0.000459723144506
2495	2006-10-31	0.71	0.000434182969812
2496	2006-11-01	0.7	0.000408642795117
2497	2006-11-02	6.66	0.0156305869132
2498	2006-11-03	0.77	0.00058742401798
2499	2006-11-04	0.76	0.000561883843285
2500	2006-11-05	36.68	0.092302191347
2501	2006-11-06	1.31	0.0019665934515
2502	2006-11-07	1.29	0.00191551310211
2503	2006-11-08	1.27	0.00186443275272
2504	2006-11-09	1.25	0.00181335240333
2505	2006-11-10	1.23	0.00176227205394
2506	2006-11-11	1.21	0.00171119170455
2507	2006-11-12	10.26	0.0248250498033
2508	2006-11-13	44.94	0.113398375645
2509	2006-11-14	1.99	0.00370332533075
2510	2006-11-15	1.96	0.00362670480666
2511	2006-11-16	1.93	0.00355008428258
2512	2006-11-17	1.9	0.00347346375849
2513	2006-11-18	1.86	0.00337130305971
2514	2006-11-19	4.9	0.0111355161669
2515	2006-11-20	1.85	0.00334576288502
2516	2006-11-21	1.82	0.00326914236093
2517	2006-11-22	1.79	0.00319252183685
2518	2006-11-23	1.76	0.00311590131276
2519	2006-11-24	1.73	0.00303928078868
2520	2006-11-25	1.7	0.0029626602646
2521	2006-11-26	1.68	0.00291157991521
2522	2006-11-27	1.65	0.00283495939112
2523	2006-11-28	1.62	0.00275833886704
2524	2006-11-29	1.59	0.00268171834295
2525	2006-11-30	1.57	0.00263063799356
2526	2006-12-01	1.54	0.00255401746948
2527	2006-12-02	1.51	0.0024773969454
2528	2006-12-03	1.49	0.00242631659601
2529	2006-12-04	1.46	0.00234969607192
2530	2006-12-05	1.44	0.00229861572253
2531	2006-12-06	1.42	0.00224753537314
2532	2006-12-07	81.16	0.205904888389
2533	2006-12-08	52.28	0.132144863871
2534	2006-12-09	3.41	0.00733003013741
2535	2006-12-10	3.35	0.00717678908924
2536	2006-12-11	47.61	0.120217602288
2537	2006-12-12	3.96	0.00873473974562
2538	2006-12-13	4.93	0.011212136691
2539	2006-12-14	3.84	0.00842825764928
2540	2006-12-15	3.78	0.00827501660111
2541	2006-12-16	37.78	0.0951116105634
2542	2006-12-17	26.36	0.065944731062
2543	2006-12-18	4.49	0.0100883690044
2544	2006-12-19	4.42	0.00990958778158
2545	2006-12-20	4.34	0.00970526638402
2546	2006-12-21	4.27	0.00952648516116
2547	2006-12-22	4.2	0.00934770393829
2548	2006-12-23	4.13	0.00916892271543
2549	2006-12-24	4.06	0.00899014149257
2550	2006-12-25	3.99	0.0088113602697
2551	2006-12-26	3.93	0.00865811922154
2552	2006-12-27	3.86	0.00847933799867
2553	2006-12-28	3.8	0.0083260969505
2554	2006-12-29	3.73	0.00814731572764
2555	2006-12-30	3.67	0.00799407467947
2556	2006-12-31	3.61	0.0078408336313
2557	2007-01-01	3.55	0.00768759258313
2558	2007-01-02	3.58	0.00776421310722
2559	2007-01-03	132.73	0.33761556929
2560	2007-01-04	5.46	0.0125657659498
2561	2007-01-05	5.37	0.0123359043776
2562	2007-01-06	5.28	0.0121060428053
2563	2007-01-07	5.19	0.0118761812331
2564	2007-01-08	5.11	0.0116718598355
2565	2007-01-09	5.02	0.0114419982633
2566	2007-01-10	4.94	0.0112376768657
2567	2007-01-11	124.09	0.315548858354
2568	2007-01-12	6.7	0.015732747612
2569	2007-01-13	6.58	0.0154262655157
2570	2007-01-14	6.47	0.015145323594
2571	2007-01-15	6.37	0.0148899218471
2572	2007-01-16	6.26	0.0146089799254
2573	2007-01-17	6.16	0.0143535781785
2574	2007-01-18	6.05	0.0140726362568
2575	2007-01-19	5.95	0.0138172345099
2576	2007-01-20	5.85	0.0135618327629
2577	2007-01-21	5.76	0.0133319711907
2578	2007-01-22	5.66	0.0130765694437
2579	2007-01-23	5.57	0.0128467078715
2580	2007-01-24	5.47	0.0125913061245
2581	2007-01-25	5.38	0.0123614445523
2582	2007-01-26	5.29	0.01213158298
2583	2007-01-27	5.2	0.0119017214078
2584	2007-01-28	5.12	0.0116974000102
2585	2007-01-29	92.62	0.23517392859
2586	2007-01-30	62.33	0.157812739439
2587	2007-01-31	88.53	0.22472799714
2588	2007-02-01	8.35	0.0199468764366
2589	2007-02-02	8.21	0.0195893139909
2590	2007-02-03	8.07	0.0192317515452
2591	2007-02-04	7.94	0.0188997292741
2592	2007-02-05	7.81	0.0185677070031
2593	2007-02-06	86.73	0.220130765694
2594	2007-02-07	8.82	0.0211472646473
2595	2007-02-08	8.67	0.0207641620269
2596	2007-02-09	8.53	0.0204065995811
2597	2007-02-10	8.39	0.0200490371354
2598	2007-02-11	18.25	0.0452316493845
2599	2007-02-12	35.59	0.0895183123053
2600	2007-02-13	8.57	0.0205087602799
2601	2007-02-14	10.91	0.0264851611585
2602	2007-02-15	39.66	0.099913163406
2603	2007-02-16	8.7	0.020840782551
2604	2007-02-17	47.1	0.118915053379
2605	2007-02-18	42.23	0.106476988303
2606	2007-02-19	9.42	0.022679675129
2607	2007-02-20	9.26	0.0222710323339
2608	2007-02-21	9.1	0.0218623895387
2609	2007-02-22	8.95	0.0214792869183
2610	2007-02-23	8.8	0.0210961842979
2611	2007-02-24	8.66	0.0207386218522
2612	2007-02-25	8.51	0.0203555192318
2613	2007-02-26	8.37	0.019997956786
2614	2007-02-27	8.23	0.0196403943403
2615	2007-02-28	8.09	0.0192828318946
2616	2007-03-01	7.96	0.0189508096235
2617	2007-03-02	7.83	0.0186187873525
2618	2007-03-03	7.7	0.0182867650815
2619	2007-03-04	7.57	0.0179547428104
2620	2007-03-05	7.44	0.0176227205394
2621	2007-03-06	7.32	0.0173162384431
2622	2007-03-07	7.2	0.0170097563467
2623	2007-03-08	7.08	0.0167032742504
2624	2007-03-09	6.96	0.0163967921541
2625	2007-03-10	6.84	0.0160903100577
2626	2007-03-11	6.73	0.0158093681361
2627	2007-03-12	6.62	0.0155284262144
2628	2007-03-13	66.27	0.167875568269
2629	2007-03-14	32.39	0.0813454564029
2630	2007-03-15	58.75	0.148669356898
2631	2007-03-16	8.34	0.0199213362619
2632	2007-03-17	8.2	0.0195637738162
2633	2007-03-18	8.06	0.0192062113705
2634	2007-03-19	7.93	0.0188741890995
2635	2007-03-20	7.8	0.0185421668284
2636	2007-03-21	7.67	0.0182101445574
2637	2007-03-22	69.81	0.176916790111
2638	2007-03-23	41.58	0.104816876947
2639	2007-03-24	8.81	0.0211217244726
2640	2007-03-25	8.66	0.0207386218522
2641	2007-03-26	8.52	0.0203810594064
2642	2007-03-27	11.81	0.028783776881
2643	2007-03-28	9.24	0.0222199519845
2644	2007-03-29	9.39	0.0226030546049
2645	2007-03-30	63.34	0.160392297083
2646	2007-03-31	160.42	0.40833631302
2647	2007-04-01	11.11	0.0269959646524
2648	2007-04-02	10.92	0.0265107013332
2649	2007-04-03	10.74	0.0260509781887
2650	2007-04-04	10.56	0.0255912550442
2651	2007-04-05	10.39	0.0251570720744
2652	2007-04-06	10.21	0.0246973489299
2653	2007-04-07	10.04	0.0242631659601
2654	2007-04-08	9.87	0.0238289829902
2655	2007-04-09	9.71	0.0234203401951
2656	2007-04-10	9.55	0.0230116974
2657	2007-04-11	28.67	0.0718445114165
2658	2007-04-12	22.96	0.0572610716657
2659	2007-04-13	38.99	0.0982019717015
2660	2007-04-14	9.91	0.023931143689
2661	2007-04-15	9.75	0.0235225008939
2662	2007-04-16	9.59	0.0231138580988
2663	2007-04-17	9.43	0.0227052153037
2664	2007-04-18	22.04	0.0549113755938
2665	2007-04-19	9.32	0.022424273382
2666	2007-04-20	9.17	0.0220411707616
2667	2007-04-21	9.01	0.0216325279665
2668	2007-04-22	8.86	0.0212494253461
2669	2007-04-23	8.72	0.0208918629003
2670	2007-04-24	8.57	0.0205087602799
2671	2007-04-25	8.43	0.0201511978342
2672	2007-04-26	8.29	0.0197936353885
2673	2007-04-27	8.15	0.0194360729427
2674	2007-04-28	8.01	0.019078510497
2675	2007-04-29	7.88	0.018746488226
2676	2007-04-30	7.75	0.0184144659549
2677	2007-05-01	7.62	0.0180824436839
2678	2007-05-02	7.49	0.0177504214129
2679	2007-05-03	7.37	0.0174439393165
2680	2007-05-04	7.24	0.0171119170455
2681	2007-05-05	7.12	0.0168054349492
2682	2007-05-06	7.0	0.0164989528528
2683	2007-05-07	6.89	0.0162180109312
2684	2007-05-08	6.77	0.0159115288349
2685	2007-05-09	6.66	0.0156305869132
2686	2007-05-10	6.55	0.0153496449916
2687	2007-05-11	6.44	0.0150687030699
2688	2007-05-12	6.33	0.0147877611483
2689	2007-05-13	6.23	0.0145323594013
2690	2007-05-14	6.12	0.0142514174797
2691	2007-05-15	6.02	0.0139960157327
2692	2007-05-16	5.92	0.0137406139858
2693	2007-05-17	5.82	0.0134852122389
2694	2007-05-18	5.73	0.0132553506666
2695	2007-05-19	5.63	0.0129999489197
2696	2007-05-20	5.54	0.0127700873474
2697	2007-05-21	5.44	0.0125146856004
2698	2007-05-22	5.35	0.0122848240282
2699	2007-05-23	5.26	0.0120549624559
2700	2007-05-24	5.18	0.0118506410584
2701	2007-05-25	5.09	0.0116207794861
2702	2007-05-26	5.0	0.0113909179139
2703	2007-05-27	4.92	0.0111865965163
2704	2007-05-28	50.1	0.126577105787
2705	2007-05-29	5.49	0.0126423864739
2706	2007-05-30	5.4	0.0124125249017
2707	2007-05-31	5.31	0.0121826633294
2708	2007-06-01	5.22	0.0119528017572
2709	2007-06-02	5.13	0.0117229401849
2710	2007-06-03	5.05	0.0115186187874
2711	2007-06-04	4.96	0.0112887572151
2712	2007-06-05	4.88	0.0110844358175
2713	2007-06-06	4.8	0.01088011442
2714	2007-06-07	4.72	0.0106757930224
2715	2007-06-08	4.64	0.0104714716249
2716	2007-06-09	129.05	0.328216785003
2717	2007-06-10	71.55	0.181360780508
2718	2007-06-11	7.43	0.0175971803647
2719	2007-06-12	7.31	0.0172906982684
2720	2007-06-13	7.19	0.016984216172
2721	2007-06-14	7.07	0.0166777340757
2722	2007-06-15	11.29	0.0274556877969
2723	2007-06-16	51.53	0.130229350769
2724	2007-06-17	7.51	0.0178015017623
2725	2007-06-18	7.38	0.0174694794912
2726	2007-06-19	7.26	0.0171629973949
2727	2007-06-20	7.14	0.0168565152986
2728	2007-06-21	51.14	0.129233283956
2729	2007-06-22	7.61	0.0180569035092
2730	2007-06-23	7.49	0.0177504214129
2731	2007-06-24	7.36	0.0174183991419
2732	2007-06-25	7.24	0.0171119170455
2733	2007-06-26	7.12	0.0168054349492
2734	2007-06-27	7.0	0.0164989528528
2735	2007-06-28	6.88	0.0161924707565
2736	2007-06-29	6.77	0.0159115288349
2737	2007-06-30	6.66	0.0156305869132
2738	2007-07-01	6.55	0.0153496449916
2739	2007-07-02	6.44	0.0150687030699
2740	2007-07-03	6.33	0.0147877611483
2741	2007-07-04	6.22	0.0145068192266
2742	2007-07-05	6.12	0.0142514174797
2743	2007-07-06	6.02	0.0139960157327
2744	2007-07-07	5.92	0.0137406139858
2745	2007-07-08	5.82	0.0134852122389
2746	2007-07-09	5.72	0.0132298104919
2747	2007-07-10	5.63	0.0129999489197
2748	2007-07-11	5.53	0.0127445471727
2749	2007-07-12	5.44	0.0125146856004
2750	2007-07-13	5.35	0.0122848240282
2751	2007-07-14	5.26	0.0120549624559
2752	2007-07-15	5.17	0.0118251008837
2753	2007-07-16	5.09	0.0116207794861
2754	2007-07-17	5.0	0.0113909179139
2755	2007-07-18	4.92	0.0111865965163
2756	2007-07-19	4.84	0.0109822751188
2757	2007-07-20	4.76	0.0107779537212
2758	2007-07-21	4.68	0.0105736323236
2759	2007-07-22	4.6	0.0103693109261
2760	2007-07-23	4.52	0.0101649895285
2761	2007-07-24	4.45	0.00998620830566
2762	2007-07-25	4.37	0.00978188690811
2763	2007-07-26	4.3	0.00960310568524
2764	2007-07-27	4.23	0.00942432446238
2765	2007-07-28	4.16	0.00924554323952
2766	2007-07-29	4.09	0.00906676201665
2767	2007-07-30	4.02	0.00888798079379
2768	2007-07-31	3.95	0.00870919957093
2769	2007-08-01	3.89	0.00855595852276
2770	2007-08-02	3.82	0.00837717729989
2771	2007-08-03	3.76	0.00822393625172
2772	2007-08-04	3.7	0.00807069520356
2773	2007-08-05	3.63	0.00789191398069
2774	2007-08-06	3.57	0.00773867293252
2775	2007-08-07	3.51	0.00758543188435
2776	2007-08-08	3.46	0.00745773101088
2777	2007-08-09	3.4	0.00730448996271
2778	2007-08-10	3.34	0.00715124891454
2779	2007-08-11	3.29	0.00702354804107
2780	2007-08-12	3.23	0.0068703069929
2781	2007-08-13	3.18	0.00674260611943
2782	2007-08-14	3.12	0.00658936507126
2783	2007-08-15	3.07	0.00646166419778
2784	2007-08-16	3.02	0.00633396332431
2785	2007-08-17	2.97	0.00620626245084
2786	2007-08-18	2.92	0.00607856157736
2787	2007-08-19	2.87	0.00595086070389
2788	2007-08-20	2.82	0.00582315983041
2789	2007-08-21	2.78	0.00572099913163
2790	2007-08-22	2.73	0.00559329825816
2791	2007-08-23	2.69	0.00549113755938
2792	2007-08-24	2.64	0.00536343668591
2793	2007-08-25	2.6	0.00526127598713
2794	2007-08-26	2.55	0.00513357511365
2795	2007-08-27	2.51	0.00503141441487
2796	2007-08-28	2.47	0.0049292537161
2797	2007-08-29	2.43	0.00482709301732
2798	2007-08-30	2.39	0.00472493231854
2799	2007-08-31	2.35	0.00462277161976
2800	2007-09-01	2.31	0.00452061092098
2801	2007-09-02	2.27	0.0044184502222
2802	2007-09-03	2.23	0.00431628952342
2803	2007-09-04	2.2	0.00423966899934
2804	2007-09-05	2.16	0.00413750830056
2805	2007-09-06	2.12	0.00403534760178
2806	2007-09-07	2.09	0.00395872707769
2807	2007-09-08	2.05	0.00385656637891
2808	2007-09-09	2.02	0.00377994585483
2809	2007-09-10	1.98	0.00367778515605
2810	2007-09-11	1.95	0.00360116463197
2811	2007-09-12	1.92	0.00352454410788
2812	2007-09-13	1.89	0.0034479235838
2813	2007-09-14	1.86	0.00337130305971
2814	2007-09-15	1.82	0.00326914236093
2815	2007-09-16	1.79	0.00319252183685
2816	2007-09-17	1.76	0.00311590131276
2817	2007-09-18	1.74	0.00306482096338
2818	2007-09-19	1.71	0.00298820043929
2819	2007-09-20	1.68	0.00291157991521
2820	2007-09-21	1.65	0.00283495939112
2821	2007-09-22	1.62	0.00275833886704
2822	2007-09-23	1.6	0.00270725851765
2823	2007-09-24	1.57	0.00263063799356
2824	2007-09-25	1.54	0.00255401746948
2825	2007-09-26	1.52	0.00250293712009
2826	2007-09-27	1.49	0.00242631659601
2827	2007-09-28	1.47	0.00237523624662
2828	2007-09-29	1.44	0.00229861572253
2829	2007-09-30	1.42	0.00224753537314
2830	2007-10-01	1.39	0.00217091484906
2831	2007-10-02	1.37	0.00211983449967
2832	2007-10-03	1.35	0.00206875415028
2833	2007-10-04	1.33	0.00201767380089
2834	2007-10-05	1.3	0.0019410532768
2835	2007-10-06	1.28	0.00188997292741
2836	2007-10-07	1.26	0.00183889257803
2837	2007-10-08	1.24	0.00178781222864
2838	2007-10-09	1.22	0.00173673187925
2839	2007-10-10	1.2	0.00168565152986
2840	2007-10-11	1.18	0.00163457118047
2841	2007-10-12	1.16	0.00158349083108
2842	2007-10-13	1.14	0.00153241048169
2843	2007-10-14	1.12	0.0014813301323
2844	2007-10-15	1.1	0.00143024978291
2845	2007-10-16	1.08	0.00137916943352
2846	2007-10-17	1.07	0.00135362925882
2847	2007-10-18	1.05	0.00130254890943
2848	2007-10-19	1.03	0.00125146856004
2849	2007-10-20	1.01	0.00120038821066
2850	2007-10-21	1.0	0.00117484803596
2851	2007-10-22	0.98	0.00112376768657
2852	2007-10-23	0.96	0.00107268733718
2853	2007-10-24	0.95	0.00104714716249
2854	2007-10-25	0.93	0.000996066813097
2855	2007-10-26	0.92	0.000970526638402
2856	2007-10-27	0.9	0.000919446289013
2857	2007-10-28	0.89	0.000893906114318
2858	2007-10-29	0.87	0.000842825764928
2859	2007-10-30	0.86	0.000817285590233
2860	2007-10-31	0.84	0.000766205240844
2861	2007-11-01	0.83	0.000740665066149
2862	2007-11-02	0.81	0.000689584716759
2863	2007-11-03	0.8	0.000664044542065
2864	2007-11-04	0.79	0.00063850436737
2865	2007-11-05	0.77	0.00058742401798
2866	2007-11-06	0.76	0.000561883843285
2867	2007-11-07	0.75	0.000536343668591
2868	2007-11-08	0.74	0.000510803493896
2869	2007-11-09	0.72	0.000459723144506
2870	2007-11-10	0.71	0.000434182969812
2871	2007-11-11	0.7	0.000408642795117
2872	2007-11-12	0.69	0.000383102620422
2873	2007-11-13	0.68	0.000357562445727
2874	2007-11-14	4.55	0.0102416100526
2875	2007-11-15	36.28	0.0912805843592
2876	2007-11-16	1.28	0.00188997292741
2877	2007-11-17	1.26	0.00183889257803
2878	2007-11-18	1.24	0.00178781222864
2879	2007-11-19	1.22	0.00173673187925
2880	2007-11-20	1.2	0.00168565152986
2881	2007-11-21	1.18	0.00163457118047
2882	2007-11-22	1.16	0.00158349083108
2883	2007-11-23	1.14	0.00153241048169
2884	2007-11-24	1.12	0.0014813301323
2885	2007-11-25	98.0	0.248914542575
2886	2007-11-26	2.64	0.00536343668591
2887	2007-11-27	2.6	0.00526127598713
2888	2007-11-28	2.56	0.00515911528835
2889	2007-11-29	2.51	0.00503141441487
2890	2007-11-30	2.47	0.0049292537161
2891	2007-12-01	109.61	0.278566685396
2892	2007-12-02	4.12	0.00914338254074
2893	2007-12-03	4.05	0.00896460131787
2894	2007-12-04	3.98	0.00878582009501
2895	2007-12-05	3.91	0.00860703887215
2896	2007-12-06	3.85	0.00845379782398
2897	2007-12-07	3.79	0.00830055677581
2898	2007-12-08	3.72	0.00812177555294
2899	2007-12-09	3.66	0.00796853450478
2900	2007-12-10	3.6	0.00781529345661
2901	2007-12-11	3.54	0.00766205240844
2902	2007-12-12	47.76	0.120600704909
2903	2007-12-13	4.14	0.00919446289013
2904	2007-12-14	4.07	0.00901568166726
2905	2007-12-15	4.0	0.0088369004444
2906	2007-12-16	3.93	0.00865811922154
2907	2007-12-17	23.6	0.0588956428462
2908	2007-12-18	58.4	0.147775450784
2909	2007-12-19	94.9	0.24099708842
2910	2007-12-20	14.99	0.036905552434
2911	2007-12-21	6.33	0.0147877611483
2912	2007-12-22	6.23	0.0145323594013
2913	2007-12-23	7.37	0.0174439393165
2914	2007-12-24	115.1	0.292588241304
2915	2007-12-25	7.7	0.0182867650815
2916	2007-12-26	7.57	0.0179547428104
2917	2007-12-27	7.52	0.017827041937
2918	2007-12-28	20.95	0.0521274965521
2919	2007-12-29	7.42	0.01757164019
2920	2007-12-30	7.29	0.017239617919
2921	2007-12-31	7.17	0.0169331358226
2922	2008-01-01	231.37	0.58954385248
2923	2008-01-02	10.55	0.0255657148695
2924	2008-01-03	10.38	0.0251315318997
2925	2008-01-04	10.2	0.0246718087552
2926	2008-01-05	10.03	0.0242376257854
2927	2008-01-06	9.87	0.0238289829902
2928	2008-01-07	10.44	0.0252847729478
2929	2008-01-08	9.55	0.0230116974
2930	2008-01-09	9.92	0.0239566838637
2931	2008-01-10	88.69	0.225136639935
2932	2008-01-11	10.37	0.025105991725
2933	2008-01-12	10.2	0.0246718087552
2934	2008-01-13	10.03	0.0242376257854
2935	2008-01-14	53.14	0.134341318895
2936	2008-01-15	10.39	0.0251570720744
2937	2008-01-16	10.22	0.0247228891046
2938	2008-01-17	10.05	0.0242887061347
2939	2008-01-18	9.88	0.0238545231649
2940	2008-01-19	12.39	0.0302651070133
2941	2008-01-20	9.6	0.0231393982735
2942	2008-01-21	9.44	0.0227307554784
2943	2008-01-22	9.28	0.0223221126833
2944	2008-01-23	9.13	0.0219390100628
2945	2008-01-24	8.97	0.0215303672677
2946	2008-01-25	8.83	0.021172804822
2947	2008-01-26	8.68	0.0207897022016
2948	2008-01-27	8.53	0.0204065995811
2949	2008-01-28	8.39	0.0200490371354
2950	2008-01-29	8.25	0.0196914746897
2951	2008-01-30	8.11	0.019333912244
2952	2008-01-31	7.98	0.0190018899729
2953	2008-02-01	7.85	0.0186698677019
2954	2008-02-02	7.72	0.0183378454309
2955	2008-02-03	7.59	0.0180058231598
2956	2008-02-04	9.19	0.022092251111
2957	2008-02-05	20.26	0.0503652244981
2958	2008-02-06	115.81	0.294401593707
2959	2008-02-07	46.87	0.118327629361
2960	2008-02-08	125.73	0.319737447004
2961	2008-02-09	17.74	0.043929100475
2962	2008-02-10	47.42	0.119732338969
2963	2008-02-11	40.87	0.103003524544
2964	2008-02-12	18.19	0.0450784083363
2965	2008-02-13	11.74	0.0286049956582
2966	2008-02-14	11.55	0.028119732339
2967	2008-02-15	11.36	0.0276344690198
2968	2008-02-16	11.17	0.0271492057006
2969	2008-02-17	12.29	0.0300097052664
2970	2008-02-18	38.6	0.0972059048884
2971	2008-02-19	11.09	0.026944884303
2972	2008-02-20	10.9	0.0264596209838
2973	2008-02-21	10.72	0.0259998978393
2974	2008-02-22	10.54	0.0255401746948
2975	2008-02-23	10.37	0.025105991725
2976	2008-02-24	10.19	0.0246462685805
2977	2008-02-25	10.02	0.0242120856107
2978	2008-02-26	67.83	0.171859835521
2979	2008-02-27	10.63	0.025770036267
2980	2008-02-28	10.45	0.0253103131225
2981	2008-02-29	17.83	0.0441589620473
2982	2008-03-01	10.23	0.0247484292793
2983	2008-03-02	10.06	0.0243142463094
2984	2008-03-03	125.68	0.319609746131
2985	2008-03-04	17.65	0.0436992389028
2986	2008-03-05	11.49	0.0279664912908
2987	2008-03-06	154.88	0.394187056239
2988	2008-03-07	68.49	0.173545487051
2989	2008-03-08	14.09	0.0346069367114
2990	2008-03-09	13.86	0.0340195126935
2991	2008-03-10	13.63	0.0334320886755
2992	2008-03-11	13.4	0.0328446646575
2993	2008-03-12	13.18	0.0322827808142
2994	2008-03-13	29.1	0.0729427389283
2995	2008-03-14	30.76	0.0771824079277
2996	2008-03-15	13.07	0.0320018388926
2997	2008-03-16	12.85	0.0314399550493
2998	2008-03-17	12.64	0.0309036113807
2999	2008-03-18	95.31	0.242044235583
3000	2008-03-19	94.64	0.240333043878
3001	2008-03-20	14.64	0.0360116463197
3002	2008-03-21	49.1	0.124023088318
3003	2008-03-22	14.71	0.0361904275425
3004	2008-03-23	68.85	0.17446493334
3005	2008-03-24	15.1	0.0371864943556
3006	2008-03-25	14.85	0.0365479899883
3007	2008-03-26	14.6	0.0359094856209
3008	2008-03-27	14.36	0.0352965214282
3009	2008-03-28	14.12	0.0346835572355
3010	2008-03-29	13.89	0.0340961332176
3011	2008-03-30	51.61	0.130433672166
3012	2008-03-31	39.04	0.098329672575
3013	2008-04-01	14.21	0.0349134188078
3014	2008-04-02	239.44	0.610154773459
3015	2008-04-03	17.37	0.0429841140113
3016	2008-04-04	17.08	0.0422434489452
3017	2008-04-05	16.8	0.0415283240537
3018	2008-04-06	16.52	0.0408131991623
3019	2008-04-07	16.24	0.0400980742708
3020	2008-04-08	15.97	0.0394084895541
3021	2008-04-09	20.74	0.0515911528835
3022	2008-04-10	15.53	0.0382847218675
3023	2008-04-11	21.26	0.0529192419676
3024	2008-04-12	16.66	0.041170761608
3025	2008-04-13	14.88	0.0366246105123
3026	2008-04-14	14.63	0.035986106145
3027	2008-04-15	14.39	0.0353731419523
3028	2008-04-16	14.15	0.0347601777596
3029	2008-04-17	13.93	0.0341982939163
3030	2008-04-18	13.68	0.033559789549
3031	2008-04-19	13.46	0.0329979057057
3032	2008-04-20	13.23	0.0324104816877
3033	2008-04-21	13.01	0.0318485978444
3034	2008-04-22	12.79	0.0312867140011
3035	2008-04-23	12.58	0.0307503703325
3036	2008-04-24	12.37	0.0302140266639
3037	2008-04-25	12.16	0.0296776829954
3038	2008-04-26	42.24	0.106502528477
3039	2008-04-27	12.25	0.0299075445676
3040	2008-04-28	12.05	0.0293967410737
3041	2008-04-29	18.22	0.0451550288604
3042	2008-04-30	12.18	0.0297287633447
3043	2008-05-01	11.56	0.0281452725137
3044	2008-05-02	11.37	0.0276600091945
3045	2008-05-03	11.18	0.0271747458753
3046	2008-05-04	10.99	0.0266894825561
3047	2008-05-05	10.81	0.0262297594116
3048	2008-05-06	10.63	0.025770036267
3049	2008-05-07	10.45	0.0253103131225
3050	2008-05-08	10.28	0.0248761301527
3051	2008-05-09	10.11	0.0244419471829
3052	2008-05-10	9.94	0.0240077642131
3053	2008-05-11	9.77	0.0235735812433
3054	2008-05-12	9.61	0.0231649384482
3055	2008-05-13	9.45	0.0227562956531
3056	2008-05-14	9.29	0.0223476528579
3057	2008-05-15	9.14	0.0219645502375
3058	2008-05-16	49.24	0.124380650764
3059	2008-05-17	56.26	0.142309853399
3060	2008-05-18	10.08	0.0243653266588
3061	2008-05-19	9.91	0.023931143689
3062	2008-05-20	9.75	0.0235225008939
3063	2008-05-21	62.86	0.159166368698
3064	2008-05-22	154.39	0.392935587679
3065	2008-05-23	12.44	0.0303928078868
3066	2008-05-24	12.23	0.0298564642182
3067	2008-05-25	12.02	0.0293201205496
3068	2008-05-26	11.82	0.0288093170557
3069	2008-05-27	11.63	0.0283240537365
3070	2008-05-28	11.43	0.0278132502426
3071	2008-05-29	11.24	0.0273279869234
3072	2008-05-30	11.06	0.0268682637789
3073	2008-05-31	21.56	0.0536854472085
3074	2008-06-01	10.86	0.026357460285
3075	2008-06-02	10.68	0.0258977371405
3076	2008-06-03	10.5	0.025438013996
3077	2008-06-04	13.37	0.0327680441334
3078	2008-06-05	10.2	0.0246718087552
3079	2008-06-06	10.03	0.0242376257854
3080	2008-06-07	9.87	0.0238289829902
3081	2008-06-08	9.7	0.0233948000204
3082	2008-06-09	9.54	0.0229861572253
3083	2008-06-10	9.38	0.0225775144302
3084	2008-06-11	9.23	0.0221944118098
3085	2008-06-12	9.07	0.0217857690147
3086	2008-06-13	8.92	0.0214026663942
3087	2008-06-14	8.77	0.0210195637738
3088	2008-06-15	8.63	0.0206620013281
3089	2008-06-16	8.48	0.0202788987077
3090	2008-06-17	8.34	0.0199213362619
3091	2008-06-18	8.2	0.0195637738162
3092	2008-06-19	8.07	0.0192317515452
3093	2008-06-20	7.93	0.0188741890995
3094	2008-06-21	48.72	0.12305256168
3095	2008-06-22	8.33	0.0198957960872
3096	2008-06-23	8.19	0.0195382336415
3097	2008-06-24	8.05	0.0191806711958
3098	2008-06-25	49.8	0.125810900547
3099	2008-06-26	8.46	0.0202278183583
3100	2008-06-27	26.29	0.0657659498391
3101	2008-06-28	8.47	0.020253358533
3102	2008-06-29	8.33	0.0198957960872
3103	2008-06-30	8.19	0.0195382336415
3104	2008-07-01	8.06	0.0192062113705
3105	2008-07-02	7.92	0.0188486489248
3106	2008-07-03	7.79	0.0185166266537
3107	2008-07-04	7.66	0.0181846043827
3108	2008-07-05	7.53	0.0178525821117
3109	2008-07-06	7.41	0.0175461000153
3110	2008-07-07	7.28	0.0172140777443
3111	2008-07-08	7.16	0.016907595648
3112	2008-07-09	7.04	0.0166011135516
3113	2008-07-10	6.92	0.0162946314553
3114	2008-07-11	6.81	0.0160136895336
3115	2008-07-12	58.6	0.148286254278
3116	2008-07-13	7.42	0.01757164019
3117	2008-07-14	7.3	0.0172651580937
3118	2008-07-15	7.18	0.0169586759973
3119	2008-07-16	7.06	0.016652193901
3120	2008-07-17	6.94	0.0163457118047
3121	2008-07-18	6.82	0.0160392297083
3122	2008-07-19	6.71	0.0157582877867
3123	2008-07-20	6.6	0.015477345865
3124	2008-07-21	6.49	0.0151964039434
3125	2008-07-22	6.38	0.0149154620218
3126	2008-07-23	6.27	0.0146345201001
3127	2008-07-24	6.17	0.0143791183532
3128	2008-07-25	6.07	0.0141237166062
3129	2008-07-26	5.96	0.0138427746846
3130	2008-07-27	5.86	0.0135873729376
3131	2008-07-28	5.77	0.0133575113654
3132	2008-07-29	5.67	0.0131021096184
3133	2008-07-30	5.58	0.0128722480462
3134	2008-07-31	5.48	0.0126168462992
3135	2008-08-01	5.39	0.012386984727
3136	2008-08-02	5.3	0.0121571231547
3137	2008-08-03	5.21	0.0119272615825
3138	2008-08-04	5.13	0.0117229401849
3139	2008-08-05	5.04	0.0114930786127
3140	2008-08-06	4.96	0.0112887572151
3141	2008-08-07	54.41	0.137584921081
3142	2008-08-08	5.59	0.0128977882209
3143	2008-08-09	5.5	0.0126679266486
3144	2008-08-10	5.41	0.0124380650764
3145	2008-08-11	5.32	0.0122082035041
3146	2008-08-12	5.23	0.0119783419319
3147	2008-08-13	5.14	0.0117484803596
3148	2008-08-14	5.06	0.011544158962
3149	2008-08-15	4.97	0.0113142973898
3150	2008-08-16	4.89	0.0111099759922
3151	2008-08-17	4.81	0.0109056545947
3152	2008-08-18	4.73	0.0107013331971
3153	2008-08-19	4.65	0.0104970117996
3154	2008-08-20	4.57	0.010292690402
3155	2008-08-21	4.49	0.0100883690044
3156	2008-08-22	4.42	0.00990958778158
3157	2008-08-23	4.35	0.00973080655872
3158	2008-08-24	4.27	0.00952648516116
3159	2008-08-25	4.2	0.00934770393829
3160	2008-08-26	4.13	0.00916892271543
3161	2008-08-27	4.06	0.00899014149257
3162	2008-08-28	4.0	0.0088369004444
3163	2008-08-29	3.93	0.00865811922154
3164	2008-08-30	3.86	0.00847933799867
3165	2008-08-31	3.8	0.0083260969505
3166	2008-09-01	3.74	0.00817285590233
3167	2008-09-02	3.67	0.00799407467947
3168	2008-09-03	3.61	0.0078408336313
3169	2008-09-04	3.55	0.00768759258313
3170	2008-09-05	3.49	0.00753435153496
3171	2008-09-06	3.43	0.0073811104868
3172	2008-09-07	3.38	0.00725340961332
3173	2008-09-08	3.32	0.00710016856515
3174	2008-09-09	3.27	0.00697246769168
3175	2008-09-10	3.21	0.00681922664351
3176	2008-09-11	3.16	0.00669152577004
3177	2008-09-12	3.11	0.00656382489656
3178	2008-09-13	3.05	0.00641058384839
3179	2008-09-14	128.89	0.327808142208
3180	2008-09-15	4.98	0.0113398375645
3181	2008-09-16	4.9	0.0111355161669
3182	2008-09-17	4.82	0.0109311947694
3183	2008-09-18	16.05	0.0396128109516
3184	2008-09-19	39.15	0.0986106144966
3185	2008-09-20	5.31	0.0121826633294
3186	2008-09-21	5.22	0.0119528017572
3187	2008-09-22	5.14	0.0117484803596
3188	2008-09-23	5.05	0.0115186187874
3189	2008-09-24	4.97	0.0113142973898
3190	2008-09-25	4.88	0.0110844358175
3191	2008-09-26	4.8	0.01088011442
3192	2008-09-27	4.72	0.0106757930224
3193	2008-09-28	4.64	0.0104714716249
3194	2008-09-29	4.57	0.010292690402
3195	2008-09-30	4.49	0.0100883690044
3196	2008-10-01	4.42	0.00990958778158
3197	2008-10-02	4.34	0.00970526638402
3198	2008-10-03	4.27	0.00952648516116
3199	2008-10-04	4.2	0.00934770393829
3200	2008-10-05	4.13	0.00916892271543
3201	2008-10-06	4.06	0.00899014149257
3202	2008-10-07	3.99	0.0088113602697
3203	2008-10-08	3.93	0.00865811922154
3204	2008-10-09	3.86	0.00847933799867
3205	2008-10-10	3.8	0.0083260969505
3206	2008-10-11	3.73	0.00814731572764
3207	2008-10-12	3.67	0.00799407467947
3208	2008-10-13	3.61	0.0078408336313
3209	2008-10-14	3.55	0.00768759258313
3210	2008-10-15	3.49	0.00753435153496
3211	2008-10-16	3.43	0.0073811104868
3212	2008-10-17	3.37	0.00722786943863
3213	2008-10-18	3.32	0.00710016856515
3214	2008-10-19	3.26	0.00694692751698
3215	2008-10-20	3.21	0.00681922664351
3216	2008-10-21	3.16	0.00669152577004
3217	2008-10-22	3.1	0.00653828472187
3218	2008-10-23	3.05	0.00641058384839
3219	2008-10-24	3.0	0.00628288297492
3220	2008-10-25	2.95	0.00615518210145
3221	2008-10-26	2.9	0.00602748122797
3222	2008-10-27	2.85	0.0058997803545
3223	2008-10-28	2.81	0.00579761965572
3224	2008-10-29	2.76	0.00566991878224
3225	2008-10-30	2.71	0.00554221790877
3226	2008-10-31	2.67	0.00544005720999
3227	2008-11-01	2.62	0.00531235633652
3228	2008-11-02	2.58	0.00521019563774
3229	2008-11-03	2.54	0.00510803493896
3230	2008-11-04	2.49	0.00498033406549
3231	2008-11-05	2.45	0.00487817336671
3232	2008-11-06	2.41	0.00477601266793
3233	2008-11-07	2.37	0.00467385196915
3234	2008-11-08	2.33	0.00457169127037
3235	2008-11-09	2.29	0.00446953057159
3236	2008-11-10	2.25	0.00436736987281
3237	2008-11-11	2.22	0.00429074934873
3238	2008-11-12	2.18	0.00418858864995
3239	2008-11-13	2.14	0.00408642795117
3240	2008-11-14	2.11	0.00400980742708
3241	2008-11-15	2.07	0.0039076467283
3242	2008-11-16	2.04	0.00383102620422
3243	2008-11-17	2.0	0.00372886550544
3244	2008-11-18	1.97	0.00365224498136
3245	2008-11-19	1.94	0.00357562445727
3246	2008-11-20	1.91	0.00349900393319
3247	2008-11-21	1.87	0.00339684323441
3248	2008-11-22	3.03	0.006359503499
3249	2008-11-23	1.83	0.00329468253563
3250	2008-11-24	1.8	0.00321806201154
3251	2008-11-25	1.77	0.00314144148746
3252	2008-11-26	1.74	0.00306482096338
3253	2008-11-27	95.05	0.241380191041
3254	2008-11-28	3.19	0.00676814629412
3255	2008-11-29	3.14	0.00664044542065
3256	2008-11-30	3.08	0.00648720437248
3257	2008-12-01	48.76	0.123154722378
3258	2008-12-02	3.72	0.00812177555294
3259	2008-12-03	3.66	0.00796853450478
3260	2008-12-04	3.6	0.00781529345661
3261	2008-12-05	3.54	0.00766205240844
3262	2008-12-06	3.48	0.00750881136027
3263	2008-12-07	3.42	0.0073555703121
3264	2008-12-08	3.36	0.00720232926393
3265	2008-12-09	3.31	0.00707462839046
3266	2008-12-10	3.25	0.00692138734229
3267	2008-12-11	3.2	0.00679368646882
3268	2008-12-12	3.14	0.00664044542065
3269	2008-12-13	100.81	0.256091331665
3270	2008-12-14	77.55	0.196684885325
3271	2008-12-15	5.71	0.0132042703172
3272	2008-12-16	5.62	0.012974408745
3273	2008-12-17	5.52	0.012719006998
3274	2008-12-18	5.43	0.0124891454258
3275	2008-12-19	8.9	0.0213515860448
3276	2008-12-20	146.5	0.372784389845
3277	2008-12-21	7.5	0.0177759615876
3278	2008-12-22	7.37	0.0174439393165
3279	2008-12-23	7.25	0.0171374572202
3280	2008-12-24	7.13	0.0168309751239
3281	2008-12-25	7.01	0.0165244930275
3282	2008-12-26	6.89	0.0162180109312
3283	2008-12-27	70.48	0.178627981815
3284	2008-12-28	72.13	0.18284211064
3285	2008-12-29	8.6	0.020585380804
3286	2008-12-30	8.46	0.0202278183583
3287	2008-12-31	8.32	0.0198702559126
3288	2009-01-01	8.18	0.0195126934668
3289	2009-01-02	8.04	0.0191551310211
3290	2009-01-03	7.91	0.0188231087501
3291	2009-01-04	7.78	0.018491086479
3292	2009-01-05	7.65	0.018159064208
3293	2009-01-06	7.52	0.017827041937
3294	2009-01-07	7.4	0.0175205598406
3295	2009-01-08	7.27	0.0171885375696
3296	2009-01-09	7.15	0.0168820554733
3297	2009-01-10	7.03	0.0165755733769
3298	2009-01-11	6.91	0.0162690912806
3299	2009-01-12	6.8	0.0159881493589
3300	2009-01-13	6.69	0.0157072074373
3301	2009-01-14	6.57	0.015400725341
3302	2009-01-15	6.46	0.0151197834193
3303	2009-01-16	6.36	0.0148643816724
3304	2009-01-17	6.25	0.0145834397507
3305	2009-01-18	6.15	0.0143280380038
3306	2009-01-19	6.04	0.0140470960821
3307	2009-01-20	5.94	0.0137916943352
3308	2009-01-21	5.84	0.0135362925882
3309	2009-01-22	5.75	0.013306431016
3310	2009-01-23	5.65	0.013051029269
3311	2009-01-24	5.56	0.0128211676968
3312	2009-01-25	5.46	0.0125657659498
3313	2009-01-26	5.37	0.0123359043776
3314	2009-01-27	5.28	0.0121060428053
3315	2009-01-28	5.2	0.0119017214078
3316	2009-01-29	5.11	0.0116718598355
3317	2009-01-30	5.02	0.0114419982633
3318	2009-01-31	4.94	0.0112376768657
3319	2009-02-01	4.86	0.0110333554682
3320	2009-02-02	4.78	0.0108290340706
3321	2009-02-03	4.7	0.010624712673
3322	2009-02-04	18.69	0.0463554170711
3323	2009-02-05	4.77	0.0108034938959
3324	2009-02-06	4.69	0.0105991724983
3325	2009-02-07	4.61	0.0103948511008
3326	2009-02-08	4.53	0.0101905297032
3327	2009-02-09	4.46	0.0100117484804
3328	2009-02-10	4.38	0.0098074270828
3329	2009-02-11	4.31	0.00962864585994
3330	2009-02-12	4.24	0.00944986463707
3331	2009-02-13	116.84	0.2970322317
3332	2009-02-14	5.92	0.0137406139858
3333	2009-02-15	5.82	0.0134852122389
3334	2009-02-16	5.72	0.0132298104919
3335	2009-02-17	5.62	0.012974408745
3336	2009-02-18	5.53	0.0127445471727
3337	2009-02-19	5.44	0.0125146856004
3338	2009-02-20	5.35	0.0122848240282
3339	2009-02-21	5.26	0.0120549624559
3340	2009-02-22	5.17	0.0118251008837
3341	2009-02-23	5.09	0.0116207794861
3342	2009-02-24	5.0	0.0113909179139
3343	2009-02-25	4.92	0.0111865965163
3344	2009-02-26	4.84	0.0109822751188
3345	2009-02-27	4.75	0.0107524135465
3346	2009-02-28	4.68	0.0105736323236
3347	2009-03-01	4.6	0.0103693109261
3348	2009-03-02	4.52	0.0101649895285
3349	2009-03-03	4.45	0.00998620830566
3350	2009-03-04	4.37	0.00978188690811
3351	2009-03-05	4.3	0.00960310568524
3352	2009-03-06	4.23	0.00942432446238
3353	2009-03-07	4.16	0.00924554323952
3354	2009-03-08	4.09	0.00906676201665
3355	2009-03-09	4.02	0.00888798079379
3356	2009-03-10	3.95	0.00870919957093
3357	2009-03-11	3.89	0.00855595852276
3358	2009-03-12	3.82	0.00837717729989
3359	2009-03-13	3.76	0.00822393625172
3360	2009-03-14	3.7	0.00807069520356
3361	2009-03-15	5.38	0.0123614445523
3362	2009-03-16	16.01	0.0395106502528
3363	2009-03-17	30.84	0.0773867293252
3364	2009-03-18	154.61	0.393497471523
3365	2009-03-19	275.09	0.701205496246
3366	2009-03-20	30.95	0.0776676712469
3367	2009-03-21	35.23	0.0885988660162
3368	2009-03-22	41.57	0.104791336773
3369	2009-03-23	47.71	0.120473004035
3370	2009-03-24	12.71	0.0310823926036
3371	2009-03-25	11.58	0.0281963528631
3372	2009-03-26	11.39	0.0277110895439
3373	2009-03-27	11.2	0.0272258262247
3374	2009-03-28	11.01	0.0267405629055
3375	2009-03-29	10.83	0.0262808397609
3376	2009-03-30	10.65	0.0258211166164
3377	2009-03-31	10.47	0.0253613934719
3378	2009-04-01	10.29	0.0249016703274
3379	2009-04-02	10.12	0.0244674873576
3380	2009-04-03	9.95	0.0240333043878
3381	2009-04-04	104.99	0.266767124687
3382	2009-04-05	281.5	0.717576748225
3383	2009-04-06	15.33	0.0377739183736
3384	2009-04-07	15.08	0.0371354140062
3385	2009-04-08	14.82	0.0364713694642
3386	2009-04-09	14.58	0.0358584052715
3387	2009-04-10	14.33	0.0352199009041
3388	2009-04-11	14.1	0.0346324768861
3389	2009-04-12	13.86	0.0340195126935
3390	2009-04-13	13.63	0.0334320886755
3391	2009-04-14	13.4	0.0328446646575
3392	2009-04-15	13.18	0.0322827808142
3393	2009-04-16	12.96	0.0317208969709
3394	2009-04-17	12.74	0.0311590131276
3395	2009-04-18	12.53	0.0306226694591
3396	2009-04-19	12.32	0.0300863257905
3397	2009-04-20	12.12	0.0295755222966
3398	2009-04-21	11.92	0.0290647188027
3399	2009-04-22	11.72	0.0285539153088
3400	2009-04-23	11.52	0.0280431118149
3401	2009-04-24	11.33	0.0275578484957
3402	2009-04-25	11.14	0.0270725851765
3403	2009-04-26	10.95	0.0265873218573
3404	2009-04-27	10.77	0.0261275987128
3405	2009-04-28	10.59	0.0256678755683
3406	2009-04-29	10.42	0.0252336925985
3407	2009-04-30	10.36	0.0250804515503
3408	2009-05-01	10.07	0.0243397864841
3409	2009-05-02	9.91	0.023931143689
3410	2009-05-03	9.74	0.0234969607192
3411	2009-05-04	9.58	0.0230883179241
3412	2009-05-05	9.42	0.022679675129
3413	2009-05-06	9.26	0.0222710323339
3414	2009-05-07	9.11	0.0218879297134
3415	2009-05-08	8.96	0.021504827093
3416	2009-05-09	8.81	0.0211217244726
3417	2009-05-10	8.66	0.0207386218522
3418	2009-05-11	8.52	0.0203810594064
3419	2009-05-12	8.37	0.019997956786
3420	2009-05-13	8.23	0.0196403943403
3421	2009-05-14	8.1	0.0193083720693
3422	2009-05-15	7.96	0.0189508096235
3423	2009-05-16	7.83	0.0186187873525
3424	2009-05-17	7.7	0.0182867650815
3425	2009-05-18	7.57	0.0179547428104
3426	2009-05-19	7.44	0.0176227205394
3427	2009-05-20	7.32	0.0173162384431
3428	2009-05-21	7.2	0.0170097563467
3429	2009-05-22	7.08	0.0167032742504
3430	2009-05-23	6.96	0.0163967921541
3431	2009-05-24	6.84	0.0160903100577
3432	2009-05-25	6.73	0.0158093681361
3433	2009-05-26	6.62	0.0155284262144
3434	2009-05-27	6.51	0.0152474842928
3435	2009-05-28	6.4	0.0149665423711
3436	2009-05-29	6.29	0.0146856004495
3437	2009-05-30	6.19	0.0144301987026
3438	2009-05-31	6.08	0.0141492567809
3439	2009-06-01	5.98	0.013893855034
3440	2009-06-02	5.88	0.013638453287
3441	2009-06-03	5.79	0.0134085917148
3442	2009-06-04	5.69	0.0131531899678
3443	2009-06-05	5.59	0.0128977882209
3444	2009-06-06	5.5	0.0126679266486
3445	2009-06-07	5.41	0.0124380650764
3446	2009-06-08	5.32	0.0122082035041
3447	2009-06-09	5.23	0.0119783419319
3448	2009-06-10	5.14	0.0117484803596
3449	2009-06-11	5.06	0.011544158962
3450	2009-06-12	4.97	0.0113142973898
3451	2009-06-13	4.89	0.0111099759922
3452	2009-06-14	4.81	0.0109056545947
3453	2009-06-15	4.73	0.0107013331971
3454	2009-06-16	4.65	0.0104970117996
3455	2009-06-17	4.57	0.010292690402
3456	2009-06-18	4.5	0.0101139091791
3457	2009-06-19	4.42	0.00990958778158
3458	2009-06-20	4.35	0.00973080655872
3459	2009-06-21	4.27	0.00952648516116
3460	2009-06-22	4.2	0.00934770393829
3461	2009-06-23	4.13	0.00916892271543
3462	2009-06-24	4.06	0.00899014149257
3463	2009-06-25	4.0	0.0088369004444
3464	2009-06-26	3.93	0.00865811922154
3465	2009-06-27	3.86	0.00847933799867
3466	2009-06-28	3.8	0.0083260969505
3467	2009-06-29	3.74	0.00817285590233
3468	2009-06-30	3.67	0.00799407467947
3469	2009-07-01	3.61	0.0078408336313
3470	2009-07-02	3.55	0.00768759258313
3471	2009-07-03	3.49	0.00753435153496
3472	2009-07-04	3.44	0.00740665066149
3473	2009-07-05	3.38	0.00725340961332
3474	2009-07-06	3.32	0.00710016856515
3475	2009-07-07	3.27	0.00697246769168
3476	2009-07-08	3.21	0.00681922664351
3477	2009-07-09	3.16	0.00669152577004
3478	2009-07-10	3.11	0.00656382489656
3479	2009-07-11	3.05	0.00641058384839
3480	2009-07-12	3.0	0.00628288297492
3481	2009-07-13	2.95	0.00615518210145
3482	2009-07-14	2.9	0.00602748122797
3483	2009-07-15	2.86	0.00592532052919
3484	2009-07-16	2.81	0.00579761965572
3485	2009-07-17	2.76	0.00566991878224
3486	2009-07-18	2.72	0.00556775808347
3487	2009-07-19	2.67	0.00544005720999
3488	2009-07-20	2.63	0.00533789651121
3489	2009-07-21	2.58	0.00521019563774
3490	2009-07-22	2.54	0.00510803493896
3491	2009-07-23	2.5	0.00500587424018
3492	2009-07-24	2.45	0.00487817336671
3493	2009-07-25	2.41	0.00477601266793
3494	2009-07-26	2.37	0.00467385196915
3495	2009-07-27	2.33	0.00457169127037
3496	2009-07-28	2.3	0.00449507074628
3497	2009-07-29	2.26	0.0043929100475
3498	2009-07-30	2.22	0.00429074934873
3499	2009-07-31	2.18	0.00418858864995
3500	2009-08-01	2.15	0.00411196812586
3501	2009-08-02	2.11	0.00400980742708
3502	2009-08-03	2.08	0.003933186903
3503	2009-08-04	2.04	0.00383102620422
3504	2009-08-05	2.01	0.00375440568013
3505	2009-08-06	1.97	0.00365224498136
3506	2009-08-07	1.94	0.00357562445727
3507	2009-08-08	1.91	0.00349900393319
3508	2009-08-09	1.88	0.0034223834091
3509	2009-08-10	1.84	0.00332022271032
3510	2009-08-11	1.81	0.00324360218624
3511	2009-08-12	1.78	0.00316698166215
3512	2009-08-13	1.75	0.00309036113807
3513	2009-08-14	1.72	0.00301374061399
3514	2009-08-15	1.7	0.0029626602646
3515	2009-08-16	1.67	0.00288603974051
3516	2009-08-17	1.64	0.00280941921643
3517	2009-08-18	1.61	0.00273279869234
3518	2009-08-19	1.59	0.00268171834295
3519	2009-08-20	1.56	0.00260509781887
3520	2009-08-21	1.53	0.00252847729478
3521	2009-08-22	1.51	0.0024773969454
3522	2009-08-23	1.48	0.00240077642131
3523	2009-08-24	1.46	0.00234969607192
3524	2009-08-25	1.43	0.00227307554784
3525	2009-08-26	1.41	0.00222199519845
3526	2009-08-27	1.39	0.00217091484906
3527	2009-08-28	1.36	0.00209429432497
3528	2009-08-29	1.34	0.00204321397558
3529	2009-08-30	1.32	0.00199213362619
3530	2009-08-31	1.3	0.0019410532768
3531	2009-09-01	1.27	0.00186443275272
3532	2009-09-02	1.25	0.00181335240333
3533	2009-09-03	1.23	0.00176227205394
3534	2009-09-04	1.21	0.00171119170455
3535	2009-09-05	1.19	0.00166011135516
3536	2009-09-06	1.17	0.00160903100577
3537	2009-09-07	1.15	0.00155795065638
3538	2009-09-08	1.13	0.00150687030699
3539	2009-09-09	1.11	0.0014557899576
3540	2009-09-10	1.1	0.00143024978291
3541	2009-09-11	1.08	0.00137916943352
3542	2009-09-12	1.06	0.00132808908413
3543	2009-09-13	1.04	0.00127700873474
3544	2009-09-14	1.02	0.00122592838535
3545	2009-09-15	1.01	0.00120038821066
3546	2009-09-16	0.99	0.00114930786127
3547	2009-09-17	0.97	0.00109822751188
3548	2009-09-18	0.96	0.00107268733718
3549	2009-09-19	0.94	0.00102160698779
3550	2009-09-20	0.93	0.000996066813097
3551	2009-09-21	8.05	0.0191806711958
3552	2009-09-22	20.21	0.0502375236247
3553	2009-09-23	1.3	0.0019410532768
3554	2009-09-24	1.28	0.00188997292741
3555	2009-09-25	1.26	0.00183889257803
3556	2009-09-26	1.24	0.00178781222864
3557	2009-09-27	1.22	0.00173673187925
3558	2009-09-28	1.2	0.00168565152986
3559	2009-09-29	1.18	0.00163457118047
3560	2009-09-30	1.16	0.00158349083108
3561	2009-10-01	1.14	0.00153241048169
3562	2009-10-02	1.12	0.0014813301323
3563	2009-10-03	1.1	0.00143024978291
3564	2009-10-04	1.08	0.00137916943352
3565	2009-10-05	1.07	0.00135362925882
3566	2009-10-06	1.05	0.00130254890943
3567	2009-10-07	1.03	0.00125146856004
3568	2009-10-08	1.01	0.00120038821066
3569	2009-10-09	1.0	0.00117484803596
3570	2009-10-10	0.98	0.00112376768657
3571	2009-10-11	0.96	0.00107268733718
3572	2009-10-12	0.95	0.00104714716249
3573	2009-10-13	0.93	0.000996066813097
3574	2009-10-14	0.92	0.000970526638402
3575	2009-10-15	0.9	0.000919446289013
3576	2009-10-16	0.89	0.000893906114318
3577	2009-10-17	0.87	0.000842825764928
3578	2009-10-18	0.86	0.000817285590233
3579	2009-10-19	0.84	0.000766205240844
3580	2009-10-20	0.83	0.000740665066149
3581	2009-10-21	0.81	0.000689584716759
3582	2009-10-22	0.8	0.000664044542065
3583	2009-10-23	0.79	0.00063850436737
3584	2009-10-24	0.77	0.00058742401798
3585	2009-10-25	0.76	0.000561883843285
3586	2009-10-26	0.75	0.000536343668591
3587	2009-10-27	0.74	0.000510803493896
3588	2009-10-28	0.72	0.000459723144506
3589	2009-10-29	0.71	0.000434182969812
3590	2009-10-30	0.7	0.000408642795117
3591	2009-10-31	0.69	0.000383102620422
3592	2009-11-01	0.68	0.000357562445727
3593	2009-11-02	0.67	0.000332022271032
3594	2009-11-03	0.65	0.000280941921643
3595	2009-11-04	0.64	0.000255401746948
3596	2009-11-05	0.63	0.000229861572253
3597	2009-11-06	19.94	0.0495479389079
3598	2009-11-07	94.82	0.240792767023
3599	2009-11-08	2.42	0.00480155284262
3600	2009-11-09	2.38	0.00469939214384
3601	2009-11-10	2.34	0.00459723144506
3602	2009-11-11	2.3	0.00449507074628
3603	2009-11-12	2.26	0.0043929100475
3604	2009-11-13	2.23	0.00431628952342
3605	2009-11-14	47.5	0.119936660367
3606	2009-11-15	23.84	0.0595086070389
3607	2009-11-16	3.17	0.00671706594473
3608	2009-11-17	3.12	0.00658936507126
3609	2009-11-18	3.07	0.00646166419778
3610	2009-11-19	26.46	0.0662001328089
3611	2009-11-20	3.34	0.00715124891454
3612	2009-11-21	3.29	0.00702354804107
3613	2009-11-22	3.23	0.0068703069929
3614	2009-11-23	3.18	0.00674260611943
3615	2009-11-24	50.45	0.127471011902
3616	2009-11-25	180.01	0.458369515247
3617	2009-11-26	6.61	0.0155028860397
3618	2009-11-27	6.5	0.0152219441181
3619	2009-11-28	6.39	0.0149410021965
3620	2009-11-29	6.29	0.0146856004495
3621	2009-11-30	70.11	0.177682995352
3622	2009-12-01	7.11	0.0167798947745
3623	2009-12-02	12.6	0.0308014506819
3624	2009-12-03	56.48	0.142871737243
3625	2009-12-04	7.65	0.018159064208
3626	2009-12-05	7.52	0.017827041937
3627	2009-12-06	10.59	0.0256678755683
3628	2009-12-07	92.02	0.233641518108
3629	2009-12-08	8.57	0.0205087602799
3630	2009-12-09	8.42	0.0201256576595
3631	2009-12-10	8.28	0.0197680952138
3632	2009-12-11	8.15	0.0194360729427
3633	2009-12-12	15.12	0.037237574705
3634	2009-12-13	82.09	0.208280124636
3635	2009-12-14	66.82	0.169280277877
3636	2009-12-15	26.59	0.0665321550799
3637	2009-12-16	9.94	0.0240077642131
3638	2009-12-17	9.77	0.0235735812433
3639	2009-12-18	9.61	0.0231649384482
3640	2009-12-19	163.74	0.416815651019
3641	2009-12-20	11.78	0.0287071563569
3642	2009-12-21	11.58	0.0281963528631
3643	2009-12-22	11.39	0.0277110895439
3644	2009-12-23	11.2	0.0272258262247
3645	2009-12-24	11.01	0.0267405629055
3646	2009-12-25	10.83	0.0262808397609
3647	2009-12-26	10.65	0.0258211166164
3648	2009-12-27	10.47	0.0253613934719
3649	2009-12-28	10.3	0.0249272105021
3650	2009-12-29	10.13	0.0244930275323
3651	2009-12-30	9.96	0.0240588445625
3652	2009-12-31	9.79	0.0236246615927
3653	2010-01-01	9.63	0.0232160187976
3654	2010-01-02	9.47	0.0228073760025
3655	2010-01-03	9.31	0.0223987332073
3656	2010-01-04	9.15	0.0219900904122
3657	2010-01-05	9.0	0.0216069877918
3658	2010-01-06	8.85	0.0212238851714
3659	2010-01-07	8.7	0.020840782551
3660	2010-01-08	8.56	0.0204832201052
3661	2010-01-09	136.72	0.347806098994
3662	2010-01-10	10.35	0.0250549113756
3663	2010-01-11	10.17	0.0245951882311
3664	2010-01-12	10.0	0.0241610052613
3665	2010-01-13	9.84	0.0237523624662
3666	2010-01-14	9.67	0.0233181794963
3667	2010-01-15	15.84	0.039076467283
3668	2010-01-16	9.45	0.0227562956531
3669	2010-01-17	9.3	0.0223731930326
3670	2010-01-18	9.14	0.0219645502375
3671	2010-01-19	8.99	0.0215814476171
3672	2010-01-20	8.84	0.0211983449967
3673	2010-01-21	8.69	0.0208152423763
3674	2010-01-22	8.55	0.0204576799305
3675	2010-01-23	8.41	0.0201001174848
3676	2010-01-24	8.27	0.0197425550391
3677	2010-01-25	8.13	0.0193849925933
3678	2010-01-26	7.99	0.0190274301476
3679	2010-01-27	7.86	0.0186954078766
3680	2010-01-28	7.73	0.0183633856056
3681	2010-01-29	7.6	0.0180313633345
3682	2010-01-30	7.47	0.0176993410635
3683	2010-01-31	7.35	0.0173928589672
3684	2010-02-01	7.23	0.0170863768708
3685	2010-02-02	88.06	0.223527608929
3686	2010-02-03	8.29	0.0197936353885
3687	2010-02-04	8.15	0.0194360729427
3688	2010-02-05	8.02	0.0191040506717
3689	2010-02-06	7.88	0.018746488226
3690	2010-02-07	7.75	0.0184144659549
3691	2010-02-08	7.62	0.0180824436839
3692	2010-02-09	7.5	0.0177759615876
3693	2010-02-10	7.37	0.0174439393165
3694	2010-02-11	7.25	0.0171374572202
3695	2010-02-12	7.13	0.0168309751239
3696	2010-02-13	63.73	0.161388363896
3697	2010-02-14	49.59	0.125274556878
3698	2010-02-15	83.55	0.212008990141
3699	2010-02-16	9.42	0.022679675129
3700	2010-02-17	9.27	0.0222965725086
3701	2010-02-18	9.11	0.0218879297134
3702	2010-02-19	30.2	0.0757521581448
3703	2010-02-20	93.19	0.236629718547
3704	2010-02-21	170.19	0.433289063697
3705	2010-02-22	39.65	0.0998876232313
3706	2010-02-23	12.98	0.0317719773203
3707	2010-02-24	12.76	0.031210093477
3708	2010-02-25	27.85	0.0697502170915
3709	2010-02-26	31.05	0.0779230729938
3710	2010-02-27	12.68	0.0310057720795
3711	2010-02-28	12.46	0.0304438882362
3712	2010-03-01	12.26	0.0299330847423
3713	2010-03-02	12.05	0.0293967410737
3714	2010-03-03	36.57	0.0920212494253
3715	2010-03-04	16.78	0.0414772437043
3716	2010-03-05	13.39	0.0328191244828
3717	2010-03-06	29.53	0.0740409664402
3718	2010-03-07	34.99	0.0879859018236
3719	2010-03-08	283.36	0.722327220718
3720	2010-03-09	16.63	0.0410941410839
3721	2010-03-10	15.93	0.0393063288553
3722	2010-03-11	15.66	0.0386167441385
3723	2010-03-12	15.4	0.0379526995965
3724	2010-03-13	15.15	0.0373141952291
3725	2010-03-14	37.66	0.0948051284671
3726	2010-03-15	53.39	0.134979823262
3727	2010-03-16	234.59	0.597767788732
3728	2010-03-17	18.66	0.046278796547
3729	2010-03-18	18.35	0.0454870511314
3730	2010-03-19	18.04	0.0446953057159
3731	2010-03-20	32.3	0.0811155948307
3732	2010-03-21	17.68	0.0437758594269
3733	2010-03-22	17.39	0.0430351943607
3734	2010-03-23	17.1	0.0422945292946
3735	2010-03-24	16.81	0.0415538642284
3736	2010-03-25	16.53	0.040838739337
3737	2010-03-26	16.26	0.0401491546202
3738	2010-03-27	15.98	0.0394340297288
3739	2010-03-28	15.72	0.0387699851867
3740	2010-03-29	15.46	0.0381059406446
3741	2010-03-30	15.2	0.0374418961026
3742	2010-03-31	14.95	0.0368033917352
3743	2010-04-01	14.7	0.0361648873678
3744	2010-04-02	80.66	0.204627879655
3745	2010-04-03	15.28	0.0376462175001
3746	2010-04-04	15.02	0.0369821729581
3747	2010-04-05	14.77	0.0363436685907
3748	2010-04-06	14.53	0.035730704398
3749	2010-04-07	158.51	0.403458139654
3750	2010-04-08	70.04	0.177504214129
3751	2010-04-09	68.91	0.174618174388
3752	2010-04-10	17.52	0.0433672166318
3753	2010-04-11	17.23	0.0426265515656
3754	2010-04-12	16.94	0.0418858864995
3755	2010-04-13	130.39	0.331639168412
3756	2010-04-14	70.53	0.178755682689
3757	2010-04-15	38.17	0.0961076773765
3758	2010-04-16	18.75	0.0465086581192
3759	2010-04-17	18.44	0.0457169127037
3760	2010-04-18	18.13	0.0449251672881
3761	2010-04-19	71.85	0.182126985749
3762	2010-04-20	124.75	0.317234509884
3763	2010-04-21	19.81	0.0492159166369
3764	2010-04-22	19.48	0.0483730908719
3765	2010-04-23	19.16	0.0475558052817
3766	2010-04-24	18.84	0.0467385196915
3767	2010-04-25	18.52	0.0459212341012
3768	2010-04-26	51.42	0.129948408847
3769	2010-04-27	25.73	0.0643357000562
3770	2010-04-28	18.26	0.0452571895592
3771	2010-04-29	17.95	0.0444654441436
3772	2010-04-30	17.65	0.0436992389028
3773	2010-05-01	17.36	0.0429585738366
3774	2010-05-02	116.75	0.296802370128
3775	2010-05-03	28.1	0.0703887214589
3776	2010-05-04	18.24	0.0452061092098
3777	2010-05-05	17.94	0.0444399039689
3778	2010-05-06	17.64	0.0436736987281
3779	2010-05-07	17.35	0.042933033662
3780	2010-05-08	17.06	0.0421923685958
3781	2010-05-09	16.77	0.0414517035297
3782	2010-05-10	16.49	0.0407365786382
3783	2010-05-11	16.22	0.0400469939214
3784	2010-05-12	15.95	0.0393574092047
3785	2010-05-13	15.68	0.0386678244879
3786	2010-05-14	15.42	0.0380037799459
3787	2010-05-15	15.16	0.0373397354038
3788	2010-05-16	14.91	0.0367012310364
3789	2010-05-17	14.66	0.0360627266691
3790	2010-05-18	14.42	0.0354497624764
3791	2010-05-19	14.18	0.0348367982837
3792	2010-05-20	13.94	0.034223834091
3793	2010-05-21	13.71	0.033636410073
3794	2010-05-22	13.48	0.0330489860551
3795	2010-05-23	13.26	0.0324871022118
3796	2010-05-24	13.03	0.0318996781938
3797	2010-05-25	12.82	0.0313633345252
3798	2010-05-26	12.6	0.0308014506819
3799	2010-05-27	12.39	0.0302651070133
3800	2010-05-28	12.19	0.0297543035194
3801	2010-05-29	11.98	0.0292179598508
3802	2010-05-30	11.78	0.0287071563569
3803	2010-05-31	11.59	0.0282218930377
3804	2010-06-01	11.39	0.0277110895439
3805	2010-06-02	11.2	0.0272258262247
3806	2010-06-03	11.02	0.0267661030801
3807	2010-06-04	10.83	0.0262808397609
3808	2010-06-05	10.65	0.0258211166164
3809	2010-06-06	10.48	0.0253869336466
3810	2010-06-07	10.3	0.0249272105021
3811	2010-06-08	10.13	0.0244930275323
3812	2010-06-09	9.96	0.0240588445625
3813	2010-06-10	9.8	0.0236502017674
3814	2010-06-11	9.63	0.0232160187976
3815	2010-06-12	9.47	0.0228073760025
3816	2010-06-13	9.31	0.0223987332073
3817	2010-06-14	9.16	0.0220156305869
3818	2010-06-15	9.01	0.0216325279665
3819	2010-06-16	8.86	0.0212494253461
3820	2010-06-17	8.71	0.0208663227256
3821	2010-06-18	8.56	0.0204832201052
3822	2010-06-19	8.42	0.0201256576595
3823	2010-06-20	8.28	0.0197680952138
3824	2010-06-21	8.14	0.019410532768
3825	2010-06-22	8.01	0.019078510497
3826	2010-06-23	7.87	0.0187209480513
3827	2010-06-24	7.74	0.0183889257803
3828	2010-06-25	7.61	0.0180569035092
3829	2010-06-26	7.49	0.0177504214129
3830	2010-06-27	7.36	0.0174183991419
3831	2010-06-28	7.24	0.0171119170455
3832	2010-06-29	7.12	0.0168054349492
3833	2010-06-30	7.0	0.0164989528528
3834	2010-07-01	6.88	0.0161924707565
3835	2010-07-02	6.77	0.0159115288349
3836	2010-07-03	6.65	0.0156050467385
3837	2010-07-04	6.54	0.0153241048169
3838	2010-07-05	6.43	0.0150431628952
3839	2010-07-06	6.33	0.0147877611483
3840	2010-07-07	6.22	0.0145068192266
3841	2010-07-08	6.12	0.0142514174797
3842	2010-07-09	6.02	0.0139960157327
3843	2010-07-10	5.92	0.0137406139858
3844	2010-07-11	5.82	0.0134852122389
3845	2010-07-12	5.72	0.0132298104919
3846	2010-07-13	5.63	0.0129999489197
3847	2010-07-14	5.53	0.0127445471727
3848	2010-07-15	5.44	0.0125146856004
3849	2010-07-16	5.35	0.0122848240282
3850	2010-07-17	5.26	0.0120549624559
3851	2010-07-18	5.17	0.0118251008837
3852	2010-07-19	5.09	0.0116207794861
3853	2010-07-20	5.0	0.0113909179139
3854	2010-07-21	4.92	0.0111865965163
3855	2010-07-22	4.84	0.0109822751188
3856	2010-07-23	4.75	0.0107524135465
3857	2010-07-24	4.68	0.0105736323236
3858	2010-07-25	4.6	0.0103693109261
3859	2010-07-26	4.52	0.0101649895285
3860	2010-07-27	4.45	0.00998620830566
3861	2010-07-28	4.37	0.00978188690811
3862	2010-07-29	4.3	0.00960310568524
3863	2010-07-30	4.23	0.00942432446238
3864	2010-07-31	4.16	0.00924554323952
3865	2010-08-01	4.09	0.00906676201665
3866	2010-08-02	4.02	0.00888798079379
3867	2010-08-03	3.95	0.00870919957093
3868	2010-08-04	3.89	0.00855595852276
3869	2010-08-05	3.82	0.00837717729989
3870	2010-08-06	3.76	0.00822393625172
3871	2010-08-07	3.7	0.00807069520356
3872	2010-08-08	3.63	0.00789191398069
3873	2010-08-09	3.57	0.00773867293252
3874	2010-08-10	3.51	0.00758543188435
3875	2010-08-11	3.46	0.00745773101088
3876	2010-08-12	3.4	0.00730448996271
3877	2010-08-13	3.34	0.00715124891454
3878	2010-08-14	3.29	0.00702354804107
3879	2010-08-15	3.23	0.0068703069929
3880	2010-08-16	3.18	0.00674260611943
3881	2010-08-17	3.12	0.00658936507126
3882	2010-08-18	3.07	0.00646166419778
3883	2010-08-19	3.02	0.00633396332431
3884	2010-08-20	2.97	0.00620626245084
3885	2010-08-21	2.92	0.00607856157736
3886	2010-08-22	2.87	0.00595086070389
3887	2010-08-23	2.82	0.00582315983041
3888	2010-08-24	2.78	0.00572099913163
3889	2010-08-25	2.73	0.00559329825816
3890	2010-08-26	2.69	0.00549113755938
3891	2010-08-27	2.64	0.00536343668591
3892	2010-08-28	2.6	0.00526127598713
3893	2010-08-29	2.55	0.00513357511365
3894	2010-08-30	2.51	0.00503141441487
3895	2010-08-31	2.47	0.0049292537161
3896	2010-09-01	2.43	0.00482709301732
3897	2010-09-02	2.39	0.00472493231854
3898	2010-09-03	2.35	0.00462277161976
3899	2010-09-04	2.31	0.00452061092098
3900	2010-09-05	2.27	0.0044184502222
3901	2010-09-06	2.23	0.00431628952342
3902	2010-09-07	2.19	0.00421412882464
3903	2010-09-08	2.16	0.00413750830056
3904	2010-09-09	2.12	0.00403534760178
3905	2010-09-10	2.09	0.00395872707769
3906	2010-09-11	2.05	0.00385656637891
3907	2010-09-12	2.02	0.00377994585483
3908	2010-09-13	1.98	0.00367778515605
3909	2010-09-14	1.95	0.00360116463197
3910	2010-09-15	1.92	0.00352454410788
3911	2010-09-16	1.89	0.0034479235838
3912	2010-09-17	1.86	0.00337130305971
3913	2010-09-18	1.82	0.00326914236093
3914	2010-09-19	1.79	0.00319252183685
3915	2010-09-20	1.76	0.00311590131276
3916	2010-09-21	1.73	0.00303928078868
3917	2010-09-22	1.71	0.00298820043929
3918	2010-09-23	1.68	0.00291157991521
3919	2010-09-24	1.65	0.00283495939112
3920	2010-09-25	1.62	0.00275833886704
3921	2010-09-26	1.59	0.00268171834295
3922	2010-09-27	1.57	0.00263063799356
3923	2010-09-28	1.54	0.00255401746948
3924	2010-09-29	1.52	0.00250293712009
3925	2010-09-30	1.49	0.00242631659601
3926	2010-10-01	1.47	0.00237523624662
3927	2010-10-02	1.44	0.00229861572253
3928	2010-10-03	1.42	0.00224753537314
3929	2010-10-04	1.39	0.00217091484906
3930	2010-10-05	1.37	0.00211983449967
3931	2010-10-06	1.35	0.00206875415028
3932	2010-10-07	1.33	0.00201767380089
3933	2010-10-08	1.3	0.0019410532768
3934	2010-10-09	1.28	0.00188997292741
3935	2010-10-10	1.31	0.0019665934515
3936	2010-10-11	1.24	0.00178781222864
3937	2010-10-12	1.22	0.00173673187925
3938	2010-10-13	1.2	0.00168565152986
3939	2010-10-14	1.18	0.00163457118047
3940	2010-10-15	15.6	0.0384635030904
3941	2010-10-16	1.37	0.00211983449967
3942	2010-10-17	1.35	0.00206875415028
3943	2010-10-18	1.33	0.00201767380089
3944	2010-10-19	13.27	0.0325126423865
3945	2010-10-20	1.48	0.00240077642131
3946	2010-10-21	1.45	0.00232415589723
3947	2010-10-22	1.43	0.00227307554784
3948	2010-10-23	1.4	0.00219645502375
3949	2010-10-24	1.38	0.00214537467436
3950	2010-10-25	1.36	0.00209429432497
3951	2010-10-26	1.33	0.00201767380089
3952	2010-10-27	1.31	0.0019665934515
3953	2010-10-28	1.29	0.00191551310211
3954	2010-10-29	1.27	0.00186443275272
3955	2010-10-30	1.25	0.00181335240333
3956	2010-10-31	1.23	0.00176227205394
3957	2010-11-01	1.21	0.00171119170455
3958	2010-11-02	1.19	0.00166011135516
3959	2010-11-03	1.17	0.00160903100577
3960	2010-11-04	1.15	0.00155795065638
3961	2010-11-05	1.64	0.00280941921643
3962	2010-11-06	1.12	0.0014813301323
3963	2010-11-07	1.1	0.00143024978291
3964	2010-11-08	1.08	0.00137916943352
3965	2010-11-09	1.06	0.00132808908413
3966	2010-11-10	1.05	0.00130254890943
3967	2010-11-11	33.86	0.0850998620831
3968	2010-11-12	1.54	0.00255401746948
3969	2010-11-13	1.51	0.0024773969454
3970	2010-11-14	1.49	0.00242631659601
3971	2010-11-15	1.46	0.00234969607192
3972	2010-11-16	1.44	0.00229861572253
3973	2010-11-17	1.42	0.00224753537314
3974	2010-11-18	1.39	0.00217091484906
3975	2010-11-19	200.08	0.50962864586
3976	2010-11-20	61.8	0.15645911018
3977	2010-11-21	5.4	0.0124125249017
3978	2010-11-22	5.31	0.0121826633294
3979	2010-11-23	5.22	0.0119528017572
3980	2010-11-24	5.13	0.0117229401849
3981	2010-11-25	72.4	0.183531695357
3982	2010-11-26	6.05	0.0140726362568
3983	2010-11-27	5.95	0.0138172345099
3984	2010-11-28	5.85	0.0135618327629
3985	2010-11-29	5.75	0.013306431016
3986	2010-11-30	20.06	0.0498544210042
3987	2010-12-01	110.22	0.280124636053
3988	2010-12-02	14.42	0.0354497624764
3989	2010-12-03	7.37	0.0174439393165
3990	2010-12-04	7.25	0.0171374572202
3991	2010-12-05	7.13	0.0168309751239
3992	2010-12-06	13.71	0.033636410073
3993	2010-12-07	7.0	0.0164989528528
3994	2010-12-08	6.88	0.0161924707565
3995	2010-12-09	6.77	0.0159115288349
3996	2010-12-10	6.65	0.0156050467385
3997	2010-12-11	6.54	0.0153241048169
3998	2010-12-12	6.43	0.0150431628952
3999	2010-12-13	6.33	0.0147877611483
4000	2010-12-14	6.22	0.0145068192266
4001	2010-12-15	6.12	0.0142514174797
4002	2010-12-16	6.02	0.0139960157327
4003	2010-12-17	9.52	0.0229350768759
4004	2010-12-18	113.78	0.289216938244
4005	2010-12-19	7.52	0.017827041937
4006	2010-12-20	7.39	0.0174950196659
4007	2010-12-21	52.52	0.132757828064
4008	2010-12-22	75.78	0.192164274404
4009	2010-12-23	8.84	0.0211983449967
4010	2010-12-24	8.69	0.0208152423763
4011	2010-12-25	16.59	0.0409919803851
4012	2010-12-26	9.54	0.0229861572253
4013	2010-12-27	8.41	0.0201001174848
4014	2010-12-28	8.27	0.0197425550391
4015	2010-12-29	8.13	0.0193849925933
4016	2010-12-30	8.0	0.0190529703223
4017	2010-12-31	7.86	0.0186954078766
4018	2011-01-01	96.09	0.244036369209
4019	2011-01-02	19.26	0.0478112070287
4020	2011-01-03	9.04	0.0217091484906
4021	2011-01-04	8.89	0.0213260458702
4022	2011-01-05	8.74	0.0209429432497
4023	2011-01-06	8.6	0.020585380804
4024	2011-01-07	8.45	0.0202022781836
4025	2011-01-08	8.31	0.0198447157379
4026	2011-01-09	8.17	0.0194871532921
4027	2011-01-10	64.42	0.16315063595
4028	2011-01-11	68.08	0.172498339889
4029	2011-01-12	9.62	0.0231904786229
4030	2011-01-13	9.46	0.0227818358278
4031	2011-01-14	9.3	0.0223731930326
4032	2011-01-15	153.1	0.389640905144
4033	2011-01-16	19.64	0.0487817336671
4034	2011-01-17	19.93	0.0495223987332
4035	2011-01-18	11.21	0.0272513663993
4036	2011-01-19	83.65	0.212264391888
4037	2011-01-20	26.1	0.0652806865199
4038	2011-01-21	15.23	0.0375185166267
4039	2011-01-22	103.51	0.262987178832
4040	2011-01-23	25.36	0.0633907135925
4041	2011-01-24	13.72	0.0336619502477
4042	2011-01-25	12.94	0.0316698166215
4043	2011-01-26	12.72	0.0311079327783
4044	2011-01-27	12.51	0.0305715891097
4045	2011-01-28	12.3	0.0300352454411
4046	2011-01-29	12.1	0.0295244419472
4047	2011-01-30	11.89	0.0289880982786
4048	2011-01-31	11.7	0.0285028349594
4049	2011-02-01	11.5	0.0279920314655
4050	2011-02-02	11.31	0.0275067681463
4051	2011-02-03	11.12	0.0270215048271
4052	2011-02-04	10.94	0.0265617816826
4053	2011-02-05	10.75	0.0260765183634
4054	2011-02-06	10.66	0.0258466567911
4055	2011-02-07	10.4	0.0251826122491
4056	2011-02-08	10.23	0.0247484292793
4057	2011-02-09	10.06	0.0243142463094
4058	2011-02-10	9.89	0.0238800633396
4059	2011-02-11	141.73	0.360601726516
4060	2011-02-12	11.69	0.0284772947847
4061	2011-02-13	11.49	0.0279664912908
4062	2011-02-14	11.3	0.0274812279716
4063	2011-02-15	11.11	0.0269959646524
4064	2011-02-16	10.93	0.0265362415079
4065	2011-02-17	10.75	0.0260765183634
4066	2011-02-18	10.57	0.0256167952189
4067	2011-02-19	10.39	0.0251570720744
4068	2011-02-20	10.22	0.0247228891046
4069	2011-02-21	10.05	0.0242887061347
4070	2011-02-22	80.31	0.20373397354
4071	2011-02-23	120.36	0.306022373193
4072	2011-02-24	16.12	0.0397915921745
4073	2011-02-25	13.56	0.0332533074526
4074	2011-02-26	13.17	0.0322572406395
4075	2011-02-27	13.39	0.0328191244828
4076	2011-02-28	92.08	0.233794759156
4077	2011-03-01	12.84	0.0314144148746
4078	2011-03-02	12.63	0.030878071206
4079	2011-03-03	12.42	0.0303417275374
4080	2011-03-04	12.21	0.0298053838688
4081	2011-03-05	12.01	0.0292945803749
4082	2011-03-06	11.81	0.028783776881
4083	2011-03-07	11.61	0.0282729733871
4084	2011-03-08	11.42	0.0277877100679
4085	2011-03-09	11.23	0.0273024467487
4086	2011-03-10	11.04	0.0268171834295
4087	2011-03-11	10.86	0.026357460285
4088	2011-03-12	10.68	0.0258977371405
4089	2011-03-13	10.5	0.025438013996
4090	2011-03-14	10.32	0.0249782908515
4091	2011-03-15	10.15	0.0245441078817
4092	2011-03-16	89.88	0.228175920723
4093	2011-03-17	55.72	0.140930683966
4094	2011-03-18	20.38	0.0506717065945
4095	2011-03-19	85.69	0.217474587526
4096	2011-03-20	12.59	0.0307759105072
4097	2011-03-21	12.38	0.0302395668386
4098	2011-03-22	12.17	0.02970322317
4099	2011-03-23	16.76	0.041426163355
4100	2011-03-24	13.86	0.0340195126935
4101	2011-03-25	11.68	0.02845175461
4102	2011-03-26	11.49	0.0279664912908
4103	2011-03-27	11.29	0.0274556877969
4104	2011-03-28	11.11	0.0269959646524
4105	2011-03-29	10.92	0.0265107013332
4106	2011-03-30	10.74	0.0260509781887
4107	2011-03-31	48.18	0.121673392246
4108	2011-04-01	17.94	0.0444399039689
4109	2011-04-02	10.92	0.0265107013332
4110	2011-04-03	20.65	0.0513612913112
4111	2011-04-04	10.72	0.0259998978393
4112	2011-04-05	10.54	0.0255401746948
4113	2011-04-06	10.36	0.0250804515503
4114	2011-04-07	10.19	0.0246462685805
4115	2011-04-08	10.02	0.0242120856107
4116	2011-04-09	9.85	0.0237779026409
4117	2011-04-10	9.69	0.0233692598457
4118	2011-04-11	113.2	0.287735608112
4119	2011-04-12	11.04	0.0268171834295
4120	2011-04-13	10.86	0.026357460285
4121	2011-04-14	10.68	0.0258977371405
4122	2011-04-15	10.5	0.025438013996
4123	2011-04-16	48.1	0.121469070848
4124	2011-04-17	85.62	0.217295806303
4125	2011-04-18	11.79	0.0287326965316
4126	2011-04-19	11.59	0.0282218930377
4127	2011-04-20	11.4	0.0277366297185
4128	2011-04-21	11.21	0.0272513663993
4129	2011-04-22	11.02	0.0267661030801
4130	2011-04-23	10.84	0.0263063799356
4131	2011-04-24	10.66	0.0258466567911
4132	2011-04-25	19.01	0.0471727026613
4133	2011-04-26	10.44	0.0252847729478
4134	2011-04-27	35.02	0.0880625223477
4135	2011-04-28	10.5	0.025438013996
4136	2011-04-29	10.32	0.0249782908515
4137	2011-04-30	10.15	0.0245441078817
4138	2011-05-01	9.98	0.0241099249119
4139	2011-05-02	9.81	0.0236757419421
4140	2011-05-03	9.65	0.023267099147
4141	2011-05-04	9.49	0.0228584563518
4142	2011-05-05	9.33	0.0224498135567
4143	2011-05-06	9.18	0.0220667109363
4144	2011-05-07	9.02	0.0216580681412
4145	2011-05-08	8.87	0.0212749655208
4146	2011-05-09	8.72	0.0208918629003
4147	2011-05-10	8.58	0.0205343004546
4148	2011-05-11	8.44	0.0201767380089
4149	2011-05-12	8.3	0.0198191755632
4150	2011-05-13	8.16	0.0194616131174
4151	2011-05-14	8.02	0.0191040506717
4152	2011-05-15	7.89	0.0187720284007
4153	2011-05-16	7.76	0.0184400061296
4154	2011-05-17	8.07	0.0192317515452
4155	2011-05-18	7.51	0.0178015017623
4156	2011-05-19	7.38	0.0174694794912
4157	2011-05-20	7.26	0.0171629973949
4158	2011-05-21	7.14	0.0168565152986
4159	2011-05-22	12.79	0.0312867140011
4160	2011-05-23	6.99	0.0164734126781
4161	2011-05-24	6.88	0.0161924707565
4162	2011-05-25	6.76	0.0158859886602
4163	2011-05-26	6.65	0.0156050467385
4164	2011-05-27	6.54	0.0153241048169
4165	2011-05-28	6.43	0.0150431628952
4166	2011-05-29	6.32	0.0147622209736
4167	2011-05-30	6.22	0.0145068192266
4168	2011-05-31	6.11	0.014225877305
4169	2011-06-01	6.01	0.0139704755581
4170	2011-06-02	5.91	0.0137150738111
4171	2011-06-03	5.81	0.0134596720642
4172	2011-06-04	128.43	0.326633294172
4173	2011-06-05	7.6	0.0180313633345
4174	2011-06-06	7.47	0.0176993410635
4175	2011-06-07	7.35	0.0173928589672
4176	2011-06-08	7.23	0.0170863768708
4177	2011-06-09	7.11	0.0167798947745
4178	2011-06-10	6.99	0.0164734126781
4179	2011-06-11	6.87	0.0161669305818
4180	2011-06-12	6.76	0.0158859886602
4181	2011-06-13	6.64	0.0155795065638
4182	2011-06-14	6.53	0.0152985646422
4183	2011-06-15	6.42	0.0150176227205
4184	2011-06-16	6.32	0.0147622209736
4185	2011-06-17	6.21	0.0144812790519
4186	2011-06-18	6.11	0.014225877305
4187	2011-06-19	6.01	0.0139704755581
4188	2011-06-20	5.91	0.0137150738111
4189	2011-06-21	5.81	0.0134596720642
4190	2011-06-22	5.71	0.0132042703172
4191	2011-06-23	5.62	0.012974408745
4192	2011-06-24	5.52	0.012719006998
4193	2011-06-25	5.43	0.0124891454258
4194	2011-06-26	5.34	0.0122592838535
4195	2011-06-27	5.25	0.0120294222812
4196	2011-06-28	5.16	0.011799560709
4197	2011-06-29	5.08	0.0115952393114
4198	2011-06-30	4.99	0.0113653777392
4199	2011-07-01	4.91	0.0111610563416
4200	2011-07-02	4.83	0.0109567349441
4201	2011-07-03	4.75	0.0107524135465
4202	2011-07-04	4.67	0.010548092149
4203	2011-07-05	4.59	0.0103437707514
4204	2011-07-06	4.51	0.0101394493538
4205	2011-07-07	4.44	0.00996066813097
4206	2011-07-08	4.36	0.00975634673341
4207	2011-07-09	4.29	0.00957756551055
4208	2011-07-10	4.22	0.00939878428768
4209	2011-07-11	4.15	0.00922000306482
4210	2011-07-12	4.08	0.00904122184196
4211	2011-07-13	4.01	0.00886244061909
4212	2011-07-14	3.95	0.00870919957093
4213	2011-07-15	3.88	0.00853041834806
4214	2011-07-16	3.82	0.00837717729989
4215	2011-07-17	3.75	0.00819839607703
4216	2011-07-18	3.69	0.00804515502886
4217	2011-07-19	3.63	0.00789191398069
4218	2011-07-20	3.57	0.00773867293252
4219	2011-07-21	3.51	0.00758543188435
4220	2011-07-22	3.45	0.00743219083619
4221	2011-07-23	3.39	0.00727894978802
4222	2011-07-24	3.34	0.00715124891454
4223	2011-07-25	3.28	0.00699800786637
4224	2011-07-26	3.23	0.0068703069929
4225	2011-07-27	3.17	0.00671706594473
4226	2011-07-28	3.12	0.00658936507126
4227	2011-07-29	3.07	0.00646166419778
4228	2011-07-30	3.02	0.00633396332431
4229	2011-07-31	2.97	0.00620626245084
4230	2011-08-01	2.92	0.00607856157736
4231	2011-08-02	2.87	0.00595086070389
4232	2011-08-03	4.48	0.0100628288297
4233	2011-08-04	2.8	0.00577207948102
4234	2011-08-05	2.75	0.00564437860755
4235	2011-08-06	2.71	0.00554221790877
4236	2011-08-07	2.66	0.0054145170353
4237	2011-08-08	2.62	0.00531235633652
4238	2011-08-09	2.57	0.00518465546304
4239	2011-08-10	2.53	0.00508249476426
4240	2011-08-11	2.49	0.00498033406549
4241	2011-08-12	2.45	0.00487817336671
4242	2011-08-13	2.41	0.00477601266793
4243	2011-08-14	2.37	0.00467385196915
4244	2011-08-15	2.33	0.00457169127037
4245	2011-08-16	2.29	0.00446953057159
4246	2011-08-17	2.25	0.00436736987281
4247	2011-08-18	2.21	0.00426520917403
4248	2011-08-19	2.18	0.00418858864995
4249	2011-08-20	2.14	0.00408642795117
4250	2011-08-21	2.1	0.00398426725239
4251	2011-08-22	2.07	0.0039076467283
4252	2011-08-23	2.03	0.00380548602952
4253	2011-08-24	2.0	0.00372886550544
4254	2011-08-25	1.97	0.00365224498136
4255	2011-08-26	1.93	0.00355008428258
4256	2011-08-27	1.9	0.00347346375849
4257	2011-08-28	1.87	0.00339684323441
4258	2011-08-29	1.84	0.00332022271032
4259	2011-08-30	1.81	0.00324360218624
4260	2011-08-31	1.78	0.00316698166215
4261	2011-09-01	1.75	0.00309036113807
4262	2011-09-02	1.72	0.00301374061399
4263	2011-09-03	1.69	0.0029371200899
4264	2011-09-04	1.66	0.00286049956582
4265	2011-09-05	1.63	0.00278387904173
4266	2011-09-06	1.61	0.00273279869234
4267	2011-09-07	1.58	0.00265617816826
4268	2011-09-08	1.55	0.00257955764417
4269	2011-09-09	1.53	0.00252847729478
4270	2011-09-10	1.5	0.0024518567707
4271	2011-09-11	1.48	0.00240077642131
4272	2011-09-12	1.45	0.00232415589723
4273	2011-09-13	1.43	0.00227307554784
4274	2011-09-14	1.41	0.00222199519845
4275	2011-09-15	1.38	0.00214537467436
4276	2011-09-16	1.36	0.00209429432497
4277	2011-09-17	1.34	0.00204321397558
4278	2011-09-18	1.31	0.0019665934515
4279	2011-09-19	1.29	0.00191551310211
4280	2011-09-20	1.27	0.00186443275272
4281	2011-09-21	1.25	0.00181335240333
4282	2011-09-22	1.23	0.00176227205394
4283	2011-09-23	1.21	0.00171119170455
4284	2011-09-24	1.19	0.00166011135516
4285	2011-09-25	1.17	0.00160903100577
4286	2011-09-26	1.15	0.00155795065638
4287	2011-09-27	1.13	0.00150687030699
4288	2011-09-28	1.11	0.0014557899576
4289	2011-09-29	1.09	0.00140470960821
4290	2011-09-30	1.07	0.00135362925882
4291	2011-10-01	1.06	0.00132808908413
4292	2011-10-02	1.04	0.00127700873474
4293	2011-10-03	1.02	0.00122592838535
4294	2011-10-04	1.0	0.00117484803596
4295	2011-10-05	0.99	0.00114930786127
4296	2011-10-06	0.97	0.00109822751188
4297	2011-10-07	0.95	0.00104714716249
4298	2011-10-08	0.94	0.00102160698779
4299	2011-10-09	0.92	0.000970526638402
4300	2011-10-10	0.91	0.000944986463707
4301	2011-10-11	0.89	0.000893906114318
4302	2011-10-12	0.88	0.000868365939623
4303	2011-10-13	0.86	0.000817285590233
4304	2011-10-14	0.85	0.000791745415539
4305	2011-10-15	0.83	0.000740665066149
4306	2011-10-16	0.82	0.000715124891454
4307	2011-10-17	0.81	0.000689584716759
4308	2011-10-18	0.79	0.00063850436737
4309	2011-10-19	0.78	0.000612964192675
4310	2011-10-20	0.77	0.00058742401798
4311	2011-10-21	0.75	0.000536343668591
4312	2011-10-22	34.4	0.0864790315166
4313	2011-10-23	16.61	0.0410430607345
4314	2011-10-24	1.5	0.0024518567707
4315	2011-10-25	1.47	0.00237523624662
4316	2011-10-26	1.45	0.00232415589723
4317	2011-10-27	1.42	0.00224753537314
4318	2011-10-28	1.4	0.00219645502375
4319	2011-10-29	1.38	0.00214537467436
4320	2011-10-30	1.35	0.00206875415028
4321	2011-10-31	1.33	0.00201767380089
4322	2011-11-01	1.31	0.0019665934515
4323	2011-11-02	1.29	0.00191551310211
4324	2011-11-03	1.27	0.00186443275272
4325	2011-11-04	1.25	0.00181335240333
4326	2011-11-05	1.22	0.00173673187925
4327	2011-11-06	1.2	0.00168565152986
4328	2011-11-07	1.18	0.00163457118047
4329	2011-11-08	1.16	0.00158349083108
4330	2011-11-09	101.85	0.258747509833
4331	2011-11-10	16.19	0.0399703733974
4332	2011-11-11	2.92	0.00607856157736
4333	2011-11-12	2.87	0.00595086070389
4334	2011-11-13	2.82	0.00582315983041
4335	2011-11-14	2.78	0.00572099913163
4336	2011-11-15	2.73	0.00559329825816
4337	2011-11-16	2.68	0.00546559738469
4338	2011-11-17	39.0	0.0982275118762
4339	2011-11-18	3.18	0.00674260611943
4340	2011-11-19	3.13	0.00661490524595
4341	2011-11-20	3.08	0.00648720437248
4342	2011-11-21	3.03	0.006359503499
4343	2011-11-22	2.98	0.00623180262553
4344	2011-11-23	2.93	0.00610410175206
4345	2011-11-24	24.74	0.0618072227614
4346	2011-11-25	3.18	0.00674260611943
4347	2011-11-26	3.13	0.00661490524595
4348	2011-11-27	3.08	0.00648720437248
4349	2011-11-28	3.02	0.00633396332431
4350	2011-11-29	2.97	0.00620626245084
4351	2011-11-30	2.92	0.00607856157736
4352	2011-12-01	2.88	0.00597640087858
4353	2011-12-02	2.83	0.00584870000511
4354	2011-12-03	2.78	0.00572099913163
4355	2011-12-04	2.73	0.00559329825816
4356	2011-12-05	2.69	0.00549113755938
4357	2011-12-06	2.64	0.00536343668591
4358	2011-12-07	27.97	0.0700566991878
4359	2011-12-08	56.72	0.143484701435
4360	2011-12-09	117.42	0.298513561833
4361	2011-12-10	5.55	0.0127956275221
4362	2011-12-11	5.46	0.0125657659498
4363	2011-12-12	5.37	0.0123359043776
4364	2011-12-13	5.28	0.0121060428053
4365	2011-12-14	5.19	0.0118761812331
4366	2011-12-15	5.1	0.0116463196608
4367	2011-12-16	5.02	0.0114419982633
4368	2011-12-17	4.94	0.0112376768657
4369	2011-12-18	4.85	0.0110078152935
4370	2011-12-19	4.77	0.0108034938959
4371	2011-12-20	159.39	0.405705675027
4372	2011-12-21	7.11	0.0167798947745
4373	2011-12-22	6.99	0.0164734126781
4374	2011-12-23	6.87	0.0161669305818
4375	2011-12-24	6.76	0.0158859886602
4376	2011-12-25	6.65	0.0156050467385
4377	2011-12-26	6.54	0.0153241048169
4378	2011-12-27	8.06	0.0192062113705
4379	2011-12-28	21.45	0.0534045052868
4380	2011-12-29	6.48	0.0151708637687
4381	2011-12-30	6.38	0.0149154620218
4382	2011-12-31	6.27	0.0146345201001
4383	2012-01-01	6.16	0.0143535781785
4384	2012-01-02	6.06	0.0140981764315
4385	2012-01-03	12.11	0.0295499821219
4386	2012-01-04	213.03	0.54270317209
4387	2012-01-05	32.07	0.0805281708127
4388	2012-01-06	9.41	0.0226541349543
4389	2012-01-07	58.73	0.148618276549
4390	2012-01-08	9.9	0.0239056035143
4391	2012-01-09	9.74	0.0234969607192
4392	2012-01-10	9.57	0.0230627777494
4393	2012-01-11	9.41	0.0226541349543
4394	2012-01-12	25.22	0.0630331511468
4395	2012-01-13	46.76	0.118046687439
4396	2012-01-14	9.81	0.0236757419421
4397	2012-01-15	9.64	0.0232415589723
4398	2012-01-16	87.06	0.220973591459
4399	2012-01-17	34.67	0.0871686162333
4400	2012-01-18	10.79	0.0261786790622
4401	2012-01-19	10.61	0.0257189559177
4402	2012-01-20	10.43	0.0252592327732
4403	2012-01-21	10.26	0.0248250498033
4404	2012-01-22	10.09	0.0243908668335
4405	2012-01-23	9.92	0.0239566838637
4406	2012-01-24	9.75	0.0235225008939
4407	2012-01-25	25.28	0.0631863921949
4408	2012-01-26	34.28	0.0861725494202
4409	2012-01-27	47.78	0.120651785258
4410	2012-01-28	10.36	0.0250804515503
4411	2012-01-29	10.19	0.0246462685805
4412	2012-01-30	10.02	0.0242120856107
4413	2012-01-31	9.85	0.0237779026409
4414	2012-02-01	9.69	0.0233692598457
4415	2012-02-02	9.53	0.0229606170506
4416	2012-02-03	35.45	0.0891607498595
4417	2012-02-04	9.63	0.0232160187976
4418	2012-02-05	9.47	0.0228073760025
4419	2012-02-06	9.32	0.022424273382
4420	2012-02-07	9.16	0.0220156305869
4421	2012-02-08	9.01	0.0216325279665
4422	2012-02-09	8.86	0.0212494253461
4423	2012-02-10	8.71	0.0208663227256
4424	2012-02-11	8.56	0.0204832201052
4425	2012-02-12	8.42	0.0201256576595
4426	2012-02-13	8.28	0.0197680952138
4427	2012-02-14	22.76	0.0567502681718
4428	2012-02-15	173.17	0.440900035756
4429	2012-02-16	10.76	0.0261020585381
4430	2012-02-17	10.58	0.0256423353936
4431	2012-02-18	10.41	0.0252081524238
4432	2012-02-19	10.24	0.024773969454
4433	2012-02-20	10.06	0.0243142463094
4434	2012-02-21	9.9	0.0239056035143
4435	2012-02-22	9.73	0.0234714205445
4436	2012-02-23	14.63	0.035986106145
4437	2012-02-24	55.32	0.139909076978
4438	2012-02-25	10.07	0.0243397864841
4439	2012-02-26	9.9	0.0239056035143
4440	2012-02-27	20.73	0.0515656127088
4441	2012-02-28	9.75	0.0235225008939
4442	2012-02-29	9.59	0.0231138580988
4443	2012-03-01	9.43	0.0227052153037
4444	2012-03-02	44.54	0.112376768657
4445	2012-03-03	35.9	0.0903100577208
4446	2012-03-04	9.95	0.0240333043878
4447	2012-03-05	9.78	0.023599121418
4448	2012-03-06	9.62	0.0231904786229
4449	2012-03-07	9.46	0.0227818358278
4450	2012-03-08	10.12	0.0244674873576
4451	2012-03-09	26.57	0.0664810747306
4452	2012-03-10	91.92	0.233386116361
4453	2012-03-11	10.47	0.0253613934719
4454	2012-03-12	10.29	0.0249016703274
4455	2012-03-13	22.12	0.0551156969914
4456	2012-03-14	11.17	0.0271492057006
4457	2012-03-15	10.58	0.0256423353936
4458	2012-03-16	9.84	0.0237523624662
4459	2012-03-17	9.95	0.0240333043878
4460	2012-03-18	9.51	0.0229095367012
4461	2012-03-19	9.36	0.0225264340808
4462	2012-03-20	9.2	0.0221177912857
4463	2012-03-21	9.05	0.0217346886653
4464	2012-03-22	8.9	0.0213515860448
4465	2012-03-23	8.75	0.0209684834244
4466	2012-03-24	8.6	0.020585380804
4467	2012-03-25	14.28	0.0350922000306
4468	2012-03-26	8.41	0.0201001174848
4469	2012-03-27	8.27	0.0197425550391
4470	2012-03-28	8.13	0.0193849925933
4471	2012-03-29	8.0	0.0190529703223
4472	2012-03-30	73.24	0.185677070031
4473	2012-03-31	23.54	0.058742401798
4474	2012-04-01	25.97	0.0649486642489
4475	2012-04-02	11.95	0.0291413393268
4476	2012-04-03	12.36	0.0301884864892
4477	2012-04-04	8.81	0.0211217244726
4478	2012-04-05	8.66	0.0207386218522
4479	2012-04-06	8.52	0.0203810594064
4480	2012-04-07	8.38	0.0200234969607
4481	2012-04-08	8.24	0.019665934515
4482	2012-04-09	8.1	0.0193083720693
4483	2012-04-10	7.97	0.0189763497982
4484	2012-04-11	7.83	0.0186187873525
4485	2012-04-12	7.7	0.0182867650815
4486	2012-04-13	83.74	0.212494253461
4487	2012-04-14	20.56	0.051131429739
4488	2012-04-15	9.04	0.0217091484906
4489	2012-04-16	9.32	0.022424273382
4490	2012-04-17	11.44	0.0278387904173
4491	2012-04-18	8.39	0.0200490371354
4492	2012-04-19	80.05	0.203069928998
4493	2012-04-20	45.78	0.115543750319
4494	2012-04-21	9.68	0.023343719671
4495	2012-04-22	9.51	0.0229095367012
4496	2012-04-23	9.36	0.0225264340808
4497	2012-04-24	9.2	0.0221177912857
4498	2012-04-25	9.05	0.0217346886653
4499	2012-04-26	8.9	0.0213515860448
4500	2012-04-27	8.75	0.0209684834244
4501	2012-04-28	8.6	0.020585380804
4502	2012-04-29	8.46	0.0202278183583
4503	2012-04-30	8.32	0.0198702559126
4504	2012-05-01	8.18	0.0195126934668
4505	2012-05-02	8.04	0.0191551310211
4506	2012-05-03	7.91	0.0188231087501
4507	2012-05-04	7.78	0.018491086479
4508	2012-05-05	7.65	0.018159064208
4509	2012-05-06	77.59	0.196787046023
4510	2012-05-07	8.52	0.0203810594064
4511	2012-05-08	8.38	0.0200234969607
4512	2012-05-09	8.24	0.019665934515
4513	2012-05-10	8.1	0.0193083720693
4514	2012-05-11	7.97	0.0189763497982
4515	2012-05-12	7.84	0.0186443275272
4516	2012-05-13	7.71	0.0183123052562
4517	2012-05-14	7.58	0.0179802829851
4518	2012-05-15	7.45	0.0176482607141
4519	2012-05-16	7.33	0.0173417786178
4520	2012-05-17	7.21	0.0170352965214
4521	2012-05-18	7.08	0.0167032742504
4522	2012-05-19	6.97	0.0164223323288
4523	2012-05-20	6.85	0.0161158502324
4524	2012-05-21	6.74	0.0158349083108
4525	2012-05-22	6.62	0.0155284262144
4526	2012-05-23	6.51	0.0152474842928
4527	2012-05-24	6.41	0.0149920825458
4528	2012-05-25	6.3	0.0147111406242
4529	2012-05-26	6.19	0.0144301987026
4530	2012-05-27	6.09	0.0141747969556
4531	2012-05-28	5.99	0.0139193952087
4532	2012-05-29	5.89	0.0136639934617
4533	2012-05-30	5.79	0.0134085917148
4534	2012-05-31	5.69	0.0131531899678
4535	2012-06-01	5.6	0.0129233283956
4536	2012-06-02	5.51	0.0126934668233
4537	2012-06-03	5.41	0.0124380650764
4538	2012-06-04	5.32	0.0122082035041
4539	2012-06-05	5.24	0.0120038821066
4540	2012-06-06	5.15	0.0117740205343
4541	2012-06-07	5.06	0.011544158962
4542	2012-06-08	4.98	0.0113398375645
4543	2012-06-09	4.89	0.0111099759922
4544	2012-06-10	4.81	0.0109056545947
4545	2012-06-11	4.73	0.0107013331971
4546	2012-06-12	4.65	0.0104970117996
4547	2012-06-13	4.58	0.0103182305767
4548	2012-06-14	4.5	0.0101139091791
4549	2012-06-15	4.43	0.00993512795628
4550	2012-06-16	4.35	0.00973080655872
4551	2012-06-17	4.28	0.00955202533585
4552	2012-06-18	4.21	0.00937324411299
4553	2012-06-19	4.14	0.00919446289013
4554	2012-06-20	4.07	0.00901568166726
4555	2012-06-21	4.0	0.0088369004444
4556	2012-06-22	3.93	0.00865811922154
4557	2012-06-23	3.87	0.00850487817337
4558	2012-06-24	3.8	0.0083260969505
4559	2012-06-25	3.74	0.00817285590233
4560	2012-06-26	3.68	0.00801961485417
4561	2012-06-27	3.62	0.007866373806
4562	2012-06-28	3.56	0.00771313275783
4563	2012-06-29	3.5	0.00755989170966
4564	2012-06-30	3.44	0.00740665066149
4565	2012-07-01	3.38	0.00725340961332
4566	2012-07-02	3.33	0.00712570873985
4567	2012-07-03	3.27	0.00697246769168
4568	2012-07-04	3.22	0.00684476681821
4569	2012-07-05	3.16	0.00669152577004
4570	2012-07-06	3.11	0.00656382489656
4571	2012-07-07	3.06	0.00643612402309
4572	2012-07-08	3.01	0.00630842314961
4573	2012-07-09	2.96	0.00618072227614
4574	2012-07-10	2.91	0.00605302140267
4575	2012-07-11	2.86	0.00592532052919
4576	2012-07-12	2.81	0.00579761965572
4577	2012-07-13	2.76	0.00566991878224
4578	2012-07-14	2.72	0.00556775808347
4579	2012-07-15	2.67	0.00544005720999
4580	2012-07-16	2.63	0.00533789651121
4581	2012-07-17	2.58	0.00521019563774
4582	2012-07-18	2.54	0.00510803493896
4583	2012-07-19	2.5	0.00500587424018
4584	2012-07-20	2.46	0.0049037135414
4585	2012-07-21	2.42	0.00480155284262
4586	2012-07-22	2.38	0.00469939214384
4587	2012-07-23	2.34	0.00459723144506
4588	2012-07-24	2.3	0.00449507074628
4589	2012-07-25	2.26	0.0043929100475
4590	2012-07-26	2.22	0.00429074934873
4591	2012-07-27	2.18	0.00418858864995
4592	2012-07-28	2.15	0.00411196812586
4593	2012-07-29	2.11	0.00400980742708
4594	2012-07-30	2.08	0.003933186903
4595	2012-07-31	2.04	0.00383102620422
4596	2012-08-01	2.01	0.00375440568013
4597	2012-08-02	1.98	0.00367778515605
4598	2012-08-03	1.94	0.00357562445727
4599	2012-08-04	1.91	0.00349900393319
4600	2012-08-05	1.88	0.0034223834091
4601	2012-08-06	1.85	0.00334576288502
4602	2012-08-07	1.82	0.00326914236093
4603	2012-08-08	1.79	0.00319252183685
4604	2012-08-09	1.76	0.00311590131276
4605	2012-08-10	1.73	0.00303928078868
4606	2012-08-11	1.7	0.0029626602646
4607	2012-08-12	1.67	0.00288603974051
4608	2012-08-13	1.64	0.00280941921643
4609	2012-08-14	1.61	0.00273279869234
4610	2012-08-15	1.59	0.00268171834295
4611	2012-08-16	1.56	0.00260509781887
4612	2012-08-17	1.53	0.00252847729478
4613	2012-08-18	1.51	0.0024773969454
4614	2012-08-19	1.48	0.00240077642131
4615	2012-08-20	1.46	0.00234969607192
4616	2012-08-21	1.44	0.00229861572253
4617	2012-08-22	1.41	0.00222199519845
4618	2012-08-23	1.39	0.00217091484906
4619	2012-08-24	1.36	0.00209429432497
4620	2012-08-25	1.34	0.00204321397558
4621	2012-08-26	1.32	0.00199213362619
4622	2012-08-27	1.3	0.0019410532768
4623	2012-08-28	1.28	0.00188997292741
4624	2012-08-29	1.25	0.00181335240333
4625	2012-08-30	1.23	0.00176227205394
4626	2012-08-31	1.21	0.00171119170455
4627	2012-09-01	1.19	0.00166011135516
4628	2012-09-02	1.17	0.00160903100577
4629	2012-09-03	1.15	0.00155795065638
4630	2012-09-04	1.13	0.00150687030699
4631	2012-09-05	1.12	0.0014813301323
4632	2012-09-06	1.1	0.00143024978291
4633	2012-09-07	1.08	0.00137916943352
4634	2012-09-08	1.06	0.00132808908413
4635	2012-09-09	1.04	0.00127700873474
4636	2012-09-10	1.03	0.00125146856004
4637	2012-09-11	1.01	0.00120038821066
4638	2012-09-12	0.99	0.00114930786127
4639	2012-09-13	0.98	0.00112376768657
4640	2012-09-14	0.96	0.00107268733718
4641	2012-09-15	0.94	0.00102160698779
4642	2012-09-16	0.93	0.000996066813097
4643	2012-09-17	0.91	0.000944986463707
4644	2012-09-18	0.9	0.000919446289013
4645	2012-09-19	0.88	0.000868365939623
4646	2012-09-20	0.87	0.000842825764928
4647	2012-09-21	0.85	0.000791745415539
4648	2012-09-22	0.84	0.000766205240844
4649	2012-09-23	0.82	0.000715124891454
4650	2012-09-24	0.81	0.000689584716759
4651	2012-09-25	0.8	0.000664044542065
4652	2012-09-26	0.78	0.000612964192675
4653	2012-09-27	0.77	0.00058742401798
4654	2012-09-28	0.76	0.000561883843285
4655	2012-09-29	0.75	0.000536343668591
4656	2012-09-30	0.73	0.000485263319201
4657	2012-10-01	0.72	0.000459723144506
4658	2012-10-02	0.71	0.000434182969812
4659	2012-10-03	0.7	0.000408642795117
4660	2012-10-04	0.69	0.000383102620422
4661	2012-10-05	0.67	0.000332022271032
4662	2012-10-06	0.66	0.000306482096338
4663	2012-10-07	0.65	0.000280941921643
4664	2012-10-08	0.64	0.000255401746948
4665	2012-10-09	0.63	0.000229861572253
4666	2012-10-10	0.62	0.000204321397558
4667	2012-10-11	0.61	0.000178781222864
4668	2012-10-12	0.6	0.000153241048169
4669	2012-10-13	0.59	0.000127700873474
4670	2012-10-14	0.58	0.000102160698779
4671	2012-10-15	0.57	7.66205240844e-05
4672	2012-10-16	0.56	5.10803493896e-05
4673	2012-10-17	0.55	2.55401746948e-05
4674	2012-10-18	0.54	0.0
4675	2012-10-19	78.82	0.199928487511
4676	2012-10-20	1.79	0.00319252183685
4677	2012-10-21	1.76	0.00311590131276
4678	2012-10-22	1.73	0.00303928078868
4679	2012-10-23	1.7	0.0029626602646
4680	2012-10-24	249.38	0.635541707105
4681	2012-10-25	5.63	0.0129999489197
4682	2012-10-26	5.54	0.0127700873474
4683	2012-10-27	5.45	0.0125402257751
4684	2012-10-28	5.36	0.0123103642029
4685	2012-10-29	5.27	0.0120805026306
4686	2012-10-30	5.18	0.0118506410584
4687	2012-10-31	5.09	0.0116207794861
4688	2012-11-01	11.16	0.0271236655259
4689	2012-11-02	392.08	1.0
4690	2012-11-03	11.18	0.0271747458753
4691	2012-11-04	10.99	0.0266894825561
4692	2012-11-05	10.81	0.0262297594116
4693	2012-11-06	10.63	0.025770036267
4694	2012-11-07	12.9	0.0315676559228
4695	2012-11-08	10.32	0.0249782908515
4696	2012-11-09	10.15	0.0245441078817
4697	2012-11-10	9.98	0.0241099249119
4698	2012-11-11	9.81	0.0236757419421
4699	2012-11-12	9.65	0.023267099147
4700	2012-11-13	9.49	0.0228584563518
4701	2012-11-14	9.33	0.0224498135567
4702	2012-11-15	9.17	0.0220411707616
4703	2012-11-16	43.24	0.109056545947
4704	2012-11-17	9.42	0.022679675129
4705	2012-11-18	9.26	0.0222710323339
4706	2012-11-19	9.11	0.0218879297134
4707	2012-11-20	8.96	0.021504827093
4708	2012-11-21	8.81	0.0211217244726
4709	2012-11-22	8.66	0.0207386218522
4710	2012-11-23	22.42	0.0558819022322
4711	2012-11-24	14.64	0.0360116463197
4712	2012-11-25	149.71	0.380982785922
4713	2012-11-26	10.69	0.0259232773152
4714	2012-11-27	10.51	0.0254635541707
4715	2012-11-28	10.33	0.0250038310262
4716	2012-11-29	10.16	0.0245696480564
4717	2012-11-30	9.99	0.0241354650866
4718	2012-12-01	9.83	0.0237268222915
4719	2012-12-02	61.52	0.155743985289
4720	2012-12-03	41.01	0.10336108699
4721	2012-12-04	10.66	0.0258466567911
4722	2012-12-05	10.48	0.0253869336466
4723	2012-12-06	10.31	0.0249527506768
4724	2012-12-07	10.13	0.0244930275323
4725	2012-12-08	9.97	0.0240843847372
4726	2012-12-09	38.5	0.0969505031414
4727	2012-12-10	12.11	0.0295499821219
4728	2012-12-11	30.54	0.0766205240844
4729	2012-12-12	25.84	0.0646166419778
4730	2012-12-13	10.21	0.0246973489299
4731	2012-12-14	10.04	0.0242631659601
4732	2012-12-15	9.88	0.0238545231649
4733	2012-12-16	9.71	0.0234203401951
4734	2012-12-17	9.55	0.0230116974
4735	2012-12-18	47.09	0.118889513204
4736	2012-12-19	9.84	0.0237523624662
4737	2012-12-20	16.23	0.0400725340961
4738	2012-12-21	13.01	0.0318485978444
4739	2012-12-22	58.89	0.149026919344
4740	2012-12-23	10.15	0.0245441078817
4741	2012-12-24	9.98	0.0241099249119
4742	2012-12-25	9.82	0.0237012821168
4743	2012-12-26	9.65	0.023267099147
4744	2012-12-27	9.49	0.0228584563518
4745	2012-12-28	9.33	0.0224498135567
4746	2012-12-29	9.18	0.0220667109363
4747	2012-12-30	9.03	0.0216836083159
4748	2012-12-31	8.88	0.0213005056955
4749	2013-01-01	8.73	0.020917403075
4750	2013-01-02	32.65	0.082009500945
4751	2013-01-03	8.83	0.021172804822
4752	2013-01-04	8.68	0.0207897022016
4753	2013-01-05	8.54	0.0204321397558
4754	2013-01-06	8.39	0.0200490371354
4755	2013-01-07	129.62	0.32967257496
4756	2013-01-08	238.65	0.608137099658
4757	2013-01-09	13.59	0.0333299279767
4758	2013-01-10	13.36	0.0327425039587
4759	2013-01-11	13.14	0.0321806201154
4760	2013-01-12	12.92	0.0316187362722
4761	2013-01-13	12.71	0.0310823926036
4762	2013-01-14	12.49	0.0305205087603
4763	2013-01-15	12.29	0.0300097052664
4764	2013-01-16	12.08	0.0294733615978
4765	2013-01-17	11.88	0.0289625581039
4766	2013-01-18	27.52	0.0689073913266
4767	2013-01-19	11.74	0.0286049956582
4768	2013-01-20	11.55	0.028119732339
4769	2013-01-21	11.35	0.0276089288451
4770	2013-01-22	11.16	0.0271236655259
4771	2013-01-23	10.98	0.0266639423814
4772	2013-01-24	10.8	0.0262042192369
4773	2013-01-25	10.62	0.0257444960924
4774	2013-01-26	10.44	0.0252847729478
4775	2013-01-27	10.26	0.0248250498033
4776	2013-01-28	10.09	0.0243908668335
4777	2013-01-29	9.93	0.0239822240384
4778	2013-01-30	9.76	0.0235480410686
4779	2013-01-31	9.6	0.0231393982735
4780	2013-02-01	9.44	0.0227307554784
4781	2013-02-02	9.28	0.0223221126833
4782	2013-02-03	9.13	0.0219390100628
4783	2013-02-04	260.81	0.664734126781
4784	2013-02-05	50.46	0.127496552076
4785	2013-02-06	13.27	0.0325126423865
4786	2013-02-07	13.05	0.0319507585432
4787	2013-02-08	12.84	0.0314144148746
4788	2013-02-09	104.56	0.265668897175
4789	2013-02-10	77.93	0.197655411963
4790	2013-02-11	16.8	0.0415283240537
4791	2013-02-12	14.48	0.0356030035245
4792	2013-02-13	14.24	0.0349900393319
4793	2013-02-14	18.92	0.046942841089
4794	2013-02-15	25.42	0.0635439546406
4795	2013-02-16	13.81	0.03389181182
4796	2013-02-17	110.87	0.281784747408
4797	2013-02-18	14.92	0.0367267712111
4798	2013-02-19	14.67	0.0360882668437
4799	2013-02-20	14.43	0.0354753026511
4800	2013-02-21	14.18	0.0348367982837
4801	2013-02-22	13.95	0.0342493742657
4802	2013-02-23	13.72	0.0336619502477
4803	2013-02-24	13.49	0.0330745262298
4804	2013-02-25	13.26	0.0324871022118
4805	2013-02-26	13.04	0.0319252183685
4806	2013-02-27	12.82	0.0313633345252
4807	2013-02-28	12.61	0.0308269908566
4808	2013-03-01	12.4	0.030290647188
4809	2013-03-02	12.19	0.0297543035194
4810	2013-03-03	11.99	0.0292435000255
4811	2013-03-04	11.79	0.0287326965316
4812	2013-03-05	11.59	0.0282218930377
4813	2013-03-06	11.4	0.0277366297185
4814	2013-03-07	169.97	0.432727179854
4815	2013-03-08	43.97	0.110920978699
4816	2013-03-09	21.99	0.0547836747203
4817	2013-03-10	47.61	0.120217602288
4818	2013-03-11	21.94	0.0546559738469
4819	2013-03-12	95.55	0.242657199775
4820	2013-03-13	15.04	0.0370332533075
4821	2013-03-14	14.79	0.0363947489401
4822	2013-03-15	14.54	0.0357562445727
4823	2013-03-16	14.3	0.03514328038
4824	2013-03-17	14.06	0.0345303161874
4825	2013-03-18	13.83	0.0339428921694
4826	2013-03-19	41.01	0.10336108699
4827	2013-03-20	13.81	0.03389181182
4828	2013-03-21	13.58	0.033304387802
4829	2013-03-22	13.36	0.0327425039587
4830	2013-03-23	13.13	0.0321550799407
4831	2013-03-24	12.91	0.0315931960975
4832	2013-03-25	12.7	0.0310568524289
4833	2013-03-26	12.49	0.0305205087603
4834	2013-03-27	12.28	0.0299841650917
4835	2013-03-28	12.14	0.029626602646
4836	2013-03-29	28.27	0.0708229044287
4837	2013-03-30	29.58	0.0741686673137
4838	2013-03-31	29.81	0.0747560913317
4839	2013-04-01	51.68	0.130612453389
4840	2013-04-02	62.23	0.157557337692
4841	2013-04-03	19.48	0.0483730908719
4842	2013-04-04	18.11	0.0448740869388
4843	2013-04-05	12.89	0.0315421157481
4844	2013-04-06	12.67	0.0309802319048
4845	2013-04-07	12.46	0.0304438882362
4846	2013-04-08	12.25	0.0299075445676
4847	2013-04-09	12.05	0.0293967410737
4848	2013-04-10	11.85	0.0288859375798
4849	2013-04-11	11.65	0.0283751340859
4850	2013-04-12	11.46	0.0278898707667
4851	2013-04-13	11.27	0.0274046074475
4852	2013-04-14	11.08	0.0269193441283
4853	2013-04-15	10.89	0.0264340808091
4854	2013-04-16	10.71	0.0259743576646
4855	2013-04-17	10.53	0.0255146345201
4856	2013-04-18	10.36	0.0250804515503
4857	2013-04-19	10.19	0.0246462685805
4858	2013-04-20	10.02	0.0242120856107
4859	2013-04-21	9.85	0.0237779026409
4860	2013-04-22	9.68	0.023343719671
4861	2013-04-23	9.52	0.0229350768759
4862	2013-04-24	9.36	0.0225264340808
4863	2013-04-25	9.21	0.0221433314604
4864	2013-04-26	35.08	0.0882157633958
4865	2013-04-27	92.01	0.233615977933
4866	2013-04-28	16.68	0.0412218419574
4867	2013-04-29	10.43	0.0252592327732
4868	2013-04-30	124.36	0.316238443071
4869	2013-05-01	50.71	0.128135056444
4870	2013-05-02	16.19	0.0399703733974
4871	2013-05-03	12.2	0.0297798436941
4872	2013-05-04	12.0	0.0292690402002
4873	2013-05-05	11.8	0.0287582367063
4874	2013-05-06	11.6	0.0282474332124
4875	2013-05-07	11.41	0.0277621698932
4876	2013-05-08	11.22	0.027276906574
4877	2013-05-09	11.03	0.0267916432548
4878	2013-05-10	10.85	0.0263319201103
4879	2013-05-11	10.67	0.0258721969658
4880	2013-05-12	10.49	0.0254124738213
4881	2013-05-13	10.32	0.0249782908515
4882	2013-05-14	13.99	0.0343515349645
4883	2013-05-15	19.06	0.0473004035348
4884	2013-05-16	10.01	0.024186545436
4885	2013-05-17	9.85	0.0237779026409
4886	2013-05-18	9.68	0.023343719671
4887	2013-05-19	9.52	0.0229350768759
4888	2013-05-20	52.52	0.132757828064
4889	2013-05-21	9.9	0.0239056035143
4890	2013-05-22	9.74	0.0234969607192
4891	2013-05-23	9.58	0.0230883179241
4892	2013-05-24	23.87	0.059585227563
4893	2013-05-25	33.55	0.0843081166675
4894	2013-05-26	9.72	0.0234458803698
4895	2013-05-27	9.56	0.0230372375747
4896	2013-05-28	9.4	0.0226285947796
4897	2013-05-29	9.24	0.0222199519845
4898	2013-05-30	9.09	0.021836849364
4899	2013-05-31	8.94	0.0214537467436
4900	2013-06-01	8.79	0.0210706441232
4901	2013-06-02	8.64	0.0206875415028
4902	2013-06-03	8.5	0.0203299790571
4903	2013-06-04	8.36	0.0199724166113
4904	2013-06-05	8.22	0.0196148541656
4905	2013-06-06	8.08	0.0192572917199
4906	2013-06-07	7.95	0.0189252694488
4907	2013-06-08	7.81	0.0185677070031
4908	2013-06-09	7.68	0.0182356847321
4909	2013-06-10	7.56	0.0179292026357
4910	2013-06-11	7.43	0.0175971803647
4911	2013-06-12	7.31	0.0172906982684
4912	2013-06-13	7.18	0.0169586759973
4913	2013-06-14	7.06	0.016652193901
4914	2013-06-15	6.95	0.0163712519794
4915	2013-06-16	6.83	0.016064769883
4916	2013-06-17	6.72	0.0157838279614
4917	2013-06-18	6.6	0.015477345865
4918	2013-06-19	6.49	0.0151964039434
4919	2013-06-20	6.39	0.0149410021965
4920	2013-06-21	6.28	0.0146600602748
4921	2013-06-22	6.18	0.0144046585279
4922	2013-06-23	6.07	0.0141237166062
4923	2013-06-24	5.97	0.0138683148593
4924	2013-06-25	5.87	0.0136129131123
4925	2013-06-26	5.77	0.0133575113654
4926	2013-06-27	5.68	0.0131276497931
4927	2013-06-28	5.58	0.0128722480462
4928	2013-06-29	5.49	0.0126423864739
4929	2013-06-30	5.4	0.0124125249017
4930	2013-07-01	5.31	0.0121826633294
4931	2013-07-02	5.22	0.0119528017572
4932	2013-07-03	5.13	0.0117229401849
4933	2013-07-04	5.05	0.0115186187874
4934	2013-07-05	4.96	0.0112887572151
4935	2013-07-06	4.88	0.0110844358175
4936	2013-07-07	4.8	0.01088011442
4937	2013-07-08	4.72	0.0106757930224
4938	2013-07-09	4.64	0.0104714716249
4939	2013-07-10	4.56	0.0102671502273
4940	2013-07-11	4.49	0.0100883690044
4941	2013-07-12	4.41	0.00988404760689
4942	2013-07-13	4.34	0.00970526638402
4943	2013-07-14	4.27	0.00952648516116
4944	2013-07-15	4.2	0.00934770393829
4945	2013-07-16	4.13	0.00916892271543
4946	2013-07-17	4.06	0.00899014149257
4947	2013-07-18	3.99	0.0088113602697
4948	2013-07-19	3.92	0.00863257904684
4949	2013-07-20	3.86	0.00847933799867
4950	2013-07-21	3.79	0.00830055677581
4951	2013-07-22	3.73	0.00814731572764
4952	2013-07-23	3.67	0.00799407467947
4953	2013-07-24	3.61	0.0078408336313
4954	2013-07-25	3.55	0.00768759258313
4955	2013-07-26	3.49	0.00753435153496
4956	2013-07-27	3.43	0.0073811104868
4957	2013-07-28	3.37	0.00722786943863
4958	2013-07-29	3.32	0.00710016856515
4959	2013-07-30	3.26	0.00694692751698
4960	2013-07-31	3.21	0.00681922664351
4961	2013-08-01	3.15	0.00666598559534
4962	2013-08-02	3.1	0.00653828472187
4963	2013-08-03	3.05	0.00641058384839
4964	2013-08-04	3.0	0.00628288297492
4965	2013-08-05	2.95	0.00615518210145
4966	2013-08-06	2.9	0.00602748122797
4967	2013-08-07	2.85	0.0058997803545
4968	2013-08-08	2.8	0.00577207948102
4969	2013-08-09	2.76	0.00566991878224
4970	2013-08-10	2.71	0.00554221790877
4971	2013-08-11	2.67	0.00544005720999
4972	2013-08-12	2.62	0.00531235633652
4973	2013-08-13	2.58	0.00521019563774
4974	2013-08-14	2.53	0.00508249476426
4975	2013-08-15	2.49	0.00498033406549
4976	2013-08-16	2.45	0.00487817336671
4977	2013-08-17	2.41	0.00477601266793
4978	2013-08-18	2.37	0.00467385196915
4979	2013-08-19	2.33	0.00457169127037
4980	2013-08-20	2.29	0.00446953057159
4981	2013-08-21	2.25	0.00436736987281
4982	2013-08-22	2.22	0.00429074934873
4983	2013-08-23	2.18	0.00418858864995
4984	2013-08-24	2.14	0.00408642795117
4985	2013-08-25	2.11	0.00400980742708
4986	2013-08-26	2.07	0.0039076467283
4987	2013-08-27	2.04	0.00383102620422
4988	2013-08-28	2.0	0.00372886550544
4989	2013-08-29	1.97	0.00365224498136
4990	2013-08-30	1.94	0.00357562445727
4991	2013-08-31	1.9	0.00347346375849
4992	2013-09-01	1.87	0.00339684323441
4993	2013-09-02	1.84	0.00332022271032
4994	2013-09-03	1.81	0.00324360218624
4995	2013-09-04	1.78	0.00316698166215
4996	2013-09-05	1.75	0.00309036113807
4997	2013-09-06	1.72	0.00301374061399
4998	2013-09-07	1.69	0.0029371200899
4999	2013-09-08	1.66	0.00286049956582
5000	2013-09-09	1.64	0.00280941921643
5001	2013-09-10	1.61	0.00273279869234
5002	2013-09-11	1.58	0.00265617816826
5003	2013-09-12	1.56	0.00260509781887
5004	2013-09-13	1.53	0.00252847729478
5005	2013-09-14	1.5	0.0024518567707
5006	2013-09-15	1.48	0.00240077642131
5007	2013-09-16	1.46	0.00234969607192
5008	2013-09-17	1.43	0.00227307554784
5009	2013-09-18	1.41	0.00222199519845
5010	2013-09-19	1.38	0.00214537467436
5011	2013-09-20	1.36	0.00209429432497
5012	2013-09-21	1.34	0.00204321397558
5013	2013-09-22	1.32	0.00199213362619
5014	2013-09-23	1.29	0.00191551310211
5015	2013-09-24	1.27	0.00186443275272
5016	2013-09-25	1.25	0.00181335240333
5017	2013-09-26	1.23	0.00176227205394
5018	2013-09-27	1.21	0.00171119170455
5019	2013-09-28	1.19	0.00166011135516
5020	2013-09-29	1.17	0.00160903100577
5021	2013-09-30	1.15	0.00155795065638
5022	2013-10-01	1.13	0.00150687030699
5023	2013-10-02	1.11	0.0014557899576
5024	2013-10-03	1.09	0.00140470960821
5025	2013-10-04	1.08	0.00137916943352
5026	2013-10-05	1.06	0.00132808908413
5027	2013-10-06	1.04	0.00127700873474
5028	2013-10-07	1.02	0.00122592838535
5029	2013-10-08	1.01	0.00120038821066
5030	2013-10-09	0.99	0.00114930786127
5031	2013-10-10	0.97	0.00109822751188
5032	2013-10-11	0.96	0.00107268733718
5033	2013-10-12	0.94	0.00102160698779
5034	2013-10-13	0.92	0.000970526638402
5035	2013-10-14	0.91	0.000944986463707
5036	2013-10-15	0.89	0.000893906114318
5037	2013-10-16	0.88	0.000868365939623
5038	2013-10-17	0.86	0.000817285590233
5039	2013-10-18	6.97	0.0164223323288
5040	2013-10-19	0.98	0.00112376768657
5041	2013-10-20	0.92	0.000970526638402
5042	2013-10-21	0.9	0.000919446289013
5043	2013-10-22	0.89	0.000893906114318
5044	2013-10-23	0.87	0.000842825764928
5045	2013-10-24	0.86	0.000817285590233
5046	2013-10-25	0.85	0.000791745415539
5047	2013-10-26	0.83	0.000740665066149
5048	2013-10-27	0.82	0.000715124891454
5049	2013-10-28	0.8	0.000664044542065
5050	2013-10-29	0.79	0.00063850436737
5051	2013-10-30	0.78	0.000612964192675
5052	2013-10-31	0.76	0.000561883843285
5053	2013-11-01	0.75	0.000536343668591
5054	2013-11-02	0.74	0.000510803493896
5055	2013-11-03	0.73	0.000485263319201
5056	2013-11-04	0.71	0.000434182969812
5057	2013-11-05	0.7	0.000408642795117
5058	2013-11-06	34.82	0.0875517188538
5059	2013-11-07	1.23	0.00176227205394
5060	2013-11-08	1.21	0.00171119170455
5061	2013-11-09	1.19	0.00166011135516
5062	2013-11-10	1.17	0.00160903100577
5063	2013-11-11	1.15	0.00155795065638
5064	2013-11-12	3.7	0.00807069520356
5065	2013-11-13	1.15	0.00155795065638
5066	2013-11-14	1.13	0.00150687030699
5067	2013-11-15	1.12	0.0014813301323
5068	2013-11-16	1.1	0.00143024978291
5069	2013-11-17	1.08	0.00137916943352
5070	2013-11-18	35.23	0.0885988660162
5071	2013-11-19	1.59	0.00268171834295
5072	2013-11-20	1.57	0.00263063799356
5073	2013-11-21	1.54	0.00255401746948
5074	2013-11-22	81.61	0.207054196251
5075	2013-11-23	45.21	0.114087960362
5076	2013-11-24	3.42	0.0073555703121
5077	2013-11-25	3.36	0.00720232926393
5078	2013-11-26	40.39	0.101777596159
5079	2013-11-27	13.82	0.0339173519947
5080	2013-11-28	3.94	0.00868365939623
5081	2013-11-29	3.88	0.00853041834806
5082	2013-11-30	3.81	0.0083516371252
5083	2013-12-01	3.75	0.00819839607703
5084	2013-12-02	3.69	0.00804515502886
5085	2013-12-03	3.63	0.00789191398069
5086	2013-12-04	3.63	0.00789191398069
5087	2013-12-05	3.51	0.00758543188435
5088	2013-12-06	3.45	0.00743219083619
5089	2013-12-07	42.09	0.106119425857
5090	2013-12-08	3.96	0.00873473974562
5091	2013-12-09	3.89	0.00855595852276
5092	2013-12-10	3.83	0.00840271747459
5093	2013-12-11	3.76	0.00822393625172
5094	2013-12-12	31.75	0.0797108852225
5095	2013-12-13	4.09	0.00906676201665
5096	2013-12-14	4.02	0.00888798079379
5097	2013-12-15	3.96	0.00873473974562
5098	2013-12-16	3.89	0.00855595852276
5099	2013-12-17	3.83	0.00840271747459
5100	2013-12-18	3.76	0.00822393625172
5101	2013-12-19	3.7	0.00807069520356
5102	2013-12-20	3.64	0.00791745415539
5103	2013-12-21	3.58	0.00776421310722
5104	2013-12-22	3.52	0.00761097205905
5105	2013-12-23	43.3	0.109209786995
5106	2013-12-24	105.94	0.269193441283
5107	2013-12-25	5.62	0.012974408745
5108	2013-12-26	5.53	0.0127445471727
5109	2013-12-27	5.43	0.0124891454258
5110	2013-12-28	5.34	0.0122592838535
5111	2013-12-29	5.28	0.0121060428053
5112	2013-12-30	5.22	0.0119528017572
5113	2013-12-31	5.08	0.0115952393114
5114	2014-01-01	5.0	0.0113909179139
5115	2014-01-02	91.11	0.231317362211
5116	2014-01-03	6.22	0.0145068192266
5117	2014-01-04	6.12	0.0142514174797
5118	2014-01-05	6.02	0.0139960157327
5119	2014-01-06	5.92	0.0137406139858
5120	2014-01-07	5.82	0.0134852122389
5121	2014-01-08	5.72	0.0132298104919
5122	2014-01-09	32.91	0.0826735454871
5123	2014-01-10	5.97	0.0138683148593
5124	2014-01-11	5.87	0.0136129131123
5125	2014-01-12	5.77	0.0133575113654
5126	2014-01-13	5.68	0.0131276497931
5127	2014-01-14	5.58	0.0128722480462
5128	2014-01-15	5.49	0.0126423864739
5129	2014-01-16	5.4	0.0124125249017
5130	2014-01-17	5.31	0.0121826633294
5131	2014-01-18	5.22	0.0119528017572
5132	2014-01-19	5.13	0.0117229401849
5133	2014-01-20	5.05	0.0115186187874
5134	2014-01-21	4.96	0.0112887572151
5135	2014-01-22	4.88	0.0110844358175
5136	2014-01-23	4.8	0.01088011442
5137	2014-01-24	4.72	0.0106757930224
5138	2014-01-25	4.64	0.0104714716249
5139	2014-01-26	4.56	0.0102671502273
5140	2014-01-27	4.49	0.0100883690044
5141	2014-01-28	20.0	0.0497011799561
5142	2014-01-29	162.16	0.412780303417
5143	2014-01-30	43.25	0.109082086121
5144	2014-01-31	7.52	0.017827041937
5145	2014-02-01	7.39	0.0174950196659
5146	2014-02-02	17.7	0.0438269397763
5147	2014-02-03	7.32	0.0173162384431
5148	2014-02-04	7.2	0.0170097563467
5149	2014-02-05	7.08	0.0167032742504
5150	2014-02-06	6.96	0.0163967921541
5151	2014-02-07	6.84	0.0160903100577
5152	2014-02-08	13.09	0.032052919242
5153	2014-02-09	15.45	0.0380804004699
5154	2014-02-10	6.75	0.0158604484855
5155	2014-02-11	6.63	0.0155539663891
5156	2014-02-12	11.1	0.0269704244777
5157	2014-02-13	63.03	0.159600551668
5158	2014-02-14	7.29	0.017239617919
5159	2014-02-15	7.17	0.0169331358226
5160	2014-02-16	7.05	0.0166266537263
5161	2014-02-17	6.93	0.01632017163
5162	2014-02-18	6.82	0.0160392297083
5163	2014-02-19	65.81	0.166700720233
5164	2014-02-20	7.55	0.0179036624611
5165	2014-02-21	14.88	0.0366246105123
5166	2014-02-22	7.42	0.01757164019
5167	2014-02-23	7.29	0.017239617919
5168	2014-02-24	7.17	0.0169331358226
5169	2014-02-25	7.05	0.0166266537263
5170	2014-02-26	73.36	0.185983552127
5171	2014-02-27	7.89	0.0187720284007
5172	2014-02-28	7.76	0.0184400061296
5173	2014-03-01	7.63	0.0181079838586
5174	2014-03-02	7.5	0.0177759615876
5175	2014-03-03	7.38	0.0174694794912
5176	2014-03-04	7.25	0.0171374572202
5177	2014-03-05	7.13	0.0168309751239
5178	2014-03-06	7.01	0.0165244930275
5179	2014-03-07	6.9	0.0162435511059
5180	2014-03-08	6.78	0.0159370690096
5181	2014-03-09	6.67	0.0156561270879
5182	2014-03-10	26.99	0.0675537620677
5183	2014-03-11	6.78	0.0159370690096
5184	2014-03-12	6.66	0.0156305869132
5185	2014-03-13	6.55	0.0153496449916
5186	2014-03-14	9.03	0.0216836083159
5187	2014-03-15	24.57	0.0613730397916
5188	2014-03-16	6.57	0.015400725341
5189	2014-03-17	6.46	0.0151197834193
5190	2014-03-18	6.35	0.0148388414977
5191	2014-03-19	6.24	0.014557899576
5192	2014-03-20	6.14	0.0143024978291
5193	2014-03-21	6.04	0.0140470960821
5194	2014-03-22	5.94	0.0137916943352
5195	2014-03-23	5.84	0.0135362925882
5196	2014-03-24	5.74	0.0132808908413
5197	2014-03-25	5.64	0.0130254890943
5198	2014-03-26	5.55	0.0127956275221
5199	2014-03-27	5.46	0.0125657659498
5200	2014-03-28	35.52	0.0893395310824
5201	2014-03-29	5.76	0.0133319711907
5202	2014-03-30	52.98	0.1339326761
5203	2014-03-31	6.34	0.014813301323
5204	2014-04-01	6.23	0.0145323594013
5205	2014-04-02	6.13	0.0142769576544
5206	2014-04-03	6.02	0.0139960157327
5207	2014-04-04	5.92	0.0137406139858
5208	2014-04-05	5.82	0.0134852122389
5209	2014-04-06	5.73	0.0132553506666
5210	2014-04-07	55.67	0.140802983092
5211	2014-04-08	70.31	0.178193798846
5212	2014-04-09	32.3	0.0811155948307
5213	2014-04-10	31.97	0.0802727690657
5214	2014-04-11	320.41	0.816953567962
5215	2014-04-12	39.3	0.098993717117
5216	2014-04-13	28.38	0.0711038463503
5217	2014-04-14	17.16	0.0424477703427
5218	2014-04-15	12.83	0.0313888746999
5219	2014-04-16	12.62	0.0308525310313
5220	2014-04-17	157.58	0.401082903407
5221	2014-04-18	14.54	0.0357562445727
5222	2014-04-19	14.3	0.03514328038
5223	2014-04-20	14.06	0.0345303161874
5224	2014-04-21	13.82	0.0339173519947
5225	2014-04-22	13.59	0.0333299279767
5226	2014-04-23	34.04	0.0855595852276
5227	2014-04-24	13.48	0.0330489860551
5228	2014-04-25	13.25	0.0324615620371
5229	2014-04-26	15.61	0.0384890432651
5230	2014-04-27	103.65	0.263344741278
5231	2014-04-28	18.15	0.0449762476375
5232	2014-04-29	62.99	0.159498390969
5233	2014-04-30	38.73	0.0975379271594
5234	2014-05-01	14.64	0.0360116463197
5235	2014-05-02	14.4	0.035398682127
5236	2014-05-03	14.16	0.0347857179343
5237	2014-05-04	13.92	0.0341727537416
5238	2014-05-05	34.07	0.0856362057516
5239	2014-05-06	13.79	0.0338407314706
5240	2014-05-07	13.56	0.0332533074526
5241	2014-05-08	13.34	0.0326914236093
5242	2014-05-09	13.11	0.0321039995914
5243	2014-05-10	12.9	0.0315676559228
5244	2014-05-11	12.68	0.0310057720795
5245	2014-05-12	12.47	0.0304694284109
5246	2014-05-13	12.26	0.0299330847423
5247	2014-05-14	12.06	0.0294222812484
5248	2014-05-15	11.86	0.0289114777545
5249	2014-05-16	11.66	0.0284006742606
5250	2014-05-17	11.46	0.0278898707667
5251	2014-05-18	11.27	0.0274046074475
5252	2014-05-19	11.08	0.0269193441283
5253	2014-05-20	10.9	0.0264596209838
5254	2014-05-21	10.72	0.0259998978393
5255	2014-05-22	10.54	0.0255401746948
5256	2014-05-23	36.64	0.0922000306482
5257	2014-05-24	65.12	0.164938448179
5258	2014-05-25	11.32	0.027532308321
5259	2014-05-26	11.13	0.0270470450018
5260	2014-05-27	10.94	0.0265617816826
5261	2014-05-28	10.76	0.0261020585381
5262	2014-05-29	10.58	0.0256423353936
5263	2014-05-30	10.4	0.0251826122491
5264	2014-05-31	10.23	0.0247484292793
5265	2014-06-01	10.06	0.0243142463094
5266	2014-06-02	9.89	0.0238800633396
5267	2014-06-03	9.73	0.0234714205445
5268	2014-06-04	9.57	0.0230627777494
5269	2014-06-05	9.41	0.0226541349543
5270	2014-06-06	64.75	0.163993461715
5271	2014-06-07	172.5	0.439188844052
5272	2014-06-08	12.44	0.0303928078868
5273	2014-06-09	12.24	0.0298820043929
5274	2014-06-10	38.42	0.0967461817439
5275	2014-06-11	12.26	0.0299330847423
5276	2014-06-12	12.05	0.0293967410737
5277	2014-06-13	11.85	0.0288859375798
5278	2014-06-14	11.65	0.0283751340859
5279	2014-06-15	11.46	0.0278898707667
5280	2014-06-16	11.27	0.0274046074475
5281	2014-06-17	11.08	0.0269193441283
5282	2014-06-18	10.9	0.0264596209838
5283	2014-06-19	10.71	0.0259743576646
5284	2014-06-20	10.54	0.0255401746948
5285	2014-06-21	10.36	0.0250804515503
5286	2014-06-22	10.19	0.0246462685805
5287	2014-06-23	10.02	0.0242120856107
5288	2014-06-24	9.85	0.0237779026409
5289	2014-06-25	9.69	0.0233692598457
5290	2014-06-26	9.53	0.0229606170506
5291	2014-06-27	9.37	0.0225519742555
5292	2014-06-28	9.21	0.0221433314604
5293	2014-06-29	9.06	0.02176022884
5294	2014-06-30	8.91	0.0213771262195
5295	2014-07-01	8.76	0.0209940235991
5296	2014-07-02	8.61	0.0206109209787
5297	2014-07-03	8.47	0.020253358533
5298	2014-07-04	8.33	0.0198957960872
5299	2014-07-05	8.19	0.0195382336415
5300	2014-07-06	8.05	0.0191806711958
5301	2014-07-07	7.92	0.0188486489248
5302	2014-07-08	7.79	0.0185166266537
5303	2014-07-09	7.66	0.0181846043827
5304	2014-07-10	7.53	0.0178525821117
5305	2014-07-11	7.4	0.0175205598406
5306	2014-07-12	7.28	0.0172140777443
5307	2014-07-13	7.16	0.016907595648
5308	2014-07-14	7.04	0.0166011135516
5309	2014-07-15	6.92	0.0162946314553
5310	2014-07-16	6.81	0.0160136895336
5311	2014-07-17	6.69	0.0157072074373
5312	2014-07-18	6.58	0.0154262655157
5313	2014-07-19	6.47	0.015145323594
5314	2014-07-20	6.36	0.0148643816724
5315	2014-07-21	6.26	0.0146089799254
5316	2014-07-22	6.15	0.0143280380038
5317	2014-07-23	6.05	0.0140726362568
5318	2014-07-24	5.95	0.0138172345099
5319	2014-07-25	5.85	0.0135618327629
5320	2014-07-26	5.75	0.013306431016
5321	2014-07-27	5.66	0.0130765694437
5322	2014-07-28	5.56	0.0128211676968
5323	2014-07-29	5.47	0.0125913061245
5324	2014-07-30	5.38	0.0123614445523
5325	2014-07-31	5.29	0.01213158298
5326	2014-08-01	5.2	0.0119017214078
5327	2014-08-02	5.11	0.0116718598355
5328	2014-08-03	5.03	0.011467538438
5329	2014-08-04	4.95	0.0112632170404
5330	2014-08-05	4.86	0.0110333554682
5331	2014-08-06	4.78	0.0108290340706
5332	2014-08-07	4.7	0.010624712673
5333	2014-08-08	4.62	0.0104203912755
5334	2014-08-09	4.55	0.0102416100526
5335	2014-08-10	4.47	0.0100372886551
5336	2014-08-11	4.4	0.00985850743219
5337	2014-08-12	4.32	0.00965418603463
5338	2014-08-13	4.25	0.00947540481177
5339	2014-08-14	4.18	0.00929662358891
5340	2014-08-15	4.11	0.00911784236604
5341	2014-08-16	4.04	0.00893906114318
5342	2014-08-17	3.97	0.00876027992031
5343	2014-08-18	3.91	0.00860703887215
5344	2014-08-19	3.84	0.00842825764928
5345	2014-08-20	3.78	0.00827501660111
5346	2014-08-21	3.72	0.00812177555294
5347	2014-08-22	3.65	0.00794299433008
5348	2014-08-23	3.59	0.00778975328191
5349	2014-08-24	3.53	0.00763651223374
5350	2014-08-25	3.47	0.00748327118557
5351	2014-08-26	3.42	0.0073555703121
5352	2014-08-27	3.36	0.00720232926393
5353	2014-08-28	3.3	0.00704908821576
5354	2014-08-29	3.25	0.00692138734229
5355	2014-08-30	3.19	0.00676814629412
5356	2014-08-31	3.14	0.00664044542065
5357	2014-09-01	3.09	0.00651274454717
5358	2014-09-02	3.04	0.0063850436737
5359	2014-09-03	2.99	0.00625734280022
5360	2014-09-04	2.94	0.00612964192675
5361	2014-09-05	2.89	0.00600194105328
5362	2014-09-06	2.84	0.0058742401798
5363	2014-09-07	2.79	0.00574653930633
5364	2014-09-08	2.75	0.00564437860755
5365	2014-09-09	2.7	0.00551667773408
5366	2014-09-10	2.66	0.0054145170353
5367	2014-09-11	2.61	0.00528681616182
5368	2014-09-12	2.57	0.00518465546304
5369	2014-09-13	2.52	0.00505695458957
5370	2014-09-14	2.48	0.00495479389079
5371	2014-09-15	2.44	0.00485263319201
5372	2014-09-16	2.4	0.00475047249323
5373	2014-09-17	2.36	0.00464831179445
5374	2014-09-18	2.32	0.00454615109567
5375	2014-09-19	2.28	0.00444399039689
5376	2014-09-20	2.24	0.00434182969812
5377	2014-09-21	2.21	0.00426520917403
5378	2014-09-22	2.17	0.00416304847525
5379	2014-09-23	2.13	0.00406088777647
5380	2014-09-24	2.1	0.00398426725239
5381	2014-09-25	2.06	0.00388210655361
5382	2014-09-26	2.03	0.00380548602952
5383	2014-09-27	2.0	0.00372886550544
5384	2014-09-28	1.96	0.00362670480666
5385	2014-09-29	1.93	0.00355008428258
5386	2014-09-30	1.9	0.00347346375849
5387	2014-10-01	1.87	0.00339684323441
5388	2014-10-02	1.83	0.00329468253563
5389	2014-10-03	1.8	0.00321806201154
5390	2014-10-04	1.77	0.00314144148746
5391	2014-10-05	1.74	0.00306482096338
5392	2014-10-06	1.72	0.00301374061399
5393	2014-10-07	1.69	0.0029371200899
5394	2014-10-08	1.66	0.00286049956582
5395	2014-10-09	1.63	0.00278387904173
5396	2014-10-10	1.6	0.00270725851765
5397	2014-10-11	1.58	0.00265617816826
5398	2014-10-12	1.55	0.00257955764417
5399	2014-10-13	1.53	0.00252847729478
5400	2014-10-14	1.5	0.0024518567707
5401	2014-10-15	1.47	0.00237523624662
5402	2014-10-16	1.45	0.00232415589723
5403	2014-10-17	1.43	0.00227307554784
5404	2014-10-18	1.4	0.00219645502375
5405	2014-10-19	1.38	0.00214537467436
5406	2014-10-20	1.36	0.00209429432497
5407	2014-10-21	1.33	0.00201767380089
5408	2014-10-22	1.31	0.0019665934515
5409	2014-10-23	1.88	0.0034223834091
5410	2014-10-24	1.28	0.00188997292741
5411	2014-10-25	1.26	0.00183889257803
5412	2014-10-26	1.23	0.00176227205394
5413	2014-10-27	1.21	0.00171119170455
5414	2014-10-28	10.74	0.0260509781887
5415	2014-10-29	15.42	0.0380037799459
5416	2014-10-30	3.02	0.00633396332431
5417	2014-10-31	1.53	0.00252847729478
5418	2014-11-01	1.51	0.0024773969454
5419	2014-11-02	1.48	0.00240077642131
5420	2014-11-03	7.84	0.0186443275272
5421	2014-11-04	1.53	0.00252847729478
5422	2014-11-05	1.51	0.0024773969454
5423	2014-11-06	1.48	0.00240077642131
5424	2014-11-07	23.73	0.0592276651172
5425	2014-11-08	16.23	0.0400725340961
5426	2014-11-09	2.0	0.00372886550544
5427	2014-11-10	1.96	0.00362670480666
5428	2014-11-11	1.93	0.00355008428258
5429	2014-11-12	1.9	0.00347346375849
5430	2014-11-13	1.87	0.00339684323441
5431	2014-11-14	1.84	0.00332022271032
5432	2014-11-15	2.04	0.00383102620422
5433	2014-11-16	1.78	0.00316698166215
5434	2014-11-17	1.75	0.00309036113807
5435	2014-11-18	1.72	0.00301374061399
5436	2014-11-19	1.69	0.0029371200899
5437	2014-11-20	1.66	0.00286049956582
5438	2014-11-21	1.64	0.00280941921643
5439	2014-11-22	1.61	0.00273279869234
5440	2014-11-23	1.58	0.00265617816826
5441	2014-11-24	1.56	0.00260509781887
5442	2014-11-25	1.53	0.00252847729478
5443	2014-11-26	1.5	0.0024518567707
5444	2014-11-27	1.48	0.00240077642131
5445	2014-11-28	1.45	0.00232415589723
5446	2014-11-29	89.09	0.226158246922
5447	2014-11-30	2.82	0.00582315983041
5448	2014-12-01	2.94	0.00612964192675
5449	2014-12-02	2.73	0.00559329825816
5450	2014-12-03	2.68	0.00546559738469
5451	2014-12-04	2.64	0.00536343668591
5452	2014-12-05	12.37	0.0302140266639
5453	2014-12-06	161.03	0.409894263677
5454	2014-12-07	24.11	0.0601981917556
5455	2014-12-08	5.43	0.0124891454258
5456	2014-12-09	5.34	0.0122592838535
5457	2014-12-10	5.25	0.0120294222812
5458	2014-12-11	5.17	0.0118251008837
5459	2014-12-12	103.84	0.263830004597
5460	2014-12-13	105.69	0.268554936916
5461	2014-12-14	8.08	0.0192572917199
5462	2014-12-15	7.94	0.0188997292741
5463	2014-12-16	7.81	0.0185677070031
5464	2014-12-17	7.68	0.0182356847321
5465	2014-12-18	7.55	0.0179036624611
5466	2014-12-19	7.42	0.01757164019
5467	2014-12-20	7.3	0.0172651580937
5468	2014-12-21	76.83	0.194845992747
5469	2014-12-22	8.18	0.0195126934668
5470	2014-12-23	8.05	0.0191806711958
5471	2014-12-24	7.91	0.0188231087501
5472	2014-12-25	7.78	0.018491086479
5473	2014-12-26	7.65	0.018159064208
5474	2014-12-27	7.52	0.017827041937
5475	2014-12-28	7.4	0.0175205598406
5476	2014-12-29	7.27	0.0171885375696
5477	2014-12-30	7.15	0.0168820554733
5478	2014-12-31	7.03	0.0165755733769
5479	2015-01-01	6.92	0.0162946314553
5480	2015-01-02	6.8	0.0159881493589
5481	2015-01-03	6.69	0.0157072074373
5482	2015-01-04	6.58	0.0154262655157
5483	2015-01-05	6.47	0.015145323594
5484	2015-01-06	64.92	0.164427644685
5485	2015-01-07	7.2	0.0170097563467
5486	2015-01-08	7.08	0.0167032742504
5487	2015-01-09	6.96	0.0163967921541
5488	2015-01-10	166.06	0.422740971548
5489	2015-01-11	9.3	0.0223731930326
5490	2015-01-12	120.2	0.305613730398
5491	2015-01-13	10.78	0.0261531388875
5492	2015-01-14	10.6	0.025693415743
5493	2015-01-15	10.42	0.0252336925985
5494	2015-01-16	10.25	0.0247995096286
5495	2015-01-17	10.08	0.0243653266588
5496	2015-01-18	9.91	0.023931143689
5497	2015-01-19	9.74	0.0234969607192
5498	2015-01-20	9.58	0.0230883179241
5499	2015-01-21	9.42	0.022679675129
5500	2015-01-22	9.27	0.0222965725086
5501	2015-01-23	9.11	0.0218879297134
5502	2015-01-24	8.96	0.021504827093
5503	2015-01-25	8.81	0.0211217244726
5504	2015-01-26	8.66	0.0207386218522
5505	2015-01-27	8.52	0.0203810594064
5506	2015-01-28	8.38	0.0200234969607
5507	2015-01-29	8.24	0.019665934515
5508	2015-01-30	8.1	0.0193083720693
5509	2015-01-31	7.96	0.0189508096235
5510	2015-02-01	7.83	0.0186187873525
5511	2015-02-02	7.7	0.0182867650815
5512	2015-02-03	7.57	0.0179547428104
5513	2015-02-04	7.45	0.0176482607141
5514	2015-02-05	37.67	0.0948306686418
5515	2015-02-06	7.69	0.0182612249068
5516	2015-02-07	7.56	0.0179292026357
5517	2015-02-08	7.44	0.0176227205394
5518	2015-02-09	7.31	0.0172906982684
5519	2015-02-10	7.19	0.016984216172
5520	2015-02-11	7.07	0.0166777340757
5521	2015-02-12	6.95	0.0163712519794
5522	2015-02-13	6.84	0.0160903100577
5523	2015-02-14	6.72	0.0157838279614
5524	2015-02-15	287.18	0.732083567452
5525	2015-02-16	38.1	0.0959288961536
5526	2015-02-17	22.5	0.0560862236298
5527	2015-02-18	122.46	0.311385809879
5528	2015-02-19	88.93	0.225749604127
5529	2015-02-20	13.88	0.0340705930429
5530	2015-02-21	13.65	0.0334831690249
5531	2015-02-22	132.86	0.337947591562
5532	2015-02-23	15.13	0.0372631148797
5533	2015-02-24	14.88	0.0366246105123
5534	2015-02-25	14.63	0.035986106145
5535	2015-02-26	14.38	0.0353476017776
5536	2015-02-27	14.14	0.0347346375849
5537	2015-02-28	13.91	0.0341472135669
5538	2015-03-01	13.68	0.033559789549
5539	2015-03-02	13.45	0.032972365531
5540	2015-03-03	13.22	0.032384941513
5541	2015-03-04	13.0	0.0318230576697
5542	2015-03-05	90.0	0.22848240282
5543	2015-03-06	13.82	0.0339173519947
5544	2015-03-07	13.59	0.0333299279767
5545	2015-03-08	13.36	0.0327425039587
5546	2015-03-09	13.14	0.0321806201154
5547	2015-03-10	12.92	0.0316187362722
5548	2015-03-11	12.7	0.0310568524289
5549	2015-03-12	12.49	0.0305205087603
5550	2015-03-13	12.28	0.0299841650917
5551	2015-03-14	12.08	0.0294733615978
5552	2015-03-15	11.88	0.0289625581039
5553	2015-03-16	317.34	0.809112734331
5554	2015-03-17	46.19	0.116590897482
5555	2015-03-18	16.62	0.0410686009092
5556	2015-03-19	16.34	0.0403534760178
5557	2015-03-20	16.07	0.039663891301
5558	2015-03-21	15.8	0.0389743065843
5559	2015-03-22	25.39	0.0634673341166
5560	2015-03-23	60.61	0.153419829392
5561	2015-03-24	79.24	0.201001174848
5562	2015-03-25	65.33	0.165474791848
5563	2015-03-26	200.7	0.511212136691
5564	2015-03-27	19.84	0.049292537161
5565	2015-03-28	19.51	0.048449711396
5566	2015-03-29	19.19	0.0476324258058
5567	2015-03-30	18.87	0.0468151402156
5568	2015-03-31	62.34	0.157838279614
5569	2015-04-01	25.96	0.0649231240742
5570	2015-04-02	59.05	0.149435562139
5571	2015-04-03	67.21	0.17027634469
5572	2015-04-04	19.54	0.0485263319201
5573	2015-04-05	19.22	0.0477090463299
5574	2015-04-06	18.9	0.0468917607396
5575	2015-04-07	18.58	0.0460744751494
5576	2015-04-08	18.27	0.0452827297339
5577	2015-04-09	17.97	0.044516524493
5578	2015-04-10	17.67	0.0437503192522
5579	2015-04-11	17.37	0.0429841140113
5580	2015-04-12	17.08	0.0422434489452
5581	2015-04-13	16.8	0.0415283240537
5582	2015-04-14	16.53	0.040838739337
5583	2015-04-15	16.24	0.0400980742708
5584	2015-04-16	15.97	0.0394084895541
5585	2015-04-17	15.71	0.038744445012
5586	2015-04-18	15.45	0.0380804004699
5587	2015-04-19	15.19	0.0374163559279
5588	2015-04-20	14.94	0.0367778515605
5589	2015-04-21	14.69	0.0361393471931
5590	2015-04-22	14.44	0.0355008428258
5591	2015-04-23	14.2	0.0348878786331
5592	2015-04-24	13.96	0.0342749144404
5593	2015-04-25	13.73	0.0336874904224
5594	2015-04-26	13.5	0.0331000664045
5595	2015-04-27	30.7	0.0770291668795
5596	2015-04-28	26.64	0.0666598559534
5597	2015-04-29	13.33	0.0326658834346
5598	2015-04-30	13.11	0.0321039995914
5599	2015-05-01	12.89	0.0315421157481
5600	2015-05-02	12.67	0.0309802319048
5601	2015-05-03	12.46	0.0304438882362
5602	2015-05-04	12.25	0.0299075445676
5603	2015-05-05	12.05	0.0293967410737
5604	2015-05-06	11.85	0.0288859375798
5605	2015-05-07	11.65	0.0283751340859
5606	2015-05-08	11.46	0.0278898707667
5607	2015-05-09	11.27	0.0274046074475
5608	2015-05-10	14.74	0.0362670480666
5609	2015-05-11	102.35	0.260024518568
5610	2015-05-12	12.24	0.0298820043929
5611	2015-05-13	109.38	0.277979261378
5612	2015-05-14	52.41	0.132476886142
5613	2015-05-15	40.74	0.102671502273
5614	2015-05-16	32.19	0.080834652909
5615	2015-05-17	14.08	0.0345813965368
5616	2015-05-18	13.84	0.0339684323441
5617	2015-05-19	13.61	0.0333810083261
5618	2015-05-20	22.87	0.0570312100935
5619	2015-05-21	36.32	0.091382745058
5620	2015-05-22	13.46	0.0329979057057
5621	2015-05-23	13.24	0.0324360218624
5622	2015-05-24	13.02	0.0318741380191
5623	2015-05-25	12.8	0.0313122541758
5624	2015-05-26	12.59	0.0307759105072
5625	2015-05-27	93.83	0.238264289728
5626	2015-05-28	13.49	0.0330745262298
5627	2015-05-29	13.26	0.0324871022118
5628	2015-05-30	13.04	0.0319252183685
5629	2015-05-31	12.82	0.0313633345252
5630	2015-06-01	12.61	0.0308269908566
5631	2015-06-02	12.4	0.030290647188
5632	2015-06-03	12.19	0.0297543035194
5633	2015-06-04	11.99	0.0292435000255
5634	2015-06-05	11.79	0.0287326965316
5635	2015-06-06	11.59	0.0282218930377
5636	2015-06-07	11.4	0.0277366297185
5637	2015-06-08	11.21	0.0272513663993
5638	2015-06-09	11.02	0.0267661030801
5639	2015-06-10	10.84	0.0263063799356
5640	2015-06-11	10.66	0.0258466567911
5641	2015-06-12	10.48	0.0253869336466
5642	2015-06-13	10.31	0.0249527506768
5643	2015-06-14	10.13	0.0244930275323
5644	2015-06-15	9.96	0.0240588445625
5645	2015-06-16	9.8	0.0236502017674
5646	2015-06-17	9.64	0.0232415589723
5647	2015-06-18	9.47	0.0228073760025
5648	2015-06-19	9.32	0.022424273382
5649	2015-06-20	9.16	0.0220156305869
5650	2015-06-21	9.01	0.0216325279665
5651	2015-06-22	8.86	0.0212494253461
5652	2015-06-23	8.71	0.0208663227256
5653	2015-06-24	8.57	0.0205087602799
5654	2015-06-25	8.42	0.0201256576595
5655	2015-06-26	8.28	0.0197680952138
5656	2015-06-27	8.14	0.019410532768
5657	2015-06-28	8.01	0.019078510497
5658	2015-06-29	7.88	0.018746488226
5659	2015-06-30	7.74	0.0183889257803
5660	2015-07-01	7.62	0.0180824436839
5661	2015-07-02	7.49	0.0177504214129
5662	2015-07-03	7.36	0.0174183991419
5663	2015-07-04	7.24	0.0171119170455
5664	2015-07-05	7.12	0.0168054349492
5665	2015-07-06	7.0	0.0164989528528
5666	2015-07-07	6.88	0.0161924707565
5667	2015-07-08	6.77	0.0159115288349
5668	2015-07-09	6.66	0.0156305869132
5669	2015-07-10	6.55	0.0153496449916
5670	2015-07-11	6.44	0.0150687030699
5671	2015-07-12	6.33	0.0147877611483
5672	2015-07-13	6.22	0.0145068192266
5673	2015-07-14	6.12	0.0142514174797
5674	2015-07-15	6.02	0.0139960157327
5675	2015-07-16	5.92	0.0137406139858
5676	2015-07-17	5.82	0.0134852122389
5677	2015-07-18	5.72	0.0132298104919
5678	2015-07-19	5.63	0.0129999489197
5679	2015-07-20	5.53	0.0127445471727
5680	2015-07-21	5.44	0.0125146856004
5681	2015-07-22	5.35	0.0122848240282
5682	2015-07-23	5.26	0.0120549624559
5683	2015-07-24	5.17	0.0118251008837
5684	2015-07-25	5.09	0.0116207794861
5685	2015-07-26	5.0	0.0113909179139
5686	2015-07-27	4.92	0.0111865965163
5687	2015-07-28	4.84	0.0109822751188
5688	2015-07-29	4.76	0.0107779537212
5689	2015-07-30	4.68	0.0105736323236
5690	2015-07-31	4.6	0.0103693109261
5691	2015-08-01	4.52	0.0101649895285
5692	2015-08-02	4.45	0.00998620830566
5693	2015-08-03	4.37	0.00978188690811
5694	2015-08-04	4.3	0.00960310568524
5695	2015-08-05	4.23	0.00942432446238
5696	2015-08-06	4.16	0.00924554323952
5697	2015-08-07	4.09	0.00906676201665
5698	2015-08-08	4.02	0.00888798079379
5699	2015-08-09	3.95	0.00870919957093
5700	2015-08-10	3.89	0.00855595852276
5701	2015-08-11	3.82	0.00837717729989
5702	2015-08-12	3.76	0.00822393625172
5703	2015-08-13	3.7	0.00807069520356
5704	2015-08-14	3.64	0.00791745415539
5705	2015-08-15	3.57	0.00773867293252
5706	2015-08-16	3.51	0.00758543188435
5707	2015-08-17	3.46	0.00745773101088
5708	2015-08-18	3.4	0.00730448996271
5709	2015-08-19	3.34	0.00715124891454
5710	2015-08-20	3.29	0.00702354804107
5711	2015-08-21	3.23	0.0068703069929
5712	2015-08-22	3.18	0.00674260611943
5713	2015-08-23	3.12	0.00658936507126
5714	2015-08-24	3.07	0.00646166419778
5715	2015-08-25	3.02	0.00633396332431
5716	2015-08-26	2.97	0.00620626245084
5717	2015-08-27	2.92	0.00607856157736
5718	2015-08-28	2.87	0.00595086070389
5719	2015-08-29	2.83	0.00584870000511
5720	2015-08-30	2.78	0.00572099913163
5721	2015-08-31	2.73	0.00559329825816
5722	2015-09-01	2.69	0.00549113755938
5723	2015-09-02	2.64	0.00536343668591
5724	2015-09-03	2.6	0.00526127598713
5725	2015-09-04	2.55	0.00513357511365
5726	2015-09-05	2.51	0.00503141441487
5727	2015-09-06	2.47	0.0049292537161
5728	2015-09-07	2.43	0.00482709301732
5729	2015-09-08	2.39	0.00472493231854
5730	2015-09-09	2.35	0.00462277161976
5731	2015-09-10	2.31	0.00452061092098
5732	2015-09-11	2.27	0.0044184502222
5733	2015-09-12	2.23	0.00431628952342
5734	2015-09-13	2.2	0.00423966899934
5735	2015-09-14	2.16	0.00413750830056
5736	2015-09-15	2.12	0.00403534760178
5737	2015-09-16	2.09	0.00395872707769
5738	2015-09-17	2.05	0.00385656637891
5739	2015-09-18	2.02	0.00377994585483
5740	2015-09-19	1.98	0.00367778515605
5741	2015-09-20	1.95	0.00360116463197
5742	2015-09-21	1.92	0.00352454410788
5743	2015-09-22	1.89	0.0034479235838
5744	2015-09-23	1.86	0.00337130305971
5745	2015-09-24	1.82	0.00326914236093
5746	2015-09-25	1.79	0.00319252183685
5747	2015-09-26	1.76	0.00311590131276
5748	2015-09-27	1.74	0.00306482096338
5749	2015-09-28	1.71	0.00298820043929
5750	2015-09-29	1.68	0.00291157991521
5751	2015-09-30	1.65	0.00283495939112
5752	2015-10-01	1.62	0.00275833886704
5753	2015-10-02	1.6	0.00270725851765
5754	2015-10-03	1.57	0.00263063799356
5755	2015-10-04	1.54	0.00255401746948
5756	2015-10-05	110.12	0.279869234306
5757	2015-10-06	3.24	0.00689584716759
5758	2015-10-07	3.19	0.00676814629412
5759	2015-10-08	3.14	0.00664044542065
5760	2015-10-09	3.08	0.00648720437248
5761	2015-10-10	3.03	0.006359503499
5762	2015-10-11	2.98	0.00623180262553
5763	2015-10-12	2.93	0.00610410175206
5764	2015-10-13	2.88	0.00597640087858
5765	2015-10-14	2.83	0.00584870000511
5766	2015-10-15	2.79	0.00574653930633
5767	2015-10-16	2.74	0.00561883843285
5768	2015-10-17	2.69	0.00549113755938
5769	2015-10-18	2.65	0.0053889768606
5770	2015-10-19	61.39	0.155411963018
5771	2015-10-20	3.51	0.00758543188435
5772	2015-10-21	3.45	0.00743219083619
5773	2015-10-22	3.39	0.00727894978802
5774	2015-10-23	3.34	0.00715124891454
5775	2015-10-24	3.28	0.00699800786637
5776	2015-10-25	64.45	0.163227256474
5777	2015-10-26	4.16	0.00924554323952
5778	2015-10-27	4.09	0.00906676201665
5779	2015-10-28	4.02	0.00888798079379
5780	2015-10-29	3.96	0.00873473974562
5781	2015-10-30	3.89	0.00855595852276
5782	2015-10-31	3.82	0.00837717729989
5783	2015-11-01	3.76	0.00822393625172
5784	2015-11-02	62.35	0.157863819789
5785	2015-11-03	4.58	0.0103182305767
5786	2015-11-04	22.6	0.0563416253767
5787	2015-11-05	10.05	0.0242887061347
5788	2015-11-06	4.73	0.0107013331971
5789	2015-11-07	4.65	0.0104970117996
5790	2015-11-08	4.57	0.010292690402
5791	2015-11-09	4.74	0.0107268733718
5792	2015-11-10	5.24	0.0120038821066
5793	2015-11-11	4.37	0.00978188690811
5794	2015-11-12	4.29	0.00957756551055
5795	2015-11-13	4.22	0.00939878428768
5796	2015-11-14	27.45	0.0687286101037
5797	2015-11-15	4.46	0.0100117484804
5798	2015-11-16	4.38	0.0098074270828
5799	2015-11-17	4.31	0.00962864585994
5800	2015-11-18	4.24	0.00944986463707
5801	2015-11-19	4.17	0.00927108341421
5802	2015-11-20	4.1	0.00909230219135
5803	2015-11-21	4.03	0.00891352096848
5804	2015-11-22	3.96	0.00873473974562
5805	2015-11-23	3.9	0.00858149869745
5806	2015-11-24	16.97	0.0419625070235
5807	2015-11-25	27.15	0.0679624048628
5808	2015-11-26	4.29	0.00957756551055
5809	2015-11-27	4.22	0.00939878428768
5810	2015-11-28	4.14	0.00919446289013
5811	2015-11-29	211.18	0.537978239771
5812	2015-11-30	7.35	0.0173928589672
5813	2015-12-01	7.22	0.0170608366961
5814	2015-12-02	7.1	0.0167543545998
5815	2015-12-03	6.99	0.0164734126781
5816	2015-12-04	6.87	0.0161669305818
5817	2015-12-05	6.75	0.0158604484855
5818	2015-12-06	6.71	0.0157582877867
5819	2015-12-07	6.53	0.0152985646422
5820	2015-12-08	61.17	0.154850079175
5821	2015-12-09	7.2	0.0170097563467
5822	2015-12-10	7.08	0.0167032742504
5823	2015-12-11	18.93	0.0469683812637
5824	2015-12-12	29.54	0.0740665066149
5825	2015-12-13	7.28	0.0172140777443
5826	2015-12-14	7.16	0.016907595648
5827	2015-12-15	7.04	0.0166011135516
5828	2015-12-16	142.52	0.362619400317
5829	2015-12-17	9.0	0.0216069877918
5830	2015-12-18	8.85	0.0212238851714
5831	2015-12-19	42.69	0.107651836339
5832	2015-12-20	9.1	0.0218623895387
5833	2015-12-21	53.83	0.136103590949
5834	2015-12-22	9.52	0.0229350768759
5835	2015-12-23	10.38	0.0251315318997
5836	2015-12-24	96.85	0.245977422486
5837	2015-12-25	17.64	0.0436736987281
5838	2015-12-26	10.42	0.0252336925985
5839	2015-12-27	10.25	0.0247995096286
5840	2015-12-28	10.08	0.0243653266588
5841	2015-12-29	9.91	0.023931143689
5842	2015-12-30	9.75	0.0235225008939
5843	2015-12-31	9.58	0.0230883179241
