2000-01-01	710.87
2000-01-02	211.08
2000-01-03	207.56
2000-01-04	3558.99
2000-01-05	326.78
2000-01-06	2269.79
2000-01-07	1355.57
2000-01-08	3997.32
2000-01-09	347.54
2000-01-10	341.75
2000-01-11	336.06
2000-01-12	1275.41
2000-01-13	340.18
2000-01-14	334.51
2000-01-15	328.93
2000-01-16	323.45
2000-01-17	1543.40
2000-01-18	2607.18
2000-01-19	1045.41
2000-01-20	368.57
2000-01-21	362.43
2000-01-22	451.01
2000-01-23	351.97
2000-01-24	346.11
2000-01-25	523.54
2000-01-26	2337.42
2000-01-27	1524.79
2000-01-28	376.87
2000-01-29	370.59
2000-01-30	364.41
2000-01-31	358.34
2000-02-01	352.36
2000-02-02	346.49
2000-02-03	340.72
2000-02-04	335.04
2000-02-05	329.45
2000-02-06	323.96
2000-02-07	318.56
2000-02-08	313.25
2000-02-09	328.80
2000-02-10	303.23
2000-02-11	298.18
2000-02-12	293.21
2000-02-13	1704.63
2000-02-14	651.33
2000-02-15	3233.19
2000-02-16	789.59
2000-02-17	350.15
2000-02-18	1719.81
2000-02-19	1904.10
2000-02-20	1774.95
2000-02-21	395.79
2000-02-22	2445.26
2000-02-23	415.85
2000-02-24	3486.28
2000-02-25	467.14
2000-02-26	444.43
2000-02-27	437.02
2000-02-28	429.74
2000-02-29	422.58
2000-03-01	415.53
2000-03-02	408.61
2000-03-03	401.80
2000-03-04	1998.19
2000-03-05	2700.24
2000-03-06	2379.36
2000-03-07	2786.82
2000-03-08	1059.06
2000-03-09	2550.15
2000-03-10	1054.23
2000-03-11	1567.91
2000-03-12	1816.71
2000-03-13	1327.14
2000-03-14	546.62
2000-03-15	537.51
2000-03-16	530.29
2000-03-17	552.61
2000-03-18	511.63
2000-03-19	503.11
2000-03-20	494.72
2000-03-21	2937.70
2000-03-22	1857.82
2000-03-23	1046.65
2000-03-24	552.78
2000-03-25	521.84
2000-03-26	513.14
2000-03-27	504.59
2000-03-28	1850.23
2000-03-29	526.83
2000-03-30	501.52
2000-03-31	493.16
2000-04-01	488.82
2000-04-02	476.92
2000-04-03	468.97
2000-04-04	461.16
2000-04-05	453.47
2000-04-06	445.91
2000-04-07	438.48
2000-04-08	431.17
2000-04-09	423.99
2000-04-10	416.92
2000-04-11	409.97
2000-04-12	403.14
2000-04-13	396.42
2000-04-14	389.81
2000-04-15	585.65
2000-04-16	2429.59
2000-04-17	754.64
2000-04-18	1363.01
2000-04-19	420.75
2000-04-20	407.58
2000-04-21	400.79
2000-04-22	394.11
2000-04-23	387.54
2000-04-24	381.08
2000-04-25	374.73
2000-04-26	368.48
2000-04-27	362.34
2000-04-28	356.30
2000-04-29	350.36
2000-04-30	344.52
2000-05-01	338.78
2000-05-02	333.14
2000-05-03	327.58
2000-05-04	322.12
2000-05-05	316.76
2000-05-06	311.48
2000-05-07	306.28
2000-05-08	303.13
2000-05-09	301.93
2000-05-10	291.35
2000-05-11	286.49
2000-05-12	281.72
2000-05-13	277.02
2000-05-14	272.40
2000-05-15	267.86
2000-05-16	263.40
2000-05-17	275.76
2000-05-18	334.20
2000-05-19	251.99
2000-05-20	247.79
2000-05-21	243.66
2000-05-22	248.28
2000-05-23	246.54
2000-05-24	485.07
2000-05-25	1706.59
2000-05-26	2753.59
2000-05-27	2402.95
2000-05-28	392.97
2000-05-29	514.41
2000-05-30	552.50
2000-05-31	404.10
2000-06-01	1134.72
2000-06-02	1838.62
2000-06-03	641.31
2000-06-04	533.30
2000-06-05	1148.45
2000-06-06	729.34
2000-06-07	477.59
2000-06-08	406.82
2000-06-09	382.40
2000-06-10	368.38
2000-06-11	323.05
2000-06-12	318.27
2000-06-13	315.27
2000-06-14	311.01
2000-06-15	301.28
2000-06-16	296.26
2000-06-17	291.32
2000-06-18	286.47
2000-06-19	281.87
2000-06-20	277.00
2000-06-21	272.96
2000-06-22	269.12
2000-06-23	272.28
2000-06-24	259.16
2000-06-25	254.84
2000-06-26	250.60
2000-06-27	246.42
2000-06-28	242.31
2000-06-29	238.27
2000-06-30	236.50
2000-07-01	1193.93
2000-07-02	1861.12
2000-07-03	1304.72
2000-07-04	643.42
2000-07-05	666.68
2000-07-06	937.89
2000-07-07	1030.95
2000-07-08	727.62
2000-07-09	590.92
2000-07-10	435.03
2000-07-11	533.22
2000-07-12	2037.56
2000-07-13	1330.59
2000-07-14	408.22
2000-07-15	321.43
2000-07-16	316.07
2000-07-17	310.80
2000-07-18	308.10
2000-07-19	548.07
2000-07-20	599.60
2000-07-21	705.01
2000-07-22	734.22
2000-07-23	320.47
2000-07-24	317.40
2000-07-25	644.57
2000-07-26	1025.85
2000-07-27	1085.71
2000-07-28	349.59
2000-07-29	304.28
2000-07-30	299.21
2000-07-31	294.23
2000-08-01	289.32
2000-08-02	284.50
2000-08-03	279.76
2000-08-04	275.10
2000-08-05	270.51
2000-08-06	266.00
2000-08-07	261.57
2000-08-08	257.21
2000-08-09	252.92
2000-08-10	248.71
2000-08-11	244.56
2000-08-12	240.49
2000-08-13	236.48
2000-08-14	272.23
2000-08-15	229.30
2000-08-16	226.12
2000-08-17	230.75
2000-08-18	218.18
2000-08-19	214.55
2000-08-20	210.97
2000-08-21	207.45
2000-08-22	204.00
2000-08-23	200.60
2000-08-24	197.25
2000-08-25	193.96
2000-08-26	190.73
2000-08-27	187.55
2000-08-28	184.43
2000-08-29	181.35
2000-08-30	178.33
2000-08-31	176.52
2000-09-01	172.45
2000-09-02	169.58
2000-09-03	166.75
2000-09-04	163.98
2000-09-05	161.24
2000-09-06	158.55
2000-09-07	155.91
2000-09-08	153.31
2000-09-09	150.76
2000-09-10	148.25
2000-09-11	145.77
2000-09-12	143.35
2000-09-13	140.96
2000-09-14	138.61
2000-09-15	136.30
2000-09-16	134.03
2000-09-17	131.79
2000-09-18	129.60
2000-09-19	127.44
2000-09-20	125.31
2000-09-21	123.22
2000-09-22	121.17
2000-09-23	119.15
2000-09-24	117.16
2000-09-25	115.21
2000-09-26	113.29
2000-09-27	111.40
2000-09-28	109.55
2000-09-29	107.72
2000-09-30	105.92
2000-10-01	104.16
2000-10-02	102.42
2000-10-03	100.72
2000-10-04	99.04
2000-10-05	97.39
2000-10-06	95.76
2000-10-07	94.17
2000-10-08	92.60
2000-10-09	91.06
2000-10-10	89.54
2000-10-11	88.05
2000-10-12	86.58
2000-10-13	85.13
2000-10-14	83.72
2000-10-15	82.32
2000-10-16	80.95
2000-10-17	79.60
2000-10-18	78.27
2000-10-19	76.97
2000-10-20	75.69
2000-10-21	74.42
2000-10-22	73.18
2000-10-23	71.96
2000-10-24	70.76
2000-10-25	69.59
2000-10-26	68.43
2000-10-27	67.28
2000-10-28	77.16
2000-10-29	75.60
2000-10-30	68.17
2000-10-31	63.31
2000-11-01	62.25
2000-11-02	61.22
2000-11-03	60.19
2000-11-04	59.19
2000-11-05	58.21
2000-11-06	57.24
2000-11-07	63.22
2000-11-08	150.63
2000-11-09	622.43
2000-11-10	64.26
2000-11-11	63.19
2000-11-12	62.14
2000-11-13	61.10
2000-11-14	60.08
2000-11-15	59.08
2000-11-16	58.10
2000-11-17	57.13
2000-11-18	56.18
2000-11-19	55.24
2000-11-20	54.32
2000-11-21	53.41
2000-11-22	52.52
2000-11-23	59.50
2000-11-24	50.91
2000-11-25	50.07
2000-11-26	49.23
2000-11-27	48.41
2000-11-28	48.87
2000-11-29	46.83
2000-11-30	46.05
2000-12-01	45.28
2000-12-02	44.53
2000-12-03	43.79
2000-12-04	43.06
2000-12-05	42.34
2000-12-06	41.63
2000-12-07	41.32
2000-12-08	40.26
2000-12-09	63.53
2000-12-10	305.82
2000-12-11	42.96
2000-12-12	69.21
2000-12-13	166.68
2000-12-14	43.28
2000-12-15	42.56
2000-12-16	41.85
2000-12-17	41.16
2000-12-18	895.72
2000-12-19	53.58
2000-12-20	52.69
2000-12-21	196.80
2000-12-22	53.28
2000-12-23	52.40
2000-12-24	51.52
2000-12-25	50.66
2000-12-26	49.82
2000-12-27	48.99
2000-12-28	84.73
2000-12-29	71.68
2000-12-30	118.92
2000-12-31	110.42
2001-01-01	48.11
2001-01-02	199.77
2001-01-03	461.75
2001-01-04	54.88
2001-01-05	77.01
2001-01-06	53.38
2001-01-07	52.49
2001-01-08	51.61
2001-01-09	1559.97
2001-01-10	78.97
2001-01-11	1834.34
2001-01-12	1301.70
2001-01-13	611.23
2001-01-14	237.45
2001-01-15	1034.81
2001-01-16	1303.49
2001-01-17	2024.68
2001-01-18	380.28
2001-01-19	184.91
2001-01-20	189.44
2001-01-21	186.31
2001-01-22	174.53
2001-01-23	207.43
2001-01-24	167.21
2001-01-25	474.44
2001-01-26	2838.87
2001-01-27	206.98
2001-01-28	203.53
2001-01-29	200.13
2001-01-30	196.80
2001-01-31	193.52
2001-02-01	190.29
2001-02-02	187.12
2001-02-03	184.00
2001-02-04	221.21
2001-02-05	178.57
2001-02-06	363.84
2001-02-07	175.70
2001-02-08	172.77
2001-02-09	439.74
2001-02-10	1140.41
2001-02-11	184.18
2001-02-12	181.11
2001-02-13	178.09
2001-02-14	184.45
2001-02-15	172.35
2001-02-16	169.48
2001-02-17	166.65
2001-02-18	163.88
2001-02-19	161.15
2001-02-20	158.46
2001-02-21	155.82
2001-02-22	153.22
2001-02-23	150.67
2001-02-24	148.16
2001-02-25	145.69
2001-02-26	380.51
2001-02-27	144.70
2001-02-28	1169.43
2001-03-01	5239.58
2001-03-02	1952.96
2001-03-03	259.55
2001-03-04	255.23
2001-03-05	250.97
2001-03-06	246.79
2001-03-07	242.68
2001-03-08	238.63
2001-03-09	234.66
2001-03-10	230.75
2001-03-11	226.90
2001-03-12	223.12
2001-03-13	219.40
2001-03-14	215.74
2001-03-15	212.15
2001-03-16	208.61
2001-03-17	205.13
2001-03-18	201.72
2001-03-19	198.35
2001-03-20	195.05
2001-03-21	191.80
2001-03-22	188.60
2001-03-23	185.46
2001-03-24	182.37
2001-03-25	179.33
2001-03-26	176.34
2001-03-27	173.40
2001-03-28	170.51
2001-03-29	167.67
2001-03-30	164.87
2001-03-31	192.99
2001-04-01	201.65
2001-04-02	157.93
2001-04-03	155.30
2001-04-04	273.18
2001-04-05	164.66
2001-04-06	149.77
2001-04-07	147.28
2001-04-08	144.82
2001-04-09	142.41
2001-04-10	140.03
2001-04-11	137.70
2001-04-12	135.40
2001-04-13	133.15
2001-04-14	130.93
2001-04-15	128.75
2001-04-16	1957.05
2001-04-17	1924.27
2001-04-18	1102.31
2001-04-19	476.49
2001-04-20	1837.21
2001-04-21	216.51
2001-04-22	218.26
2001-04-23	209.44
2001-04-24	205.95
2001-04-25	202.52
2001-04-26	199.14
2001-04-27	195.82
2001-04-28	192.56
2001-04-29	189.35
2001-04-30	186.19
2001-05-01	183.09
2001-05-02	180.04
2001-05-03	177.04
2001-05-04	174.09
2001-05-05	171.19
2001-05-06	211.88
2001-05-07	166.23
2001-05-08	267.65
2001-05-09	162.41
2001-05-10	159.71
2001-05-11	157.05
2001-05-12	272.48
2001-05-13	430.51
2001-05-14	322.64
2001-05-15	155.75
2001-05-16	598.30
2001-05-17	157.78
2001-05-18	155.15
2001-05-19	152.56
2001-05-20	150.02
2001-05-21	147.52
2001-05-22	195.21
2001-05-23	3611.17
2001-05-24	6335.23
2001-05-25	2064.87
2001-05-26	316.32
2001-05-27	311.05
2001-05-28	305.87
2001-05-29	300.77
2001-05-30	295.76
2001-05-31	290.83
2001-06-01	285.98
2001-06-02	306.44
2001-06-03	734.15
2001-06-04	400.59
2001-06-05	276.98
2001-06-06	272.36
2001-06-07	267.82
2001-06-08	263.36
2001-06-09	258.97
2001-06-10	254.65
2001-06-11	250.41
2001-06-12	246.23
2001-06-13	242.13
2001-06-14	238.09
2001-06-15	234.13
2001-06-16	230.22
2001-06-17	226.39
2001-06-18	222.61
2001-06-19	218.90
2001-06-20	215.25
2001-06-21	214.75
2001-06-22	208.19
2001-06-23	230.06
2001-06-24	201.72
2001-06-25	198.35
2001-06-26	195.05
2001-06-27	191.80
2001-06-28	188.60
2001-06-29	211.63
2001-06-30	364.89
2001-07-01	409.58
2001-07-02	183.29
2001-07-03	180.24
2001-07-04	177.23
2001-07-05	174.28
2001-07-06	196.18
2001-07-07	217.67
2001-07-08	260.09
2001-07-09	252.78
2001-07-10	164.25
2001-07-11	161.52
2001-07-12	158.82
2001-07-13	156.18
2001-07-14	153.57
2001-07-15	231.97
2001-07-16	341.61
2001-07-17	223.35
2001-07-18	204.13
2001-07-19	150.93
2001-07-20	145.07
2001-07-21	142.65
2001-07-22	140.27
2001-07-23	137.93
2001-07-24	135.64
2001-07-25	133.38
2001-07-26	131.15
2001-07-27	128.97
2001-07-28	126.82
2001-07-29	124.70
2001-07-30	122.62
2001-07-31	120.58
2001-08-01	118.57
2001-08-02	116.60
2001-08-03	114.65
2001-08-04	112.74
2001-08-05	110.86
2001-08-06	109.01
2001-08-07	107.20
2001-08-08	105.41
2001-08-09	103.65
2001-08-10	101.93
2001-08-11	100.23
2001-08-12	98.56
2001-08-13	96.91
2001-08-14	95.30
2001-08-15	93.71
2001-08-16	92.15
2001-08-17	90.61
2001-08-18	89.10
2001-08-19	128.28
2001-08-20	111.34
2001-08-21	89.50
2001-08-22	84.39
2001-08-23	82.99
2001-08-24	85.81
2001-08-25	259.32
2001-08-26	81.86
2001-08-27	240.09
2001-08-28	335.37
2001-08-29	84.45
2001-08-30	83.04
2001-08-31	81.66
2001-09-01	80.30
2001-09-02	78.96
2001-09-03	77.64
2001-09-04	76.35
2001-09-05	75.08
2001-09-06	73.83
2001-09-07	72.60
2001-09-08	71.39
2001-09-09	70.20
2001-09-10	69.03
2001-09-11	67.88
2001-09-12	66.75
2001-09-13	65.63
2001-09-14	64.54
2001-09-15	63.46
2001-09-16	62.41
2001-09-17	61.37
2001-09-18	60.34
2001-09-19	59.34
2001-09-20	58.35
2001-09-21	57.38
2001-09-22	56.42
2001-09-23	55.48
2001-09-24	54.55
2001-09-25	53.64
2001-09-26	52.75
2001-09-27	51.87
2001-09-28	51.01
2001-09-29	50.16
2001-09-30	49.32
2001-10-01	48.50
2001-10-02	47.69
2001-10-03	46.90
2001-10-04	46.11
2001-10-05	45.35
2001-10-06	73.08
2001-10-07	416.51
2001-10-08	49.57
2001-10-09	48.74
2001-10-10	58.62
2001-10-11	48.45
2001-10-12	46.53
2001-10-13	45.76
2001-10-14	44.99
2001-10-15	44.24
2001-10-16	43.51
2001-10-17	42.78
2001-10-18	42.07
2001-10-19	41.37
2001-10-20	40.68
2001-10-21	40.00
2001-10-22	39.33
2001-10-23	38.68
2001-10-24	38.03
2001-10-25	37.40
2001-10-26	36.78
2001-10-27	36.16
2001-10-28	35.56
2001-10-29	83.33
2001-10-30	139.39
2001-10-31	131.61
2001-11-01	37.19
2001-11-02	36.57
2001-11-03	35.96
2001-11-04	35.36
2001-11-05	34.77
2001-11-06	34.19
2001-11-07	33.62
2001-11-08	33.06
2001-11-09	32.51
2001-11-10	31.97
2001-11-11	31.44
2001-11-12	30.91
2001-11-13	30.40
2001-11-14	29.89
2001-11-15	29.39
2001-11-16	28.90
2001-11-17	28.42
2001-11-18	27.95
2001-11-19	27.48
2001-11-20	27.02
2001-11-21	26.57
2001-11-22	26.13
2001-11-23	25.70
2001-11-24	25.27
2001-11-25	24.85
2001-11-26	24.43
2001-11-27	24.03
2001-11-28	23.62
2001-11-29	108.30
2001-11-30	24.22
2001-12-01	42.71
2001-12-02	23.77
2001-12-03	23.33
2001-12-04	22.94
2001-12-05	22.55
2001-12-06	22.18
2001-12-07	21.81
2001-12-08	21.45
2001-12-09	21.09
2001-12-10	20.74
2001-12-11	20.39
2001-12-12	20.05
2001-12-13	19.72
2001-12-14	19.39
2001-12-15	19.06
2001-12-16	18.75
2001-12-17	18.43
2001-12-18	18.13
2001-12-19	17.83
2001-12-20	17.53
2001-12-21	17.24
2001-12-22	16.95
2001-12-23	16.67
2001-12-24	16.39
2001-12-25	16.12
2001-12-26	15.85
2001-12-27	15.58
2001-12-28	15.32
2001-12-29	20.93
2001-12-30	81.71
2001-12-31	15.74
2002-01-01	223.09
2002-01-02	40.63
2002-01-03	24.51
2002-01-04	18.40
2002-01-05	18.09
2002-01-06	23.87
2002-01-07	18.03
2002-01-08	18.29
2002-01-09	21.00
2002-01-10	35.29
2002-01-11	31.09
2002-01-12	18.56
2002-01-13	17.96
2002-01-14	157.29
2002-01-15	18.28
2002-01-16	17.97
2002-01-17	17.67
2002-01-18	161.90
2002-01-19	19.42
2002-01-20	19.09
2002-01-21	1412.21
2002-01-22	75.32
2002-01-23	40.80
2002-01-24	40.12
2002-01-25	39.45
2002-01-26	38.79
2002-01-27	38.15
2002-01-28	1767.75
2002-01-29	64.78
2002-01-30	63.70
2002-01-31	62.64
2002-02-01	61.59
2002-02-02	60.56
2002-02-03	59.56
2002-02-04	58.56
2002-02-05	57.59
2002-02-06	56.63
2002-02-07	55.68
2002-02-08	54.76
2002-02-09	53.84
2002-02-10	302.77
2002-02-11	59.90
2002-02-12	55.22
2002-02-13	54.30
2002-02-14	53.39
2002-02-15	52.50
2002-02-16	51.63
2002-02-17	50.77
2002-02-18	49.92
2002-02-19	49.09
2002-02-20	48.27
2002-02-21	56.98
2002-02-22	47.57
2002-02-23	150.69
2002-02-24	1514.46
2002-02-25	69.85
2002-02-26	489.20
2002-02-27	7574.24
2002-02-28	2289.69
2002-03-01	248.45
2002-03-02	248.92
2002-03-03	4960.17
2002-03-04	290.75
2002-03-05	285.91
2002-03-06	281.14
2002-03-07	276.45
2002-03-08	272.90
2002-03-09	1681.08
2002-03-10	285.67
2002-03-11	280.91
2002-03-12	4769.31
2002-03-13	1707.70
2002-03-14	360.30
2002-03-15	354.29
2002-03-16	348.39
2002-03-17	639.05
2002-03-18	1989.90
2002-03-19	362.53
2002-03-20	356.49
2002-03-21	364.39
2002-03-22	349.74
2002-03-23	339.25
2002-03-24	333.60
2002-03-25	328.04
2002-03-26	322.57
2002-03-27	320.63
2002-03-28	2644.88
2002-03-29	720.06
2002-03-30	1575.16
2002-03-31	358.78
2002-04-01	352.80
2002-04-02	346.92
2002-04-03	341.14
2002-04-04	335.45
2002-04-05	329.86
2002-04-06	324.36
2002-04-07	318.96
2002-04-08	2101.66
2002-04-09	1896.87
2002-04-10	356.76
2002-04-11	350.81
2002-04-12	380.99
2002-04-13	377.63
2002-04-14	1419.91
2002-04-15	346.66
2002-04-16	340.88
2002-04-17	335.20
2002-04-18	329.61
2002-04-19	324.13
2002-04-20	519.40
2002-04-21	316.64
2002-04-22	311.36
2002-04-23	326.54
2002-04-24	472.52
2002-04-25	393.40
2002-04-26	1248.05
2002-04-27	822.83
2002-04-28	309.32
2002-04-29	304.17
2002-04-30	299.10
2002-05-01	294.11
2002-05-02	289.21
2002-05-03	284.39
2002-05-04	279.65
2002-05-05	275.02
2002-05-06	270.82
2002-05-07	474.65
2002-05-08	268.00
2002-05-09	265.44
2002-05-10	274.33
2002-05-11	252.24
2002-05-12	249.74
2002-05-13	254.81
2002-05-14	240.04
2002-05-15	237.06
2002-05-16	376.81
2002-05-17	622.98
2002-05-18	561.37
2002-05-19	1258.79
2002-05-20	1487.74
2002-05-21	262.96
2002-05-22	258.58
2002-05-23	254.27
2002-05-24	250.03
2002-05-25	245.86
2002-05-26	241.76
2002-05-27	237.73
2002-05-28	233.77
2002-05-29	229.88
2002-05-30	226.04
2002-05-31	222.28
2002-06-01	218.57
2002-06-02	303.73
2002-06-03	249.83
2002-06-04	280.21
2002-06-05	258.79
2002-06-06	207.94
2002-06-07	201.53
2002-06-08	198.12
2002-06-09	194.81
2002-06-10	191.57
2002-06-11	188.37
2002-06-12	458.89
2002-06-13	186.56
2002-06-14	183.45
2002-06-15	180.39
2002-06-16	177.39
2002-06-17	174.43
2002-06-18	171.52
2002-06-19	168.66
2002-06-20	165.85
2002-06-21	163.09
2002-06-22	160.37
2002-06-23	157.70
2002-06-24	155.07
2002-06-25	152.48
2002-06-26	149.94
2002-06-27	147.44
2002-06-28	144.99
2002-06-29	142.57
2002-06-30	140.19
2002-07-01	137.86
2002-07-02	135.56
2002-07-03	133.30
2002-07-04	131.08
2002-07-05	128.89
2002-07-06	126.75
2002-07-07	124.63
2002-07-08	122.56
2002-07-09	120.51
2002-07-10	118.51
2002-07-11	116.53
2002-07-12	114.59
2002-07-13	112.68
2002-07-14	110.80
2002-07-15	108.95
2002-07-16	107.14
2002-07-17	105.35
2002-07-18	103.60
2002-07-19	101.87
2002-07-20	100.17
2002-07-21	98.50
2002-07-22	96.86
2002-07-23	95.25
2002-07-24	93.66
2002-07-25	92.10
2002-07-26	90.56
2002-07-27	89.05
2002-07-28	87.57
2002-07-29	86.11
2002-07-30	84.67
2002-07-31	83.26
2002-08-01	81.88
2002-08-02	80.51
2002-08-03	79.17
2002-08-04	77.85
2002-08-05	76.55
2002-08-06	75.28
2002-08-07	74.02
2002-08-08	72.79
2002-08-09	71.57
2002-08-10	70.38
2002-08-11	69.21
2002-08-12	68.06
2002-08-13	66.92
2002-08-14	65.81
2002-08-15	64.71
2002-08-16	63.63
2002-08-17	62.57
2002-08-18	61.53
2002-08-19	60.50
2002-08-20	59.49
2002-08-21	58.50
2002-08-22	57.53
2002-08-23	56.57
2002-08-24	55.63
2002-08-25	54.70
2002-08-26	53.79
2002-08-27	52.89
2002-08-28	52.01
2002-08-29	51.14
2002-08-30	50.29
2002-08-31	49.45
2002-09-01	48.63
2002-09-02	47.82
2002-09-03	47.02
2002-09-04	46.24
2002-09-05	45.47
2002-09-06	44.71
2002-09-07	43.96
2002-09-08	43.23
2002-09-09	42.51
2002-09-10	41.80
2002-09-11	41.10
2002-09-12	40.42
2002-09-13	39.75
2002-09-14	39.08
2002-09-15	38.43
2002-09-16	37.79
2002-09-17	37.16
2002-09-18	36.54
2002-09-19	35.93
2002-09-20	35.33
2002-09-21	34.75
2002-09-22	34.17
2002-09-23	33.60
2002-09-24	33.04
2002-09-25	32.49
2002-09-26	31.94
2002-09-27	31.41
2002-09-28	30.89
2002-09-29	30.37
2002-09-30	29.87
2002-10-01	29.37
2002-10-02	28.88
2002-10-03	28.40
2002-10-04	27.93
2002-10-05	27.46
2002-10-06	27.00
2002-10-07	26.55
2002-10-08	26.11
2002-10-09	25.67
2002-10-10	25.25
2002-10-11	24.83
2002-10-12	24.41
2002-10-13	24.01
2002-10-14	23.61
2002-10-15	23.21
2002-10-16	22.83
2002-10-17	22.44
2002-10-18	22.07
2002-10-19	21.70
2002-10-20	21.34
2002-10-21	20.99
2002-10-22	20.64
2002-10-23	20.29
2002-10-24	19.95
2002-10-25	19.62
2002-10-26	19.29
2002-10-27	18.97
2002-10-28	18.66
2002-10-29	18.35
2002-10-30	18.04
2002-10-31	17.74
2002-11-01	17.44
2002-11-02	17.15
2002-11-03	16.87
2002-11-04	16.59
2002-11-05	16.31
2002-11-06	16.04
2002-11-07	15.77
2002-11-08	15.51
2002-11-09	15.25
2002-11-10	14.99
2002-11-11	14.74
2002-11-12	14.50
2002-11-13	14.26
2002-11-14	14.02
2002-11-15	13.79
2002-11-16	13.56
2002-11-17	13.33
2002-11-18	13.11
2002-11-19	12.89
2002-11-20	12.67
2002-11-21	12.46
2002-11-22	12.26
2002-11-23	12.05
2002-11-24	11.85
2002-11-25	11.65
2002-11-26	11.46
2002-11-27	11.27
2002-11-28	11.08
2002-11-29	10.90
2002-11-30	10.71
2002-12-01	10.54
2002-12-02	10.36
2002-12-03	10.19
2002-12-04	10.02
2002-12-05	9.85
2002-12-06	9.69
2002-12-07	9.52
2002-12-08	9.37
2002-12-09	9.21
2002-12-10	9.06
2002-12-11	8.91
2002-12-12	8.76
2002-12-13	8.61
2002-12-14	8.47
2002-12-15	27.52
2002-12-16	8.50
2002-12-17	8.36
2002-12-18	14.53
2002-12-19	39.52
2002-12-20	8.55
2002-12-21	8.41
2002-12-22	8.27
2002-12-23	8.13
2002-12-24	7.99
2002-12-25	7.86
2002-12-26	7.73
2002-12-27	7.60
2002-12-28	7.47
2002-12-29	7.35
2002-12-30	7.23
2002-12-31	7.11
2003-01-01	6.99
2003-01-02	6.87
2003-01-03	6.76
2003-01-04	6.64
2003-01-05	6.53
2003-01-06	6.43
2003-01-07	18.03
2003-01-08	66.22
2003-01-09	7.26
2003-01-10	7.14
2003-01-11	7.02
2003-01-12	6.90
2003-01-13	6.79
2003-01-14	6.67
2003-01-15	6.56
2003-01-16	6.45
2003-01-17	162.99
2003-01-18	110.09
2003-01-19	10.25
2003-01-20	10.08
2003-01-21	9.91
2003-01-22	9.75
2003-01-23	9.61
2003-01-24	9.43
2003-01-25	9.27
2003-01-26	9.11
2003-01-27	8.96
2003-01-28	8.81
2003-01-29	8.67
2003-01-30	8.52
2003-01-31	8.68
2003-02-01	248.72
2003-02-02	57.21
2003-02-03	12.51
2003-02-04	12.31
2003-02-05	309.49
2003-02-06	67.10
2003-02-07	17.23
2003-02-08	16.94
2003-02-09	16.66
2003-02-10	16.38
2003-02-11	16.11
2003-02-12	15.84
2003-02-13	311.19
2003-02-14	20.08
2003-02-15	19.75
2003-02-16	5366.27
2003-02-17	396.09
2003-02-18	108.22
2003-02-19	106.41
2003-02-20	1285.91
2003-02-21	4269.66
2003-02-22	954.46
2003-02-23	196.03
2003-02-24	207.93
2003-02-25	236.89
2003-02-26	1312.05
2003-02-27	752.07
2003-02-28	207.89
2003-03-01	204.42
2003-03-02	201.01
2003-03-03	197.66
2003-03-04	194.37
2003-03-05	191.13
2003-03-06	187.94
2003-03-07	357.34
2003-03-08	3355.97
2003-03-09	428.76
2003-03-10	231.85
2003-03-11	227.99
2003-03-12	2371.72
2003-03-13	3385.71
2003-03-14	301.28
2003-03-15	1009.55
2003-03-16	1169.84
2003-03-17	311.75
2003-03-18	306.56
2003-03-19	481.93
2003-03-20	1047.70
2003-03-21	306.41
2003-03-22	321.52
2003-03-23	5313.46
2003-03-24	445.59
2003-03-25	561.45
2003-03-26	364.50
2003-03-27	358.43
2003-03-28	837.93
2003-03-29	546.05
2003-03-30	351.59
2003-03-31	345.73
2003-04-01	339.97
2003-04-02	334.30
2003-04-03	328.73
2003-04-04	323.25
2003-04-05	317.86
2003-04-06	312.57
2003-04-07	307.36
2003-04-08	302.23
2003-04-09	297.20
2003-04-10	292.24
2003-04-11	287.37
2003-04-12	282.58
2003-04-13	277.87
2003-04-14	273.24
2003-04-15	268.69
2003-04-16	264.21
2003-04-17	259.81
2003-04-18	255.48
2003-04-19	251.22
2003-04-20	247.03
2003-04-21	242.91
2003-04-22	238.87
2003-04-23	234.88
2003-04-24	230.97
2003-04-25	227.12
2003-04-26	223.33
2003-04-27	219.61
2003-04-28	215.95
2003-04-29	212.35
2003-04-30	208.81
2003-05-01	205.33
2003-05-02	201.91
2003-05-03	198.55
2003-05-04	195.24
2003-05-05	191.98
2003-05-06	188.78
2003-05-07	185.64
2003-05-08	182.54
2003-05-09	179.50
2003-05-10	176.51
2003-05-11	173.57
2003-05-12	170.67
2003-05-13	167.83
2003-05-14	165.03
2003-05-15	162.28
2003-05-16	159.58
2003-05-17	156.92
2003-05-18	154.30
2003-05-19	151.73
2003-05-20	149.20
2003-05-21	146.72
2003-05-22	144.27
2003-05-23	1038.29
2003-05-24	542.54
2003-05-25	157.65
2003-05-26	155.02
2003-05-27	152.44
2003-05-28	149.90
2003-05-29	147.40
2003-05-30	144.94
2003-05-31	142.53
2003-06-01	140.15
2003-06-02	137.82
2003-06-03	135.52
2003-06-04	133.26
2003-06-05	131.04
2003-06-06	128.86
2003-06-07	126.71
2003-06-08	124.60
2003-06-09	122.52
2003-06-10	120.48
2003-06-11	118.47
2003-06-12	116.50
2003-06-13	114.55
2003-06-14	112.64
2003-06-15	110.77
2003-06-16	108.92
2003-06-17	107.11
2003-06-18	105.32
2003-06-19	103.57
2003-06-20	101.84
2003-06-21	100.14
2003-06-22	98.47
2003-06-23	96.83
2003-06-24	95.22
2003-06-25	93.63
2003-06-26	92.07
2003-06-27	90.54
2003-06-28	89.03
2003-06-29	87.54
2003-06-30	86.08
2003-07-01	84.65
2003-07-02	83.24
2003-07-03	81.85
2003-07-04	80.49
2003-07-05	79.15
2003-07-06	77.83
2003-07-07	76.53
2003-07-08	75.25
2003-07-09	74.00
2003-07-10	72.77
2003-07-11	71.55
2003-07-12	70.36
2003-07-13	69.19
2003-07-14	68.03
2003-07-15	66.90
2003-07-16	65.79
2003-07-17	64.69
2003-07-18	63.61
2003-07-19	62.55
2003-07-20	61.51
2003-07-21	60.48
2003-07-22	59.48
2003-07-23	58.48
2003-07-24	57.51
2003-07-25	56.55
2003-07-26	55.61
2003-07-27	54.68
2003-07-28	53.77
2003-07-29	52.87
2003-07-30	51.99
2003-07-31	51.13
2003-08-01	50.27
2003-08-02	49.44
2003-08-03	48.61
2003-08-04	47.80
2003-08-05	47.01
2003-08-06	46.22
2003-08-07	45.45
2003-08-08	44.69
2003-08-09	43.95
2003-08-10	43.22
2003-08-11	42.50
2003-08-12	41.79
2003-08-13	41.09
2003-08-14	40.41
2003-08-15	39.73
2003-08-16	39.07
2003-08-17	38.42
2003-08-18	37.78
2003-08-19	37.15
2003-08-20	36.53
2003-08-21	35.92
2003-08-22	35.32
2003-08-23	34.73
2003-08-24	34.16
2003-08-25	33.59
2003-08-26	33.03
2003-08-27	32.48
2003-08-28	31.93
2003-08-29	31.40
2003-08-30	30.88
2003-08-31	30.36
2003-09-01	29.86
2003-09-02	29.36
2003-09-03	28.87
2003-09-04	28.39
2003-09-05	27.92
2003-09-06	34.68
2003-09-07	33.28
2003-09-08	33.25
2003-09-09	26.42
2003-09-10	25.98
2003-09-11	25.54
2003-09-12	25.12
2003-09-13	24.70
2003-09-14	24.29
2003-09-15	23.88
2003-09-16	23.49
2003-09-17	23.09
2003-09-18	22.71
2003-09-19	22.33
2003-09-20	21.96
2003-09-21	21.59
2003-09-22	21.23
2003-09-23	20.88
2003-09-24	20.53
2003-09-25	20.19
2003-09-26	19.85
2003-09-27	19.52
2003-09-28	19.20
2003-09-29	18.88
2003-09-30	18.56
2003-10-01	18.25
2003-10-02	17.95
2003-10-03	17.65
2003-10-04	17.35
2003-10-05	87.25
2003-10-06	25.79
2003-10-07	17.74
2003-10-08	17.44
2003-10-09	17.15
2003-10-10	16.87
2003-10-11	16.59
2003-10-12	16.31
2003-10-13	16.04
2003-10-14	15.77
2003-10-15	15.51
2003-10-16	15.25
2003-10-17	15.00
2003-10-18	14.75
2003-10-19	14.50
2003-10-20	14.26
2003-10-21	14.02
2003-10-22	13.79
2003-10-23	13.56
2003-10-24	13.33
2003-10-25	13.11
2003-10-26	12.89
2003-10-27	12.68
2003-10-28	12.46
2003-10-29	12.26
2003-10-30	12.05
2003-10-31	11.85
2003-11-01	11.65
2003-11-02	11.46
2003-11-03	11.27
2003-11-04	11.08
2003-11-05	10.90
2003-11-06	10.71
2003-11-07	10.54
2003-11-08	10.36
2003-11-09	10.19
2003-11-10	10.02
2003-11-11	9.85
2003-11-12	9.69
2003-11-13	9.53
2003-11-14	9.37
2003-11-15	9.21
2003-11-16	91.58
2003-11-17	10.24
2003-11-18	10.07
2003-11-19	9.90
2003-11-20	9.73
2003-11-21	9.57
2003-11-22	9.41
2003-11-23	9.25
2003-11-24	30.24
2003-11-25	9.29
2003-11-26	14.48
2003-11-27	169.95
2003-11-28	11.51
2003-11-29	11.32
2003-11-30	11.13
2003-12-01	10.94
2003-12-02	10.76
2003-12-03	91.59
2003-12-04	266.97
2003-12-05	15.63
2003-12-06	15.37
2003-12-07	15.12
2003-12-08	14.86
2003-12-09	14.62
2003-12-10	14.37
2003-12-11	14.13
2003-12-12	13.90
2003-12-13	13.67
2003-12-14	13.44
2003-12-15	13.21
2003-12-16	12.99
2003-12-17	12.78
2003-12-18	146.22
2003-12-19	157.35
2003-12-20	103.16
2003-12-21	25.67
2003-12-22	17.52
2003-12-23	72.28
2003-12-24	202.53
2003-12-25	20.60
2003-12-26	358.03
2003-12-27	1170.16
2003-12-28	150.61
2003-12-29	44.32
2003-12-30	43.58
2003-12-31	42.86
2004-01-01	42.14
2004-01-02	351.18
2004-01-03	45.74
2004-01-04	44.98
2004-01-05	105.95
2004-01-06	85.31
2004-01-07	44.41
2004-01-08	43.67
2004-01-09	42.94
2004-01-10	42.22
2004-01-11	359.87
2004-01-12	45.96
2004-01-13	45.19
2004-01-14	44.44
2004-01-15	43.70
2004-01-16	42.97
2004-01-17	1172.78
2004-01-18	59.77
2004-01-19	58.78
2004-01-20	57.80
2004-01-21	431.14
2004-01-22	62.01
2004-01-23	60.89
2004-01-24	59.88
2004-01-25	59.22
2004-01-26	57.90
2004-01-27	56.94
2004-01-28	56.19
2004-01-29	58.94
2004-01-30	78.85
2004-01-31	112.99
2004-02-01	715.76
2004-02-02	1859.70
2004-02-03	93.34
2004-02-04	2470.90
2004-02-05	1436.88
2004-02-06	165.56
2004-02-07	2033.24
2004-02-08	1182.07
2004-02-09	185.20
2004-02-10	182.11
2004-02-11	179.08
2004-02-12	176.09
2004-02-13	348.97
2004-02-14	173.11
2004-02-15	170.22
2004-02-16	167.38
2004-02-17	164.59
2004-02-18	161.85
2004-02-19	159.15
2004-02-20	156.50
2004-02-21	153.90
2004-02-22	184.71
2004-02-23	1441.71
2004-02-24	167.69
2004-02-25	164.89
2004-02-26	162.15
2004-02-27	202.05
2004-02-28	213.27
2004-02-29	155.75
2004-03-01	196.99
2004-03-02	151.31
2004-03-03	870.50
2004-03-04	276.23
2004-03-05	285.73
2004-03-06	156.66
2004-03-07	154.05
2004-03-08	151.49
2004-03-09	148.96
2004-03-10	146.48
2004-03-11	2120.18
2004-03-12	2653.98
2004-03-13	210.59
2004-03-14	2040.81
2004-03-15	821.31
2004-03-16	238.78
2004-03-17	527.67
2004-03-18	235.61
2004-03-19	231.68
2004-03-20	542.26
2004-03-21	1394.13
2004-03-22	681.28
2004-03-23	247.03
2004-03-24	242.92
2004-03-25	238.87
2004-03-26	234.89
2004-03-27	230.97
2004-03-28	227.12
2004-03-29	223.34
2004-03-30	219.62
2004-03-31	215.96
2004-04-01	212.36
2004-04-02	208.82
2004-04-03	205.34
2004-04-04	202.33
2004-04-05	231.49
2004-04-06	234.30
2004-04-07	193.14
2004-04-08	189.92
2004-04-09	186.75
2004-04-10	183.64
2004-04-11	180.58
2004-04-12	177.57
2004-04-13	174.61
2004-04-14	171.70
2004-04-15	168.84
2004-04-16	170.40
2004-04-17	354.35
2004-04-18	163.68
2004-04-19	172.00
2004-04-20	158.45
2004-04-21	155.81
2004-04-22	603.75
2004-04-23	780.82
2004-04-24	165.33
2004-04-25	176.30
2004-04-26	678.16
2004-04-27	169.92
2004-04-28	163.08
2004-04-29	160.36
2004-04-30	157.68
2004-05-01	155.06
2004-05-02	152.47
2004-05-03	149.93
2004-05-04	147.43
2004-05-05	144.98
2004-05-06	142.56
2004-05-07	140.18
2004-05-08	137.85
2004-05-09	135.55
2004-05-10	133.29
2004-05-11	175.48
2004-05-12	129.60
2004-05-13	127.44
2004-05-14	125.32
2004-05-15	123.23
2004-05-16	121.17
2004-05-17	119.15
2004-05-18	117.17
2004-05-19	115.22
2004-05-20	113.30
2004-05-21	111.41
2004-05-22	109.55
2004-05-23	107.72
2004-05-24	205.82
2004-05-25	145.37
2004-05-26	180.54
2004-05-27	169.34
2004-05-28	103.44
2004-05-29	101.72
2004-05-30	100.02
2004-05-31	98.36
2004-06-01	126.01
2004-06-02	95.58
2004-06-03	93.99
2004-06-04	100.27
2004-06-05	306.15
2004-06-06	258.87
2004-06-07	94.08
2004-06-08	92.51
2004-06-09	90.97
2004-06-10	89.46
2004-06-11	87.96
2004-06-12	86.50
2004-06-13	85.06
2004-06-14	83.64
2004-06-15	82.25
2004-06-16	87.71
2004-06-17	82.74
2004-06-18	81.15
2004-06-19	82.11
2004-06-20	125.57
2004-06-21	103.64
2004-06-22	131.77
2004-06-23	74.51
2004-06-24	73.07
2004-06-25	71.90
2004-06-26	85.79
2004-06-27	136.85
2004-06-28	108.69
2004-06-29	69.11
2004-06-30	67.96
2004-07-01	74.19
2004-07-02	169.35
2004-07-03	175.21
2004-07-04	153.25
2004-07-05	67.32
2004-07-06	66.20
2004-07-07	65.10
2004-07-08	64.01
2004-07-09	62.95
2004-07-10	61.90
2004-07-11	60.86
2004-07-12	59.85
2004-07-13	58.85
2004-07-14	57.87
2004-07-15	56.91
2004-07-16	55.96
2004-07-17	55.03
2004-07-18	54.11
2004-07-19	53.21
2004-07-20	52.32
2004-07-21	51.45
2004-07-22	50.59
2004-07-23	49.75
2004-07-24	48.92
2004-07-25	48.10
2004-07-26	47.30
2004-07-27	46.51
2004-07-28	45.74
2004-07-29	44.98
2004-07-30	44.23
2004-07-31	43.49
2004-08-01	42.76
2004-08-02	42.05
2004-08-03	41.35
2004-08-04	40.66
2004-08-05	39.98
2004-08-06	39.32
2004-08-07	38.66
2004-08-08	38.02
2004-08-09	37.38
2004-08-10	36.76
2004-08-11	36.15
2004-08-12	35.55
2004-08-13	34.95
2004-08-14	34.37
2004-08-15	33.80
2004-08-16	33.23
2004-08-17	32.68
2004-08-18	32.14
2004-08-19	31.60
2004-08-20	31.07
2004-08-21	30.56
2004-08-22	30.05
2004-08-23	29.55
2004-08-24	29.05
2004-08-25	28.57
2004-08-26	28.09
2004-08-27	27.62
2004-08-28	27.16
2004-08-29	26.71
2004-08-30	26.27
2004-08-31	25.83
2004-09-01	25.40
2004-09-02	24.97
2004-09-03	24.56
2004-09-04	24.15
2004-09-05	23.75
2004-09-06	23.35
2004-09-07	22.96
2004-09-08	22.58
2004-09-09	22.20
2004-09-10	21.83
2004-09-11	21.47
2004-09-12	21.11
2004-09-13	20.76
2004-09-14	20.41
2004-09-15	20.07
2004-09-16	19.74
2004-09-17	19.41
2004-09-18	19.09
2004-09-19	18.77
2004-09-20	18.46
2004-09-21	18.15
2004-09-22	17.85
2004-09-23	17.55
2004-09-24	17.26
2004-09-25	16.97
2004-09-26	16.68
2004-09-27	16.41
2004-09-28	16.13
2004-09-29	15.86
2004-09-30	15.60
2004-10-01	15.34
2004-10-02	15.08
2004-10-03	14.83
2004-10-04	14.59
2004-10-05	14.34
2004-10-06	14.10
2004-10-07	13.87
2004-10-08	13.64
2004-10-09	13.41
2004-10-10	13.19
2004-10-11	12.97
2004-10-12	12.75
2004-10-13	12.54
2004-10-14	12.33
2004-10-15	12.12
2004-10-16	11.92
2004-10-17	11.72
2004-10-18	11.53
2004-10-19	11.34
2004-10-20	11.15
2004-10-21	10.96
2004-10-22	10.78
2004-10-23	10.60
2004-10-24	10.42
2004-10-25	10.25
2004-10-26	10.08
2004-10-27	9.91
2004-10-28	9.74
2004-10-29	9.58
2004-10-30	9.42
2004-10-31	9.27
2004-11-01	9.11
2004-11-02	8.96
2004-11-03	8.81
2004-11-04	8.66
2004-11-05	8.52
2004-11-06	8.38
2004-11-07	8.24
2004-11-08	8.10
2004-11-09	7.96
2004-11-10	7.83
2004-11-11	7.70
2004-11-12	7.57
2004-11-13	7.45
2004-11-14	7.32
2004-11-15	7.29
2004-11-16	7.08
2004-11-17	6.96
2004-11-18	6.85
2004-11-19	6.73
2004-11-20	6.62
2004-11-21	6.51
2004-11-22	6.40
2004-11-23	6.30
2004-11-24	6.19
2004-11-25	6.09
2004-11-26	5.99
2004-11-27	5.89
2004-11-28	5.79
2004-11-29	5.69
2004-11-30	5.60
2004-12-01	5.50
2004-12-02	5.41
2004-12-03	54.67
2004-12-04	6.03
2004-12-05	5.93
2004-12-06	5.83
2004-12-07	5.73
2004-12-08	5.64
2004-12-09	5.54
2004-12-10	5.45
2004-12-11	66.91
2004-12-12	6.26
2004-12-13	6.16
2004-12-14	6.06
2004-12-15	5.95
2004-12-16	5.86
2004-12-17	5.76
2004-12-18	5.66
2004-12-19	5.57
2004-12-20	5.47
2004-12-21	11.71
2004-12-22	231.40
2004-12-23	8.95
2004-12-24	8.80
2004-12-25	8.65
2004-12-26	8.51
2004-12-27	8.37
2004-12-28	8.23
2004-12-29	8.09
2004-12-30	7.96
2004-12-31	7.82
2005-01-01	7.69
2005-01-02	7.56
2005-01-03	21.21
2005-01-04	294.55
2005-01-05	675.01
2005-01-06	22.52
2005-01-07	22.15
2005-01-08	21.78
2005-01-09	21.42
2005-01-10	21.06
2005-01-11	20.71
2005-01-12	20.36
2005-01-13	20.02
2005-01-14	19.69
2005-01-15	19.36
2005-01-16	19.04
2005-01-17	456.90
2005-01-18	924.13
2005-01-19	162.95
2005-01-20	214.74
2005-01-21	2427.15
2005-01-22	4291.01
2005-01-23	3052.24
2005-01-24	801.01
2005-01-25	198.24
2005-01-26	194.93
2005-01-27	193.36
2005-01-28	613.32
2005-01-29	192.22
2005-01-30	189.02
2005-01-31	185.87
2005-02-01	510.07
2005-02-02	214.84
2005-02-03	675.21
2005-02-04	1067.36
2005-02-05	198.37
2005-02-06	468.88
2005-02-07	196.22
2005-02-08	192.95
2005-02-09	379.70
2005-02-10	189.64
2005-02-11	190.93
2005-02-12	1243.89
2005-02-13	197.48
2005-02-14	194.19
2005-02-15	190.95
2005-02-16	187.77
2005-02-17	184.64
2005-02-18	181.56
2005-02-19	178.53
2005-02-20	175.56
2005-02-21	172.63
2005-02-22	169.76
2005-02-23	166.93
2005-02-24	164.14
2005-02-25	2456.85
2005-02-26	5427.27
2005-02-27	276.79
2005-02-28	272.18
2005-03-01	267.64
2005-03-02	448.12
2005-03-03	2851.68
2005-03-04	677.35
2005-03-05	2327.74
2005-03-06	1085.89
2005-03-07	819.84
2005-03-08	942.18
2005-03-09	341.09
2005-03-10	335.40
2005-03-11	329.81
2005-03-12	324.32
2005-03-13	318.91
2005-03-14	313.60
2005-03-15	308.37
2005-03-16	303.23
2005-03-17	298.18
2005-03-18	3355.57
2005-03-19	409.30
2005-03-20	333.21
2005-03-21	327.66
2005-03-22	322.20
2005-03-23	316.83
2005-03-24	311.55
2005-03-25	306.35
2005-03-26	301.25
2005-03-27	296.23
2005-03-28	291.29
2005-03-29	286.44
2005-03-30	281.66
2005-03-31	276.97
2005-04-01	272.35
2005-04-02	267.81
2005-04-03	263.35
2005-04-04	258.96
2005-04-05	254.64
2005-04-06	250.40
2005-04-07	246.23
2005-04-08	242.12
2005-04-09	238.09
2005-04-10	234.12
2005-04-11	230.22
2005-04-12	226.38
2005-04-13	222.61
2005-04-14	218.90
2005-04-15	215.25
2005-04-16	211.66
2005-04-17	210.48
2005-04-18	1367.12
2005-04-19	220.03
2005-04-20	216.36
2005-04-21	212.76
2005-04-22	209.21
2005-04-23	205.72
2005-04-24	202.29
2005-04-25	198.92
2005-04-26	195.93
2005-04-27	201.18
2005-04-28	342.00
2005-04-29	2617.36
2005-04-30	742.76
2005-05-01	229.21
2005-05-02	225.39
2005-05-03	221.64
2005-05-04	217.94
2005-05-05	1483.80
2005-05-06	4007.23
2005-05-07	1243.28
2005-05-08	1651.25
2005-05-09	5485.77
2005-05-10	458.03
2005-05-11	388.19
2005-05-12	381.72
2005-05-13	375.36
2005-05-14	369.10
2005-05-15	362.95
2005-05-16	356.90
2005-05-17	350.95
2005-05-18	345.11
2005-05-19	339.35
2005-05-20	333.70
2005-05-21	328.14
2005-05-22	322.67
2005-05-23	317.29
2005-05-24	312.00
2005-05-25	309.65
2005-05-26	301.73
2005-05-27	296.71
2005-05-28	300.35
2005-05-29	287.04
2005-05-30	282.25
2005-05-31	277.55
2005-06-01	272.92
2005-06-02	268.37
2005-06-03	263.90
2005-06-04	259.50
2005-06-05	255.18
2005-06-06	250.92
2005-06-07	246.74
2005-06-08	242.63
2005-06-09	238.59
2005-06-10	234.61
2005-06-11	230.70
2005-06-12	226.85
2005-06-13	223.07
2005-06-14	219.36
2005-06-15	215.70
2005-06-16	490.50
2005-06-17	811.39
2005-06-18	246.35
2005-06-19	215.94
2005-06-20	212.34
2005-06-21	208.80
2005-06-22	205.32
2005-06-23	201.90
2005-06-24	198.53
2005-06-25	195.22
2005-06-26	191.97
2005-06-27	188.77
2005-06-28	185.62
2005-06-29	182.53
2005-06-30	179.49
2005-07-01	176.50
2005-07-02	173.56
2005-07-03	170.66
2005-07-04	167.82
2005-07-05	165.02
2005-07-06	162.27
2005-07-07	159.57
2005-07-08	156.91
2005-07-09	154.29
2005-07-10	151.72
2005-07-11	149.19
2005-07-12	146.71
2005-07-13	144.58
2005-07-14	496.10
2005-07-15	889.48
2005-07-16	1373.04
2005-07-17	1339.65
2005-07-18	1243.66
2005-07-19	721.86
2005-07-20	791.60
2005-07-21	962.81
2005-07-22	523.08
2005-07-23	222.43
2005-07-24	218.72
2005-07-25	215.07
2005-07-26	211.49
2005-07-27	207.96
2005-07-28	204.50
2005-07-29	201.09
2005-07-30	197.74
2005-07-31	194.44
2005-08-01	191.20
2005-08-02	188.02
2005-08-03	184.88
2005-08-04	181.80
2005-08-05	178.77
2005-08-06	600.78
2005-08-07	768.77
2005-08-08	755.90
2005-08-09	379.56
2005-08-10	398.64
2005-08-11	441.55
2005-08-12	235.83
2005-08-13	190.52
2005-08-14	187.35
2005-08-15	184.22
2005-08-16	181.15
2005-08-17	178.13
2005-08-18	175.17
2005-08-19	172.25
2005-08-20	169.38
2005-08-21	166.55
2005-08-22	163.78
2005-08-23	161.05
2005-08-24	158.36
2005-08-25	155.72
2005-08-26	161.41
2005-08-27	150.78
2005-08-28	148.20
2005-08-29	145.73
2005-08-30	143.30
2005-08-31	140.91
2005-09-01	138.56
2005-09-02	136.25
2005-09-03	133.98
2005-09-04	131.75
2005-09-05	129.55
2005-09-06	127.39
2005-09-07	125.27
2005-09-08	123.18
2005-09-09	121.13
2005-09-10	119.11
2005-09-11	117.13
2005-09-12	115.17
2005-09-13	113.25
2005-09-14	111.37
2005-09-15	109.51
2005-09-16	107.69
2005-09-17	105.89
2005-09-18	104.13
2005-09-19	102.39
2005-09-20	100.68
2005-09-21	99.01
2005-09-22	97.36
2005-09-23	95.73
2005-09-24	94.14
2005-09-25	92.57
2005-09-26	91.03
2005-09-27	89.51
2005-09-28	88.02
2005-09-29	86.55
2005-09-30	85.11
2005-10-01	83.69
2005-10-02	82.29
2005-10-03	80.92
2005-10-04	79.57
2005-10-05	78.25
2005-10-06	76.94
2005-10-07	75.66
2005-10-08	74.40
2005-10-09	73.16
2005-10-10	71.94
2005-10-11	70.74
2005-10-12	69.56
2005-10-13	68.40
2005-10-14	67.26
2005-10-15	66.14
2005-10-16	65.04
2005-10-17	63.96
2005-10-18	62.89
2005-10-19	61.84
2005-10-20	60.81
2005-10-21	59.80
2005-10-22	58.80
2005-10-23	57.82
2005-10-24	56.86
2005-10-25	55.91
2005-10-26	54.98
2005-10-27	54.06
2005-10-28	53.16
2005-10-29	52.27
2005-10-30	51.40
2005-10-31	50.55
2005-11-01	49.70
2005-11-02	48.88
2005-11-03	48.06
2005-11-04	47.26
2005-11-05	62.37
2005-11-06	136.67
2005-11-07	46.65
2005-11-08	45.87
2005-11-09	87.62
2005-11-10	45.04
2005-11-11	44.29
2005-11-12	43.55
2005-11-13	42.83
2005-11-14	42.11
2005-11-15	252.23
2005-11-16	44.12
2005-11-17	54.75
2005-11-18	42.84
2005-11-19	42.13
2005-11-20	41.43
2005-11-21	40.74
2005-11-22	40.06
2005-11-23	39.39
2005-11-24	127.89
2005-11-25	39.53
2005-11-26	38.87
2005-11-27	38.22
2005-11-28	37.58
2005-11-29	36.96
2005-11-30	36.87
2005-12-01	35.74
2005-12-02	35.15
2005-12-03	34.56
2005-12-04	201.29
2005-12-05	36.12
2005-12-06	35.51
2005-12-07	193.44
2005-12-08	113.59
2005-12-09	37.52
2005-12-10	38.07
2005-12-11	36.30
2005-12-12	35.69
2005-12-13	35.10
2005-12-14	43.19
2005-12-15	34.08
2005-12-16	33.51
2005-12-17	32.95
2005-12-18	32.40
2005-12-19	530.82
2005-12-20	39.37
2005-12-21	38.72
2005-12-22	38.07
2005-12-23	239.80
2005-12-24	50.49
2005-12-25	2515.36
2005-12-26	637.26
2005-12-27	86.51
2005-12-28	85.07
2005-12-29	83.65
2005-12-30	82.26
2005-12-31	80.89
2006-01-01	79.54
2006-01-02	78.21
2006-01-03	76.91
2006-01-04	78.23
2006-01-05	552.26
2006-01-06	275.00
2006-01-07	2519.04
2006-01-08	518.84
2006-01-09	151.06
2006-01-10	664.28
2006-01-11	490.09
2006-01-12	1018.84
2006-01-13	145.65
2006-01-14	143.22
2006-01-15	140.84
2006-01-16	138.49
2006-01-17	136.18
2006-01-18	133.91
2006-01-19	131.68
2006-01-20	129.48
2006-01-21	127.33
2006-01-22	125.20
2006-01-23	1159.93
2006-01-24	1272.01
2006-01-25	153.77
2006-01-26	1668.09
2006-01-27	334.86
2006-01-28	253.92
2006-01-29	273.62
2006-01-30	291.51
2006-01-31	368.53
2006-02-01	169.59
2006-02-02	166.77
2006-02-03	163.99
2006-02-04	161.26
2006-02-05	158.57
2006-02-06	155.92
2006-02-07	153.33
2006-02-08	231.83
2006-02-09	149.56
2006-02-10	147.07
2006-02-11	144.62
2006-02-12	142.21
2006-02-13	139.84
2006-02-14	137.51
2006-02-15	135.22
2006-02-16	1745.45
2006-02-17	2611.65
2006-02-18	193.70
2006-02-19	190.47
2006-02-20	188.12
2006-02-21	191.49
2006-02-22	181.24
2006-02-23	178.22
2006-02-24	175.25
2006-02-25	172.33
2006-02-26	372.62
2006-02-27	3632.59
2006-02-28	993.90
2006-03-01	299.03
2006-03-02	228.83
2006-03-03	2428.49
2006-03-04	6463.67
2006-03-05	352.57
2006-03-06	346.69
2006-03-07	3652.80
2006-03-08	2151.96
2006-03-09	899.56
2006-03-10	411.61
2006-03-11	5348.75
2006-03-12	2064.66
2006-03-13	495.32
2006-03-14	504.47
2006-03-15	479.23
2006-03-16	471.24
2006-03-17	463.39
2006-03-18	455.66
2006-03-19	448.07
2006-03-20	501.01
2006-03-21	434.23
2006-03-22	426.99
2006-03-23	419.88
2006-03-24	412.88
2006-03-25	406.00
2006-03-26	505.48
2006-03-27	394.29
2006-03-28	387.72
2006-03-29	1132.11
2006-03-30	648.48
2006-03-31	384.77
2006-04-01	378.36
2006-04-02	384.07
2006-04-03	366.05
2006-04-04	359.95
2006-04-05	353.95
2006-04-06	348.05
2006-04-07	342.25
2006-04-08	969.65
2006-04-09	2079.98
2006-04-10	367.75
2006-04-11	357.49
2006-04-12	351.54
2006-04-13	345.68
2006-04-14	339.92
2006-04-15	7206.85
2006-04-16	2970.25
2006-04-17	472.94
2006-04-18	465.06
2006-04-19	821.60
2006-04-20	5171.19
2006-04-21	523.98
2006-04-22	515.25
2006-04-23	506.66
2006-04-24	498.22
2006-04-25	489.91
2006-04-26	481.75
2006-04-27	473.72
2006-04-28	465.82
2006-04-29	458.06
2006-04-30	450.43
2006-05-01	442.92
2006-05-02	435.54
2006-05-03	428.28
2006-05-04	421.14
2006-05-05	414.12
2006-05-06	407.22
2006-05-07	400.43
2006-05-08	393.76
2006-05-09	387.20
2006-05-10	380.74
2006-05-11	374.40
2006-05-12	368.16
2006-05-13	362.02
2006-05-14	355.99
2006-05-15	350.05
2006-05-16	344.22
2006-05-17	338.48
2006-05-18	332.84
2006-05-19	327.29
2006-05-20	321.84
2006-05-21	316.47
2006-05-22	311.20
2006-05-23	306.01
2006-05-24	300.91
2006-05-25	295.90
2006-05-26	290.97
2006-05-27	286.12
2006-05-28	281.35
2006-05-29	276.66
2006-05-30	272.05
2006-05-31	267.51
2006-06-01	263.06
2006-06-02	260.49
2006-06-03	254.39
2006-06-04	250.15
2006-06-05	245.98
2006-06-06	241.88
2006-06-07	237.85
2006-06-08	252.11
2006-06-09	379.60
2006-06-10	424.06
2006-06-11	228.69
2006-06-12	614.48
2006-06-13	234.30
2006-06-14	223.27
2006-06-15	219.55
2006-06-16	215.89
2006-06-17	212.29
2006-06-18	208.76
2006-06-19	205.28
2006-06-20	201.86
2006-06-21	198.49
2006-06-22	195.18
2006-06-23	191.93
2006-06-24	188.73
2006-06-25	185.59
2006-06-26	182.49
2006-06-27	179.45
2006-06-28	176.46
2006-06-29	173.52
2006-06-30	170.63
2006-07-01	167.78
2006-07-02	164.99
2006-07-03	162.24
2006-07-04	159.53
2006-07-05	156.87
2006-07-06	154.26
2006-07-07	151.69
2006-07-08	149.16
2006-07-09	146.67
2006-07-10	144.23
2006-07-11	141.83
2006-07-12	139.46
2006-07-13	137.14
2006-07-14	134.85
2006-07-15	132.60
2006-07-16	130.39
2006-07-17	128.22
2006-07-18	126.08
2006-07-19	123.98
2006-07-20	121.92
2006-07-21	119.88
2006-07-22	117.89
2006-07-23	115.92
2006-07-24	113.99
2006-07-25	112.09
2006-07-26	110.22
2006-07-27	108.38
2006-07-28	106.58
2006-07-29	104.80
2006-07-30	103.06
2006-07-31	101.34
2006-08-01	99.65
2006-08-02	97.99
2006-08-03	96.35
2006-08-04	94.75
2006-08-05	93.17
2006-08-06	91.62
2006-08-07	90.09
2006-08-08	88.59
2006-08-09	87.11
2006-08-10	85.66
2006-08-11	84.23
2006-08-12	82.83
2006-08-13	81.45
2006-08-14	80.09
2006-08-15	78.76
2006-08-16	77.44
2006-08-17	76.15
2006-08-18	74.88
2006-08-19	73.64
2006-08-20	72.41
2006-08-21	71.20
2006-08-22	70.01
2006-08-23	68.85
2006-08-24	67.70
2006-08-25	66.57
2006-08-26	65.46
2006-08-27	64.37
2006-08-28	63.30
2006-08-29	62.24
2006-08-30	61.21
2006-08-31	60.19
2006-09-01	59.18
2006-09-02	58.20
2006-09-03	57.23
2006-09-04	56.27
2006-09-05	55.33
2006-09-06	54.41
2006-09-07	53.51
2006-09-08	52.61
2006-09-09	51.74
2006-09-10	50.87
2006-09-11	50.03
2006-09-12	49.19
2006-09-13	48.37
2006-09-14	47.57
2006-09-15	46.77
2006-09-16	45.99
2006-09-17	45.23
2006-09-18	44.47
2006-09-19	43.73
2006-09-20	43.00
2006-09-21	42.29
2006-09-22	41.58
2006-09-23	40.89
2006-09-24	40.21
2006-09-25	39.54
2006-09-26	38.88
2006-09-27	38.23
2006-09-28	37.59
2006-09-29	36.97
2006-09-30	36.35
2006-10-01	35.75
2006-10-02	35.15
2006-10-03	34.56
2006-10-04	33.99
2006-10-05	33.42
2006-10-06	32.86
2006-10-07	32.32
2006-10-08	31.78
2006-10-09	31.25
2006-10-10	30.73
2006-10-11	30.22
2006-10-12	29.71
2006-10-13	29.22
2006-10-14	28.73
2006-10-15	28.25
2006-10-16	27.78
2006-10-17	27.32
2006-10-18	26.86
2006-10-19	26.41
2006-10-20	25.97
2006-10-21	25.54
2006-10-22	25.12
2006-10-23	24.70
2006-10-24	24.28
2006-10-25	23.88
2006-10-26	23.48
2006-10-27	23.09
2006-10-28	22.71
2006-10-29	22.33
2006-10-30	21.96
2006-10-31	21.59
2006-11-01	21.23
2006-11-02	20.88
2006-11-03	20.53
2006-11-04	20.19
2006-11-05	19.87
2006-11-06	19.52
2006-11-07	19.19
2006-11-08	18.87
2006-11-09	18.56
2006-11-10	18.25
2006-11-11	17.95
2006-11-12	17.65
2006-11-13	17.35
2006-11-14	17.06
2006-11-15	16.78
2006-11-16	16.50
2006-11-17	16.22
2006-11-18	15.95
2006-11-19	19.53
2006-11-20	33.51
2006-11-21	61.40
2006-11-22	205.48
2006-11-23	41.83
2006-11-24	18.85
2006-11-25	18.53
2006-11-26	18.22
2006-11-27	17.92
2006-11-28	17.62
2006-11-29	30.35
2006-11-30	17.25
2006-12-01	16.96
2006-12-02	16.68
2006-12-03	344.94
2006-12-04	30.93
2006-12-05	520.99
2006-12-06	38.34
2006-12-07	28.59
2006-12-08	28.12
2006-12-09	27.65
2006-12-10	27.19
2006-12-11	26.73
2006-12-12	26.29
2006-12-13	25.85
2006-12-14	25.42
2006-12-15	25.00
2006-12-16	24.58
2006-12-17	48.92
2006-12-18	72.68
2006-12-19	24.54
2006-12-20	24.14
2006-12-21	23.73
2006-12-22	23.34
2006-12-23	22.95
2006-12-24	22.57
2006-12-25	22.19
2006-12-26	21.82
2006-12-27	21.46
2006-12-28	21.10
2006-12-29	20.75
2006-12-30	20.40
2006-12-31	21.35
2007-01-01	51.36
2007-01-02	678.55
2007-01-03	410.65
2007-01-04	35.84
2007-01-05	35.25
2007-01-06	34.66
2007-01-07	387.98
2007-01-08	896.83
2007-01-09	181.86
2007-01-10	1245.15
2007-01-11	71.92
2007-01-12	70.72
2007-01-13	69.54
2007-01-14	68.38
2007-01-15	284.93
2007-01-16	727.26
2007-01-17	79.07
2007-01-18	77.75
2007-01-19	76.46
2007-01-20	75.18
2007-01-21	73.93
2007-01-22	72.70
2007-01-23	71.49
2007-01-24	70.29
2007-01-25	69.12
2007-01-26	67.97
2007-01-27	67.76
2007-01-28	3656.36
2007-01-29	8421.04
2007-01-30	5069.15
2007-01-31	1936.73
2007-02-01	348.11
2007-02-02	342.31
2007-02-03	336.61
2007-02-04	331.00
2007-02-05	2500.54
2007-02-06	4521.28
2007-02-07	416.36
2007-02-08	409.42
2007-02-09	402.60
2007-02-10	395.89
2007-02-11	389.29
2007-02-12	382.80
2007-02-13	376.42
2007-02-14	370.15
2007-02-15	683.23
2007-02-16	873.14
2007-02-17	365.49
2007-02-18	359.15
2007-02-19	838.70
2007-02-20	356.14
2007-02-21	349.20
2007-02-22	343.38
2007-02-23	857.39
2007-02-24	2665.48
2007-02-25	372.21
2007-02-26	366.01
2007-02-27	359.91
2007-02-28	353.91
2007-03-01	348.01
2007-03-02	342.21
2007-03-03	336.51
2007-03-04	330.90
2007-03-05	325.39
2007-03-06	319.96
2007-03-07	314.63
2007-03-08	309.39
2007-03-09	304.23
2007-03-10	299.16
2007-03-11	294.17
2007-03-12	289.27
2007-03-13	284.45
2007-03-14	519.60
2007-03-15	278.91
2007-03-16	274.27
2007-03-17	269.69
2007-03-18	265.20
2007-03-19	275.28
2007-03-20	256.67
2007-03-21	456.24
2007-03-22	1711.84
2007-03-23	1246.51
2007-03-24	1032.42
2007-03-25	2069.74
2007-03-26	687.77
2007-03-27	4441.73
2007-03-28	3333.44
2007-03-29	4127.16
2007-03-30	2168.69
2007-03-31	489.27
2007-04-01	481.12
2007-04-02	473.10
2007-04-03	465.21
2007-04-04	457.46
2007-04-05	449.84
2007-04-06	706.56
2007-04-07	1195.54
2007-04-08	448.38
2007-04-09	436.76
2007-04-10	467.74
2007-04-11	422.94
2007-04-12	415.89
2007-04-13	408.96
2007-04-14	402.15
2007-04-15	395.44
2007-04-16	388.85
2007-04-17	3053.63
2007-04-18	419.06
2007-04-19	412.08
2007-04-20	405.21
2007-04-21	398.46
2007-04-22	391.81
2007-04-23	385.28
2007-04-24	378.86
2007-04-25	372.55
2007-04-26	366.34
2007-04-27	360.23
2007-04-28	354.23
2007-04-29	348.33
2007-04-30	342.52
2007-05-01	336.81
2007-05-02	331.20
2007-05-03	325.68
2007-05-04	320.25
2007-05-05	314.91
2007-05-06	309.66
2007-05-07	304.50
2007-05-08	299.43
2007-05-09	294.44
2007-05-10	289.53
2007-05-11	284.70
2007-05-12	279.96
2007-05-13	275.29
2007-05-14	270.71
2007-05-15	266.19
2007-05-16	261.76
2007-05-17	257.39
2007-05-18	253.10
2007-05-19	248.89
2007-05-20	244.74
2007-05-21	2885.57
2007-05-22	4891.89
2007-05-23	1057.09
2007-05-24	401.35
2007-05-25	349.43
2007-05-26	343.61
2007-05-27	337.88
2007-05-28	332.25
2007-05-29	335.90
2007-05-30	345.19
2007-05-31	324.70
2007-06-01	311.30
2007-06-02	306.11
2007-06-03	301.01
2007-06-04	295.99
2007-06-05	291.06
2007-06-06	286.21
2007-06-07	281.44
2007-06-08	276.75
2007-06-09	272.13
2007-06-10	267.60
2007-06-11	263.14
2007-06-12	258.75
2007-06-13	254.44
2007-06-14	250.20
2007-06-15	246.03
2007-06-16	241.93
2007-06-17	237.90
2007-06-18	233.93
2007-06-19	230.03
2007-06-20	226.20
2007-06-21	222.43
2007-06-22	218.72
2007-06-23	215.08
2007-06-24	211.49
2007-06-25	213.03
2007-06-26	507.90
2007-06-27	206.06
2007-06-28	202.63
2007-06-29	199.25
2007-06-30	195.93
2007-07-01	192.66
2007-07-02	189.45
2007-07-03	186.30
2007-07-04	183.19
2007-07-05	180.14
2007-07-06	177.14
2007-07-07	174.18
2007-07-08	171.28
2007-07-09	168.43
2007-07-10	165.62
2007-07-11	162.86
2007-07-12	160.14
2007-07-13	157.47
2007-07-14	154.85
2007-07-15	152.27
2007-07-16	149.73
2007-07-17	147.24
2007-07-18	144.78
2007-07-19	142.37
2007-07-20	140.00
2007-07-21	137.66
2007-07-22	135.37
2007-07-23	133.11
2007-07-24	130.89
2007-07-25	128.71
2007-07-26	126.57
2007-07-27	124.46
2007-07-28	122.38
2007-07-29	120.34
2007-07-30	118.34
2007-07-31	116.37
2007-08-01	114.43
2007-08-02	112.52
2007-08-03	110.64
2007-08-04	108.80
2007-08-05	106.99
2007-08-06	105.20
2007-08-07	103.45
2007-08-08	101.73
2007-08-09	100.03
2007-08-10	98.36
2007-08-11	96.72
2007-08-12	95.11
2007-08-13	93.53
2007-08-14	91.97
2007-08-15	90.43
2007-08-16	88.93
2007-08-17	87.45
2007-08-18	85.99
2007-08-19	84.55
2007-08-20	83.15
2007-08-21	81.76
2007-08-22	80.40
2007-08-23	79.06
2007-08-24	77.74
2007-08-25	76.44
2007-08-26	75.17
2007-08-27	73.92
2007-08-28	72.69
2007-08-29	71.47
2007-08-30	70.28
2007-08-31	69.11
2007-09-01	67.96
2007-09-02	66.83
2007-09-03	65.71
2007-09-04	64.62
2007-09-05	63.54
2007-09-06	62.48
2007-09-07	61.44
2007-09-08	60.42
2007-09-09	59.41
2007-09-10	58.42
2007-09-11	57.45
2007-09-12	56.49
2007-09-13	55.55
2007-09-14	54.62
2007-09-15	53.71
2007-09-16	52.82
2007-09-17	51.94
2007-09-18	51.07
2007-09-19	50.22
2007-09-20	49.38
2007-09-21	48.56
2007-09-22	47.75
2007-09-23	46.95
2007-09-24	46.17
2007-09-25	45.40
2007-09-26	44.64
2007-09-27	43.90
2007-09-28	43.17
2007-09-29	42.45
2007-09-30	41.74
2007-10-01	41.05
2007-10-02	40.36
2007-10-03	39.69
2007-10-04	39.03
2007-10-05	38.38
2007-10-06	37.74
2007-10-07	37.11
2007-10-08	36.49
2007-10-09	35.88
2007-10-10	35.28
2007-10-11	34.70
2007-10-12	34.12
2007-10-13	33.55
2007-10-14	32.99
2007-10-15	32.44
2007-10-16	31.90
2007-10-17	31.37
2007-10-18	30.84
2007-10-19	30.33
2007-10-20	29.83
2007-10-21	29.33
2007-10-22	28.84
2007-10-23	28.36
2007-10-24	27.89
2007-10-25	27.42
2007-10-26	26.96
2007-10-27	26.52
2007-10-28	26.07
2007-10-29	25.64
2007-10-30	25.21
2007-10-31	24.79
2007-11-01	24.38
2007-11-02	23.97
2007-11-03	23.57
2007-11-04	23.18
2007-11-05	22.79
2007-11-06	22.41
2007-11-07	22.04
2007-11-08	21.67
2007-11-09	21.31
2007-11-10	20.96
2007-11-11	20.61
2007-11-12	20.26
2007-11-13	19.93
2007-11-14	19.59
2007-11-15	19.27
2007-11-16	18.95
2007-11-17	18.63
2007-11-18	18.32
2007-11-19	18.01
2007-11-20	17.71
2007-11-21	17.42
2007-11-22	17.13
2007-11-23	16.84
2007-11-24	16.56
2007-11-25	16.29
2007-11-26	16.01
2007-11-27	15.75
2007-11-28	15.49
2007-11-29	15.23
2007-11-30	14.97
2007-12-01	14.72
2007-12-02	14.48
2007-12-03	14.24
2007-12-04	14.00
2007-12-05	13.77
2007-12-06	13.54
2007-12-07	13.31
2007-12-08	13.09
2007-12-09	12.87
2007-12-10	12.66
2007-12-11	12.45
2007-12-12	12.24
2007-12-13	12.03
2007-12-14	11.83
2007-12-15	11.64
2007-12-16	11.44
2007-12-17	11.25
2007-12-18	14.40
2007-12-19	10.93
2007-12-20	10.75
2007-12-21	10.57
2007-12-22	10.40
2007-12-23	29.44
2007-12-24	10.36
2007-12-25	10.19
2007-12-26	10.02
2007-12-27	9.85
2007-12-28	15.16
2007-12-29	9.62
2007-12-30	33.70
2007-12-31	92.81
2008-01-01	10.87
2008-01-02	10.69
2008-01-03	10.51
2008-01-04	10.33
2008-01-05	10.16
2008-01-06	9.99
2008-01-07	9.82
2008-01-08	9.66
2008-01-09	9.50
2008-01-10	231.06
2008-01-11	27.76
2008-01-12	25.00
2008-01-13	12.77
2008-01-14	12.56
2008-01-15	12.35
2008-01-16	18.44
2008-01-17	12.04
2008-01-18	11.84
2008-01-19	11.65
2008-01-20	15.85
2008-01-21	54.60
2008-01-22	11.84
2008-01-23	11.64
2008-01-24	11.45
2008-01-25	11.26
2008-01-26	11.07
2008-01-27	10.89
2008-01-28	10.70
2008-01-29	10.53
2008-01-30	10.35
2008-01-31	10.18
2008-02-01	10.01
2008-02-02	9.84
2008-02-03	9.68
2008-02-04	9.52
2008-02-05	9.36
2008-02-06	9.20
2008-02-07	9.05
2008-02-08	8.90
2008-02-09	8.75
2008-02-10	8.60
2008-02-11	110.42
2008-02-12	9.96
2008-02-13	9.80
2008-02-14	9.63
2008-02-15	9.47
2008-02-16	9.31
2008-02-17	9.16
2008-02-18	9.01
2008-02-19	8.86
2008-02-20	8.71
2008-02-21	8.56
2008-02-22	8.42
2008-02-23	8.28
2008-02-24	8.14
2008-02-25	8.01
2008-02-26	208.44
2008-02-27	10.98
2008-02-28	11.31
2008-02-29	12.47
2008-03-01	10.47
2008-03-02	108.34
2008-03-03	497.95
2008-03-04	40.88
2008-03-05	912.03
2008-03-06	475.62
2008-03-07	40.01
2008-03-08	39.35
2008-03-09	38.69
2008-03-10	38.05
2008-03-11	37.41
2008-03-12	38.25
2008-03-13	447.09
2008-03-14	42.22
2008-03-15	41.52
2008-03-16	618.17
2008-03-17	763.80
2008-03-18	1160.14
2008-03-19	5047.24
2008-03-20	381.76
2008-03-21	156.76
2008-03-22	154.15
2008-03-23	151.58
2008-03-24	149.05
2008-03-25	146.57
2008-03-26	153.33
2008-03-27	223.42
2008-03-28	140.82
2008-03-29	138.48
2008-03-30	136.77
2008-03-31	133.91
2008-04-01	2242.85
2008-04-02	163.51
2008-04-03	160.79
2008-04-04	158.11
2008-04-05	155.47
2008-04-06	152.88
2008-04-07	150.33
2008-04-08	578.02
2008-04-09	152.30
2008-04-10	149.76
2008-04-11	147.27
2008-04-12	144.81
2008-04-13	142.40
2008-04-14	140.02
2008-04-15	137.69
2008-04-16	135.40
2008-04-17	133.14
2008-04-18	130.92
2008-04-19	128.74
2008-04-20	126.59
2008-04-21	124.48
2008-04-22	137.70
2008-04-23	189.96
2008-04-24	1042.67
2008-04-25	1407.18
2008-04-26	349.73
2008-04-27	488.46
2008-04-28	154.53
2008-04-29	151.96
2008-04-30	149.42
2008-05-01	146.93
2008-05-02	144.49
2008-05-03	142.08
2008-05-04	139.71
2008-05-05	137.38
2008-05-06	135.09
2008-05-07	191.03
2008-05-08	131.56
2008-05-09	129.37
2008-05-10	1300.95
2008-05-11	2526.61
2008-05-12	963.75
2008-05-13	793.71
2008-05-14	196.23
2008-05-15	192.96
2008-05-16	189.75
2008-05-17	186.58
2008-05-18	183.47
2008-05-19	180.42
2008-05-20	177.41
2008-05-21	174.45
2008-05-22	171.55
2008-05-23	168.69
2008-05-24	165.87
2008-05-25	163.11
2008-05-26	160.39
2008-05-27	157.72
2008-05-28	155.09
2008-05-29	152.50
2008-05-30	149.96
2008-05-31	147.46
2008-06-01	145.01
2008-06-02	146.31
2008-06-03	165.60
2008-06-04	195.98
2008-06-05	141.79
2008-06-06	289.76
2008-06-07	135.01
2008-06-08	132.76
2008-06-09	130.55
2008-06-10	128.38
2008-06-11	126.24
2008-06-12	124.13
2008-06-13	122.06
2008-06-14	178.62
2008-06-15	175.65
2008-06-16	122.71
2008-06-17	117.87
2008-06-18	115.90
2008-06-19	243.84
2008-06-20	499.02
2008-06-21	434.91
2008-06-22	506.67
2008-06-23	124.26
2008-06-24	122.19
2008-06-25	137.45
2008-06-26	383.76
2008-06-27	130.70
2008-06-28	449.06
2008-06-29	122.22
2008-06-30	120.18
2008-07-01	118.18
2008-07-02	116.21
2008-07-03	114.27
2008-07-04	112.37
2008-07-05	110.50
2008-07-06	108.65
2008-07-07	106.84
2008-07-08	105.06
2008-07-09	103.31
2008-07-10	101.59
2008-07-11	99.90
2008-07-12	98.23
2008-07-13	96.59
2008-07-14	94.98
2008-07-15	93.40
2008-07-16	91.85
2008-07-17	90.31
2008-07-18	88.81
2008-07-19	87.33
2008-07-20	85.87
2008-07-21	84.44
2008-07-22	83.03
2008-07-23	81.65
2008-07-24	80.29
2008-07-25	78.95
2008-07-26	77.64
2008-07-27	76.34
2008-07-28	75.07
2008-07-29	73.82
2008-07-30	72.59
2008-07-31	71.38
2008-08-01	70.19
2008-08-02	69.02
2008-08-03	67.87
2008-08-04	66.74
2008-08-05	65.63
2008-08-06	64.53
2008-08-07	63.46
2008-08-08	62.40
2008-08-09	61.36
2008-08-10	60.34
2008-08-11	59.33
2008-08-12	58.34
2008-08-13	57.37
2008-08-14	56.41
2008-08-15	55.47
2008-08-16	54.55
2008-08-17	53.64
2008-08-18	52.75
2008-08-19	51.87
2008-08-20	51.00
2008-08-21	50.15
2008-08-22	49.32
2008-08-23	48.49
2008-08-24	47.69
2008-08-25	46.89
2008-08-26	46.11
2008-08-27	45.34
2008-08-28	44.59
2008-08-29	43.84
2008-08-30	43.11
2008-08-31	42.39
2008-09-01	41.69
2008-09-02	40.99
2008-09-03	40.31
2008-09-04	39.64
2008-09-05	38.98
2008-09-06	38.33
2008-09-07	37.69
2008-09-08	37.06
2008-09-09	36.44
2008-09-10	35.83
2008-09-11	35.24
2008-09-12	34.65
2008-09-13	34.07
2008-09-14	33.50
2008-09-15	32.95
2008-09-16	32.40
2008-09-17	31.86
2008-09-18	31.33
2008-09-19	30.80
2008-09-20	30.29
2008-09-21	29.79
2008-09-22	29.29
2008-09-23	28.80
2008-09-24	28.32
2008-09-25	27.85
2008-09-26	27.38
2008-09-27	26.93
2008-09-28	26.48
2008-09-29	26.04
2008-09-30	25.60
2008-10-01	25.18
2008-10-02	24.76
2008-10-03	24.35
2008-10-04	23.94
2008-10-05	23.54
2008-10-06	23.15
2008-10-07	22.76
2008-10-08	22.38
2008-10-09	22.01
2008-10-10	21.64
2008-10-11	21.28
2008-10-12	20.93
2008-10-13	20.58
2008-10-14	20.24
2008-10-15	19.90
2008-10-16	19.57
2008-10-17	19.24
2008-10-18	18.92
2008-10-19	18.60
2008-10-20	18.29
2008-10-21	17.99
2008-10-22	17.69
2008-10-23	17.40
2008-10-24	17.11
2008-10-25	16.82
2008-10-26	16.54
2008-10-27	16.26
2008-10-28	15.99
2008-10-29	15.73
2008-10-30	15.46
2008-10-31	15.21
2008-11-01	14.95
2008-11-02	14.70
2008-11-03	14.46
2008-11-04	14.22
2008-11-05	13.98
2008-11-06	13.75
2008-11-07	13.52
2008-11-08	13.29
2008-11-09	13.07
2008-11-10	12.85
2008-11-11	12.64
2008-11-12	12.43
2008-11-13	12.22
2008-11-14	12.02
2008-11-15	11.82
2008-11-16	11.62
2008-11-17	11.43
2008-11-18	11.24
2008-11-19	11.05
2008-11-20	10.87
2008-11-21	10.68
2008-11-22	10.51
2008-11-23	10.33
2008-11-24	10.16
2008-11-25	9.99
2008-11-26	9.82
2008-11-27	9.66
2008-11-28	9.50
2008-11-29	9.34
2008-11-30	9.18
2008-12-01	9.03
2008-12-02	8.88
2008-12-03	8.73
2008-12-04	8.59
2008-12-05	8.44
2008-12-06	8.30
2008-12-07	8.17
2008-12-08	8.03
2008-12-09	7.90
2008-12-10	7.76
2008-12-11	7.63
2008-12-12	7.51
2008-12-13	7.38
2008-12-14	7.26
2008-12-15	7.14
2008-12-16	7.02
2008-12-17	6.90
2008-12-18	6.79
2008-12-19	6.67
2008-12-20	6.56
2008-12-21	6.45
2008-12-22	6.35
2008-12-23	6.24
2008-12-24	6.14
2008-12-25	6.03
2008-12-26	5.93
2008-12-27	5.83
2008-12-28	5.74
2008-12-29	5.64
2008-12-30	5.55
2008-12-31	5.45
2009-01-01	5.36
2009-01-02	5.50
2009-01-03	53.46
2009-01-04	16.08
2009-01-05	25.12
2009-01-06	6.16
2009-01-07	6.06
2009-01-08	5.95
2009-01-09	5.86
2009-01-10	5.76
2009-01-11	5.66
2009-01-12	5.57
2009-01-13	5.47
2009-01-14	5.38
2009-01-15	5.29
2009-01-16	166.18
2009-01-17	7.71
2009-01-18	12.36
2009-01-19	92.99
2009-01-20	8.79
2009-01-21	8.64
2009-01-22	44.13
2009-01-23	8.93
2009-01-24	8.78
2009-01-25	8.63
2009-01-26	8.49
2009-01-27	339.22
2009-01-28	13.54
2009-01-29	13.32
2009-01-30	13.10
2009-01-31	12.88
2009-02-01	12.66
2009-02-02	12.45
2009-02-03	12.24
2009-02-04	12.04
2009-02-05	11.84
2009-02-06	11.64
2009-02-07	11.45
2009-02-08	11.26
2009-02-09	11.07
2009-02-10	10.89
2009-02-11	10.70
2009-02-12	814.97
2009-02-13	23.42
2009-02-14	22.93
2009-02-15	22.55
2009-02-16	22.17
2009-02-17	682.20
2009-02-18	2395.20
2009-02-19	69.64
2009-02-20	68.48
2009-02-21	67.34
2009-02-22	66.22
2009-02-23	65.12
2009-02-24	64.03
2009-02-25	62.96
2009-02-26	61.91
2009-02-27	60.88
2009-02-28	59.87
2009-03-01	71.51
2009-03-02	1103.08
2009-03-03	73.97
2009-03-04	203.44
2009-03-05	73.92
2009-03-06	72.41
2009-03-07	71.20
2009-03-08	70.02
2009-03-09	69.34
2009-03-10	193.13
2009-03-11	68.60
2009-03-12	1187.90
2009-03-13	104.59
2009-03-14	83.32
2009-03-15	81.93
2009-03-16	80.56
2009-03-17	3987.41
2009-03-18	5258.84
2009-03-19	221.05
2009-03-20	217.37
2009-03-21	213.75
2009-03-22	210.34
2009-03-23	209.68
2009-03-24	203.29
2009-03-25	199.90
2009-03-26	196.57
2009-03-27	193.29
2009-03-28	190.07
2009-03-29	186.90
2009-03-30	184.35
2009-03-31	180.73
2009-04-01	177.72
2009-04-02	217.33
2009-04-03	1885.58
2009-04-04	9385.02
2009-04-05	342.09
2009-04-06	336.39
2009-04-07	330.78
2009-04-08	335.65
2009-04-09	320.11
2009-04-10	314.69
2009-04-11	309.44
2009-04-12	304.28
2009-04-13	516.88
2009-04-14	297.73
2009-04-15	292.77
2009-04-16	287.89
2009-04-17	283.09
2009-04-18	278.38
2009-04-19	273.74
2009-04-20	269.17
2009-04-21	264.69
2009-04-22	260.28
2009-04-23	255.94
2009-04-24	251.67
2009-04-25	247.48
2009-04-26	243.35
2009-04-27	239.30
2009-04-28	235.31
2009-04-29	416.17
2009-04-30	494.23
2009-05-01	230.92
2009-05-02	227.07
2009-05-03	223.29
2009-05-04	219.56
2009-05-05	238.91
2009-05-06	212.68
2009-05-07	209.13
2009-05-08	205.65
2009-05-09	202.22
2009-05-10	198.85
2009-05-11	195.54
2009-05-12	192.28
2009-05-13	189.07
2009-05-14	185.92
2009-05-15	182.82
2009-05-16	179.77
2009-05-17	176.78
2009-05-18	173.83
2009-05-19	170.93
2009-05-20	168.09
2009-05-21	165.28
2009-05-22	162.53
2009-05-23	159.82
2009-05-24	157.16
2009-05-25	154.54
2009-05-26	151.96
2009-05-27	163.54
2009-05-28	148.57
2009-05-29	161.07
2009-05-30	313.72
2009-05-31	2030.77
2009-06-01	1678.59
2009-06-02	800.87
2009-06-03	326.08
2009-06-04	197.80
2009-06-05	194.50
2009-06-06	191.26
2009-06-07	188.07
2009-06-08	184.94
2009-06-09	181.86
2009-06-10	178.83
2009-06-11	175.85
2009-06-12	172.91
2009-06-13	170.03
2009-06-14	167.20
2009-06-15	164.41
2009-06-16	297.27
2009-06-17	163.49
2009-06-18	168.01
2009-06-19	158.40
2009-06-20	155.56
2009-06-21	152.91
2009-06-22	202.50
2009-06-23	423.47
2009-06-24	148.86
2009-06-25	146.38
2009-06-26	143.94
2009-06-27	141.54
2009-06-28	139.19
2009-06-29	136.87
2009-06-30	134.58
2009-07-01	132.34
2009-07-02	130.14
2009-07-03	127.97
2009-07-04	125.83
2009-07-05	123.74
2009-07-06	121.67
2009-07-07	119.65
2009-07-08	117.65
2009-07-09	115.69
2009-07-10	113.76
2009-07-11	111.87
2009-07-12	110.00
2009-07-13	108.17
2009-07-14	106.37
2009-07-15	104.59
2009-07-16	102.85
2009-07-17	103.56
2009-07-18	149.05
2009-07-19	148.07
2009-07-20	97.78
2009-07-21	171.91
2009-07-22	636.41
2009-07-23	342.51
2009-07-24	267.28
2009-07-25	296.25
2009-07-26	381.01
2009-07-27	246.10
2009-07-28	234.16
2009-07-29	428.05
2009-07-30	701.73
2009-07-31	925.06
2009-08-01	851.79
2009-08-02	790.19
2009-08-03	664.30
2009-08-04	225.21
2009-08-05	154.00
2009-08-06	151.43
2009-08-07	150.65
2009-08-08	158.28
2009-08-09	144.50
2009-08-10	388.89
2009-08-11	755.28
2009-08-12	519.21
2009-08-13	353.91
2009-08-14	360.64
2009-08-15	619.76
2009-08-16	928.02
2009-08-17	507.96
2009-08-18	293.76
2009-08-19	189.67
2009-08-20	169.37
2009-08-21	166.55
2009-08-22	163.77
2009-08-23	161.04
2009-08-24	158.36
2009-08-25	155.72
2009-08-26	153.12
2009-08-27	150.57
2009-08-28	148.06
2009-08-29	145.59
2009-08-30	143.17
2009-08-31	140.78
2009-09-01	138.44
2009-09-02	136.13
2009-09-03	133.86
2009-09-04	131.63
2009-09-05	129.43
2009-09-06	127.28
2009-09-07	125.16
2009-09-08	123.07
2009-09-09	121.02
2009-09-10	119.00
2009-09-11	117.02
2009-09-12	115.07
2009-09-13	113.15
2009-09-14	111.26
2009-09-15	109.41
2009-09-16	108.56
2009-09-17	105.81
2009-09-18	104.05
2009-09-19	102.31
2009-09-20	101.02
2009-09-21	98.94
2009-09-22	97.29
2009-09-23	95.67
2009-09-24	94.07
2009-09-25	92.50
2009-09-26	90.96
2009-09-27	89.45
2009-09-28	87.96
2009-09-29	86.49
2009-09-30	85.05
2009-10-01	85.03
2009-10-02	147.67
2009-10-03	214.48
2009-10-04	82.71
2009-10-05	81.33
2009-10-06	79.98
2009-10-07	78.65
2009-10-08	77.34
2009-10-09	317.41
2009-10-10	1079.83
2009-10-11	1478.15
2009-10-12	765.76
2009-10-13	122.86
2009-10-14	120.81
2009-10-15	118.80
2009-10-16	116.82
2009-10-17	114.87
2009-10-18	112.96
2009-10-19	111.07
2009-10-20	109.22
2009-10-21	107.68
2009-10-22	423.47
2009-10-23	108.98
2009-10-24	107.16
2009-10-25	105.38
2009-10-26	103.62
2009-10-27	101.89
2009-10-28	100.20
2009-10-29	98.53
2009-10-30	96.88
2009-10-31	95.27
2009-11-01	93.68
2009-11-02	92.12
2009-11-03	90.58
2009-11-04	555.05
2009-11-05	1283.45
2009-11-06	1610.38
2009-11-07	134.94
2009-11-08	132.69
2009-11-09	130.48
2009-11-10	128.30
2009-11-11	126.17
2009-11-12	124.06
2009-11-13	121.99
2009-11-14	119.96
2009-11-15	117.96
2009-11-16	116.00
2009-11-17	114.06
2009-11-18	112.16
2009-11-19	110.29
2009-11-20	108.45
2009-11-21	151.81
2009-11-22	105.60
2009-11-23	451.24
2009-11-24	520.40
2009-11-25	112.56
2009-11-26	110.69
2009-11-27	108.84
2009-11-28	107.03
2009-11-29	5446.98
2009-11-30	3481.09
2009-12-01	591.41
2009-12-02	4044.45
2009-12-03	298.47
2009-12-04	293.50
2009-12-05	288.61
2009-12-06	4495.27
2009-12-07	632.28
2009-12-08	345.77
2009-12-09	340.01
2009-12-10	334.34
2009-12-11	328.77
2009-12-12	3633.56
2009-12-13	910.53
2009-12-14	618.57
2009-12-15	371.51
2009-12-16	365.30
2009-12-17	359.21
2009-12-18	5232.56
2009-12-19	1044.81
2009-12-20	456.30
2009-12-21	425.42
2009-12-22	415.18
2009-12-23	412.75
2009-12-24	410.12
2009-12-25	405.30
2009-12-26	388.56
2009-12-27	382.08
2009-12-28	375.71
2009-12-29	369.45
2009-12-30	363.29
2009-12-31	357.24
2010-01-01	351.28
2010-01-02	345.43
2010-01-03	339.67
2010-01-04	334.01
2010-01-05	328.44
2010-01-06	322.97
2010-01-07	1547.82
2010-01-08	4387.83
2010-01-09	391.97
2010-01-10	385.44
2010-01-11	421.49
2010-01-12	447.34
2010-01-13	6147.80
2010-01-14	2640.52
2010-01-15	483.01
2010-01-16	474.96
2010-01-17	954.44
2010-01-18	467.12
2010-01-19	3390.65
2010-01-20	2889.01
2010-01-21	529.14
2010-01-22	520.32
2010-01-23	511.65
2010-01-24	503.12
2010-01-25	494.74
2010-01-26	486.49
2010-01-27	478.39
2010-01-28	470.41
2010-01-29	462.57
2010-01-30	454.86
2010-01-31	447.28
2010-02-01	4587.37
2010-02-02	499.86
2010-02-03	491.04
2010-02-04	482.86
2010-02-05	474.92
2010-02-06	2700.18
2010-02-07	495.12
2010-02-08	486.87
2010-02-09	478.75
2010-02-10	470.77
2010-02-11	474.66
2010-02-12	455.40
2010-02-13	447.81
2010-02-14	442.86
2010-02-15	433.05
2010-02-16	425.83
2010-02-17	418.73
2010-02-18	654.08
2010-02-19	2539.61
2010-02-20	436.33
2010-02-21	429.06
2010-02-22	421.91
2010-02-23	414.88
2010-02-24	407.96
2010-02-25	401.16
2010-02-26	394.48
2010-02-27	439.46
2010-02-28	394.73
2010-03-01	376.10
2010-03-02	369.83
2010-03-03	745.24
2010-03-04	2385.94
2010-03-05	1668.46
2010-03-06	404.39
2010-03-07	429.06
2010-03-08	609.03
2010-03-09	393.62
2010-03-10	382.12
2010-03-11	375.75
2010-03-12	369.49
2010-03-13	363.33
2010-03-14	357.27
2010-03-15	1526.92
2010-03-16	364.41
2010-03-17	358.34
2010-03-18	352.37
2010-03-19	346.50
2010-03-20	340.78
2010-03-21	335.04
2010-03-22	329.46
2010-03-23	323.97
2010-03-24	318.57
2010-03-25	313.26
2010-03-26	308.04
2010-03-27	302.90
2010-03-28	782.92
2010-03-29	399.30
2010-03-30	297.29
2010-03-31	292.33
2010-04-01	4489.83
2010-04-02	1156.81
2010-04-03	357.57
2010-04-04	995.22
2010-04-05	356.13
2010-04-06	350.19
2010-04-07	3540.96
2010-04-08	1115.24
2010-04-09	395.33
2010-04-10	388.74
2010-04-11	382.26
2010-04-12	375.89
2010-04-13	369.63
2010-04-14	363.47
2010-04-15	357.41
2010-04-16	351.45
2010-04-17	345.60
2010-04-18	339.84
2010-04-19	3069.72
2010-04-20	392.35
2010-04-21	737.74
2010-04-22	1167.98
2010-04-23	389.83
2010-04-24	883.83
2010-04-25	12237.47
2010-04-26	2931.47
2010-04-27	583.93
2010-04-28	574.20
2010-04-29	564.63
2010-04-30	555.21
2010-05-01	545.96
2010-05-02	536.86
2010-05-03	527.91
2010-05-04	519.12
2010-05-05	510.46
2010-05-06	501.96
2010-05-07	493.59
2010-05-08	485.36
2010-05-09	477.27
2010-05-10	469.32
2010-05-11	461.50
2010-05-12	453.81
2010-05-13	446.24
2010-05-14	438.81
2010-05-15	431.49
2010-05-16	424.30
2010-05-17	417.23
2010-05-18	410.27
2010-05-19	403.44
2010-05-20	396.71
2010-05-21	390.10
2010-05-22	383.60
2010-05-23	377.21
2010-05-24	370.92
2010-05-25	364.74
2010-05-26	358.66
2010-05-27	352.68
2010-05-28	346.80
2010-05-29	341.02
2010-05-30	335.34
2010-05-31	329.75
2010-06-01	324.25
2010-06-02	318.85
2010-06-03	313.54
2010-06-04	308.31
2010-06-05	303.17
2010-06-06	298.12
2010-06-07	293.15
2010-06-08	288.26
2010-06-09	283.46
2010-06-10	278.74
2010-06-11	274.09
2010-06-12	269.52
2010-06-13	265.03
2010-06-14	260.61
2010-06-15	256.27
2010-06-16	252.00
2010-06-17	247.80
2010-06-18	243.67
2010-06-19	239.61
2010-06-20	235.61
2010-06-21	231.69
2010-06-22	227.82
2010-06-23	224.03
2010-06-24	220.29
2010-06-25	216.62
2010-06-26	213.01
2010-06-27	209.46
2010-06-28	205.97
2010-06-29	202.54
2010-06-30	199.16
2010-07-01	195.84
2010-07-02	192.58
2010-07-03	189.37
2010-07-04	186.21
2010-07-05	183.11
2010-07-06	180.06
2010-07-07	177.06
2010-07-08	174.11
2010-07-09	171.20
2010-07-10	168.35
2010-07-11	165.54
2010-07-12	162.79
2010-07-13	160.07
2010-07-14	157.40
2010-07-15	154.78
2010-07-16	152.20
2010-07-17	149.67
2010-07-18	147.17
2010-07-19	144.72
2010-07-20	142.31
2010-07-21	139.93
2010-07-22	137.60
2010-07-23	135.31
2010-07-24	133.05
2010-07-25	130.84
2010-07-26	128.66
2010-07-27	126.51
2010-07-28	124.40
2010-07-29	122.33
2010-07-30	120.29
2010-07-31	118.29
2010-08-01	116.31
2010-08-02	114.38
2010-08-03	112.47
2010-08-04	110.59
2010-08-05	108.75
2010-08-06	106.94
2010-08-07	105.16
2010-08-08	103.40
2010-08-09	101.68
2010-08-10	99.99
2010-08-11	98.32
2010-08-12	96.68
2010-08-13	95.07
2010-08-14	93.48
2010-08-15	91.93
2010-08-16	90.39
2010-08-17	88.89
2010-08-18	87.41
2010-08-19	85.95
2010-08-20	84.52
2010-08-21	83.11
2010-08-22	81.72
2010-08-23	80.36
2010-08-24	79.02
2010-08-25	77.71
2010-08-26	76.41
2010-08-27	75.14
2010-08-28	73.88
2010-08-29	72.65
2010-08-30	71.44
2010-08-31	70.25
2010-09-01	69.08
2010-09-02	67.93
2010-09-03	66.80
2010-09-04	65.68
2010-09-05	64.59
2010-09-06	63.51
2010-09-07	62.45
2010-09-08	61.41
2010-09-09	60.39
2010-09-10	59.38
2010-09-11	58.39
2010-09-12	57.42
2010-09-13	56.46
2010-09-14	55.52
2010-09-15	54.60
2010-09-16	53.69
2010-09-17	52.79
2010-09-18	51.91
2010-09-19	51.05
2010-09-20	50.20
2010-09-21	49.36
2010-09-22	48.54
2010-09-23	47.73
2010-09-24	46.93
2010-09-25	46.15
2010-09-26	45.38
2010-09-27	44.62
2010-09-28	43.88
2010-09-29	43.15
2010-09-30	42.43
2010-10-01	41.72
2010-10-02	41.03
2010-10-03	41.91
2010-10-04	39.70
2010-10-05	39.04
2010-10-06	38.38
2010-10-07	39.25
2010-10-08	37.14
2010-10-09	36.52
2010-10-10	35.91
2010-10-11	35.31
2010-10-12	34.73
2010-10-13	34.15
2010-10-14	33.58
2010-10-15	33.02
2010-10-16	32.47
2010-10-17	31.93
2010-10-18	31.39
2010-10-19	30.87
2010-10-20	30.36
2010-10-21	29.85
2010-10-22	29.35
2010-10-23	28.86
2010-10-24	28.38
2010-10-25	27.91
2010-10-26	27.44
2010-10-27	26.99
2010-10-28	26.54
2010-10-29	26.10
2010-10-30	25.66
2010-10-31	25.23
2010-11-01	24.81
2010-11-02	24.40
2010-11-03	23.99
2010-11-04	23.59
2010-11-05	23.20
2010-11-06	22.81
2010-11-07	22.43
2010-11-08	22.06
2010-11-09	21.69
2010-11-10	21.33
2010-11-11	20.97
2010-11-12	20.62
2010-11-13	20.28
2010-11-14	19.94
2010-11-15	19.61
2010-11-16	19.28
2010-11-17	18.96
2010-11-18	18.65
2010-11-19	18.33
2010-11-20	18.03
2010-11-21	17.73
2010-11-22	17.43
2010-11-23	17.14
2010-11-24	16.86
2010-11-25	16.58
2010-11-26	16.30
2010-11-27	16.03
2010-11-28	15.76
2010-11-29	15.50
2010-11-30	109.60
2010-12-01	123.86
2010-12-02	17.96
2010-12-03	17.66
2010-12-04	17.37
2010-12-05	17.08
2010-12-06	16.79
2010-12-07	16.51
2010-12-08	16.24
2010-12-09	15.97
2010-12-10	15.70
2010-12-11	15.44
2010-12-12	15.18
2010-12-13	14.93
2010-12-14	14.68
2010-12-15	14.44
2010-12-16	14.20
2010-12-17	108.37
2010-12-18	15.25
2010-12-19	14.99
2010-12-20	14.74
2010-12-21	14.61
2010-12-22	582.76
2010-12-23	294.10
2010-12-24	604.47
2010-12-25	1041.41
2010-12-26	107.82
2010-12-27	51.67
2010-12-28	50.81
2010-12-29	49.96
2010-12-30	49.13
2010-12-31	168.73
2011-01-01	1776.73
2011-01-02	122.65
2011-01-03	75.94
2011-01-04	74.67
2011-01-05	73.43
2011-01-06	72.20
2011-01-07	71.00
2011-01-08	69.82
2011-01-09	68.65
2011-01-10	382.52
2011-01-11	115.91
2011-01-12	70.99
2011-01-13	2914.86
2011-01-14	6443.00
2011-01-15	328.02
2011-01-16	212.86
2011-01-17	209.32
2011-01-18	1228.49
2011-01-19	1756.44
2011-01-20	2786.65
2011-01-21	8172.57
2011-01-22	1507.91
2011-01-23	410.93
2011-01-24	404.08
2011-01-25	397.35
2011-01-26	390.73
2011-01-27	384.22
2011-01-28	377.81
2011-01-29	371.52
2011-01-30	365.69
2011-01-31	933.03
2011-02-01	435.56
2011-02-02	357.64
2011-02-03	351.68
2011-02-04	345.82
2011-02-05	943.87
2011-02-06	2464.02
2011-02-07	372.56
2011-02-08	366.35
2011-02-09	360.24
2011-02-10	354.24
2011-02-11	348.33
2011-02-12	342.53
2011-02-13	336.82
2011-02-14	4842.63
2011-02-15	398.55
2011-02-16	391.77
2011-02-17	385.24
2011-02-18	379.33
2011-02-19	374.93
2011-02-20	370.40
2011-02-21	1991.09
2011-02-22	381.53
2011-02-23	374.26
2011-02-24	1171.10
2011-02-25	4023.21
2011-02-26	525.04
2011-02-27	987.79
2011-02-28	423.94
2011-03-01	416.88
2011-03-02	409.93
2011-03-03	404.78
2011-03-04	396.41
2011-03-05	554.13
2011-03-06	936.66
2011-03-07	439.60
2011-03-08	385.51
2011-03-09	457.40
2011-03-10	371.45
2011-03-11	365.26
2011-03-12	359.17
2011-03-13	353.18
2011-03-14	435.52
2011-03-15	2161.92
2011-03-16	366.54
2011-03-17	2458.97
2011-03-18	2226.65
2011-03-19	411.42
2011-03-20	404.56
2011-03-21	397.82
2011-03-22	1394.50
2011-03-23	6236.09
2011-03-24	488.22
2011-03-25	480.09
2011-03-26	472.09
2011-03-27	464.22
2011-03-28	456.48
2011-03-29	448.87
2011-03-30	441.39
2011-03-31	434.03
2011-04-01	426.80
2011-04-02	419.69
2011-04-03	412.69
2011-04-04	405.81
2011-04-05	399.05
2011-04-06	1447.03
2011-04-07	402.86
2011-04-08	396.15
2011-04-09	389.54
2011-04-10	838.11
2011-04-11	384.00
2011-04-12	377.60
2011-04-13	371.31
2011-04-14	365.12
2011-04-15	1563.32
2011-04-16	372.47
2011-04-17	366.26
2011-04-18	360.15
2011-04-19	354.15
2011-04-20	348.25
2011-04-21	342.44
2011-04-22	336.74
2011-04-23	331.12
2011-04-24	325.61
2011-04-25	320.18
2011-04-26	688.20
2011-04-27	315.61
2011-04-28	310.35
2011-04-29	305.18
2011-04-30	300.09
2011-05-01	295.09
2011-05-02	290.17
2011-05-03	285.34
2011-05-04	280.58
2011-05-05	275.91
2011-05-06	271.31
2011-05-07	266.79
2011-05-08	262.34
2011-05-09	257.97
2011-05-10	253.67
2011-05-11	249.44
2011-05-12	245.28
2011-05-13	241.19
2011-05-14	237.17
2011-05-15	233.22
2011-05-16	229.33
2011-05-17	225.51
2011-05-18	221.75
2011-05-19	218.06
2011-05-20	214.42
2011-05-21	210.85
2011-05-22	207.34
2011-05-23	203.88
2011-05-24	200.48
2011-05-25	197.14
2011-05-26	193.86
2011-05-27	190.62
2011-05-28	187.45
2011-05-29	184.32
2011-05-30	181.25
2011-05-31	178.23
2011-06-01	175.26
2011-06-02	172.34
2011-06-03	169.81
2011-06-04	166.65
2011-06-05	163.87
2011-06-06	161.14
2011-06-07	158.45
2011-06-08	155.81
2011-06-09	153.22
2011-06-10	155.67
2011-06-11	148.23
2011-06-12	145.76
2011-06-13	143.33
2011-06-14	140.94
2011-06-15	138.59
2011-06-16	136.28
2011-06-17	134.01
2011-06-18	131.78
2011-06-19	129.58
2011-06-20	127.42
2011-06-21	125.30
2011-06-22	123.21
2011-06-23	121.16
2011-06-24	119.14
2011-06-25	117.15
2011-06-26	115.20
2011-06-27	113.28
2011-06-28	111.39
2011-06-29	109.54
2011-06-30	107.71
2011-07-01	105.91
2011-07-02	104.15
2011-07-03	102.41
2011-07-04	100.71
2011-07-05	99.03
2011-07-06	97.38
2011-07-07	95.75
2011-07-08	94.16
2011-07-09	92.59
2011-07-10	91.05
2011-07-11	89.53
2011-07-12	88.04
2011-07-13	86.57
2011-07-14	85.13
2011-07-15	83.71
2011-07-16	82.31
2011-07-17	80.94
2011-07-18	79.59
2011-07-19	78.27
2011-07-20	76.96
2011-07-21	75.68
2011-07-22	74.42
2011-07-23	73.18
2011-07-24	71.96
2011-07-25	70.76
2011-07-26	69.58
2011-07-27	68.42
2011-07-28	67.28
2011-07-29	66.16
2011-07-30	65.05
2011-07-31	63.97
2011-08-01	62.90
2011-08-02	61.86
2011-08-03	60.82
2011-08-04	59.81
2011-08-05	59.93
2011-08-06	89.88
2011-08-07	79.99
2011-08-08	72.86
2011-08-09	56.12
2011-08-10	55.19
2011-08-11	54.27
2011-08-12	53.36
2011-08-13	108.93
2011-08-14	92.57
2011-08-15	52.28
2011-08-16	51.41
2011-08-17	50.55
2011-08-18	50.50
2011-08-19	48.89
2011-08-20	48.08
2011-08-21	47.28
2011-08-22	46.49
2011-08-23	45.71
2011-08-24	44.95
2011-08-25	48.35
2011-08-26	43.53
2011-08-27	42.81
2011-08-28	42.09
2011-08-29	41.39
2011-08-30	40.70
2011-08-31	40.03
2011-09-01	39.36
2011-09-02	38.70
2011-09-03	38.06
2011-09-04	37.42
2011-09-05	36.80
2011-09-06	36.19
2011-09-07	35.58
2011-09-08	34.99
2011-09-09	34.50
2011-09-10	77.71
2011-09-11	213.30
2011-09-12	108.71
2011-09-13	152.19
2011-09-14	71.51
2011-09-15	38.01
2011-09-16	37.38
2011-09-17	36.76
2011-09-18	36.46
2011-09-19	35.55
2011-09-20	41.04
2011-09-21	34.47
2011-09-22	86.37
2011-09-23	75.84
2011-09-24	34.28
2011-09-25	33.71
2011-09-26	33.28
2011-09-27	32.59
2011-09-28	32.05
2011-09-29	31.52
2011-09-30	30.99
2011-10-01	30.48
2011-10-02	29.97
2011-10-03	33.23
2011-10-04	38.98
2011-10-05	49.95
2011-10-06	147.32
2011-10-07	30.02
2011-10-08	29.51
2011-10-09	29.02
2011-10-10	28.54
2011-10-11	28.06
2011-10-12	27.60
2011-10-13	27.14
2011-10-14	1212.59
2011-10-15	1742.63
2011-10-16	71.96
2011-10-17	70.76
2011-10-18	69.58
2011-10-19	68.42
2011-10-20	67.28
2011-10-21	66.16
2011-10-22	65.06
2011-10-23	63.97
2011-10-24	62.91
2011-10-25	61.86
2011-10-26	60.83
2011-10-27	59.81
2011-10-28	58.82
2011-10-29	57.84
2011-10-30	56.87
2011-10-31	55.92
2011-11-01	54.99
2011-11-02	54.08
2011-11-03	53.17
2011-11-04	52.29
2011-11-05	51.42
2011-11-06	50.56
2011-11-07	49.72
2011-11-08	48.89
2011-11-09	48.07
2011-11-10	47.27
2011-11-11	46.49
2011-11-12	50.72
2011-11-13	48.85
2011-11-14	44.34
2011-11-15	43.60
2011-11-16	44.07
2011-11-17	1299.49
2011-11-18	453.38
2011-11-19	106.56
2011-11-20	85.99
2011-11-21	133.19
2011-11-22	65.96
2011-11-23	76.99
2011-11-24	63.77
2011-11-25	62.71
2011-11-26	61.67
2011-11-27	60.64
2011-11-28	59.63
2011-11-29	58.63
2011-11-30	57.66
2011-12-01	56.69
2011-12-02	55.75
2011-12-03	58.97
2011-12-04	59.19
2011-12-05	386.76
2011-12-06	1139.78
2011-12-07	2617.04
2011-12-08	3959.55
2011-12-09	222.67
2011-12-10	171.87
2011-12-11	169.01
2011-12-12	166.19
2011-12-13	163.95
2011-12-14	1640.74
2011-12-15	181.88
2011-12-16	187.94
2011-12-17	538.41
2011-12-18	178.93
2011-12-19	1258.57
2011-12-20	190.46
2011-12-21	187.29
2011-12-22	184.17
2011-12-23	181.10
2011-12-24	178.08
2011-12-25	175.11
2011-12-26	172.19
2011-12-27	169.77
2011-12-28	166.51
2011-12-29	163.73
2011-12-30	161.00
2011-12-31	158.32
2012-01-01	155.68
2012-01-02	153.09
2012-01-03	1749.99
2012-01-04	215.57
2012-01-05	171.59
2012-01-06	2980.37
2012-01-07	211.24
2012-01-08	207.72
2012-01-09	204.26
2012-01-10	201.36
2012-01-11	2975.24
2012-01-12	5243.20
2012-01-13	322.62
2012-01-14	310.54
2012-01-15	377.48
2012-01-16	334.56
2012-01-17	296.94
2012-01-18	291.99
2012-01-19	287.13
2012-01-20	282.34
2012-01-21	286.86
2012-01-22	273.16
2012-01-23	268.61
2012-01-24	264.13
2012-01-25	259.73
2012-01-26	255.40
2012-01-27	251.14
2012-01-28	246.96
2012-01-29	242.84
2012-01-30	238.79
2012-01-31	234.81
2012-02-01	320.28
2012-02-02	250.36
2012-02-03	225.04
2012-02-04	221.28
2012-02-05	217.60
2012-02-06	213.97
2012-02-07	274.91
2012-02-08	305.00
2012-02-09	206.04
2012-02-10	202.60
2012-02-11	199.23
2012-02-12	195.91
2012-02-13	192.64
2012-02-14	189.43
2012-02-15	1756.92
2012-02-16	208.49
2012-02-17	205.01
2012-02-18	208.10
2012-02-19	198.34
2012-02-20	5498.54
2012-02-21	617.47
2012-02-22	3657.96
2012-02-23	327.99
2012-02-24	415.41
2012-02-25	2031.40
2012-02-26	3814.08
2012-02-27	3389.80
2012-02-28	957.12
2012-02-29	552.08
2012-03-01	506.59
2012-03-02	423.06
2012-03-03	416.01
2012-03-04	409.07
2012-03-05	1237.39
2012-03-06	409.01
2012-03-07	402.20
2012-03-08	395.49
2012-03-09	2035.55
2012-03-10	408.96
2012-03-11	402.15
2012-03-12	395.45
2012-03-13	718.25
2012-03-14	1605.19
2012-03-15	400.85
2012-03-16	394.17
2012-03-17	387.60
2012-03-18	381.14
2012-03-19	395.68
2012-03-20	368.88
2012-03-21	362.73
2012-03-22	356.68
2012-03-23	350.74
2012-03-24	344.89
2012-03-25	339.15
2012-03-26	333.49
2012-03-27	366.15
2012-03-28	1459.01
2012-03-29	417.38
2012-03-30	334.12
2012-03-31	327.52
2012-04-01	320.82
2012-04-02	315.47
2012-04-03	310.21
2012-04-04	305.04
2012-04-05	299.96
2012-04-06	294.96
2012-04-07	290.04
2012-04-08	285.21
2012-04-09	280.45
2012-04-10	275.78
2012-04-11	271.18
2012-04-12	381.57
2012-04-13	264.07
2012-04-14	259.67
2012-04-15	255.34
2012-04-16	251.09
2012-04-17	246.90
2012-04-18	513.58
2012-04-19	243.11
2012-04-20	239.05
2012-04-21	235.07
2012-04-22	231.15
2012-04-23	227.30
2012-04-24	223.51
2012-04-25	219.79
2012-04-26	216.12
2012-04-27	212.74
2012-04-28	208.98
2012-04-29	205.50
2012-04-30	202.07
2012-05-01	198.71
2012-05-02	195.40
2012-05-03	192.14
2012-05-04	188.94
2012-05-05	185.79
2012-05-06	182.69
2012-05-07	179.65
2012-05-08	176.65
2012-05-09	173.71
2012-05-10	184.69
2012-05-11	2727.10
2012-05-12	6104.56
2012-05-13	4266.27
2012-05-14	516.98
2012-05-15	3619.27
2012-05-16	2709.34
2012-05-17	431.16
2012-05-18	423.98
2012-05-19	416.91
2012-05-20	409.96
2012-05-21	403.13
2012-05-22	396.41
2012-05-23	389.80
2012-05-24	383.31
2012-05-25	376.92
2012-05-26	370.64
2012-05-27	364.46
2012-05-28	358.39
2012-05-29	352.41
2012-05-30	346.54
2012-05-31	340.76
2012-06-01	335.32
2012-06-02	329.50
2012-06-03	325.40
2012-06-04	318.63
2012-06-05	313.32
2012-06-06	322.06
2012-06-07	699.84
2012-06-08	304.53
2012-06-09	300.69
2012-06-10	294.48
2012-06-11	289.58
2012-06-12	284.75
2012-06-13	283.81
2012-06-14	561.48
2012-06-15	276.90
2012-06-16	319.71
2012-06-17	273.60
2012-06-18	262.78
2012-06-19	395.94
2012-06-20	319.79
2012-06-21	253.17
2012-06-22	248.85
2012-06-23	244.71
2012-06-24	253.64
2012-06-25	236.82
2012-06-26	232.87
2012-06-27	230.20
2012-06-28	279.31
2012-06-29	267.67
2012-06-30	418.90
2012-07-01	538.32
2012-07-02	516.06
2012-07-03	386.94
2012-07-04	400.73
2012-07-05	486.64
2012-07-06	220.34
2012-07-07	216.67
2012-07-08	213.06
2012-07-09	209.51
2012-07-10	206.02
2012-07-11	202.58
2012-07-12	199.21
2012-07-13	195.89
2012-07-14	195.92
2012-07-15	189.46
2012-07-16	186.31
2012-07-17	183.20
2012-07-18	180.15
2012-07-19	177.15
2012-07-20	174.19
2012-07-21	171.29
2012-07-22	168.44
2012-07-23	165.63
2012-07-24	162.87
2012-07-25	160.15
2012-07-26	157.48
2012-07-27	154.86
2012-07-28	152.28
2012-07-29	149.74
2012-07-30	147.24
2012-07-31	144.79
2012-08-01	142.38
2012-08-02	140.00
2012-08-03	138.44
2012-08-04	135.39
2012-08-05	133.13
2012-08-06	130.91
2012-08-07	128.73
2012-08-08	126.59
2012-08-09	124.48
2012-08-10	122.40
2012-08-11	120.36
2012-08-12	133.53
2012-08-13	116.63
2012-08-14	129.64
2012-08-15	113.01
2012-08-16	111.13
2012-08-17	109.28
2012-08-18	107.46
2012-08-19	105.67
2012-08-20	103.90
2012-08-21	102.17
2012-08-22	100.47
2012-08-23	98.80
2012-08-24	97.15
2012-08-25	95.53
2012-08-26	93.94
2012-08-27	92.37
2012-08-28	90.83
2012-08-29	89.32
2012-08-30	87.83
2012-08-31	86.37
2012-09-01	84.93
2012-09-02	83.51
2012-09-03	82.12
2012-09-04	80.75
2012-09-05	79.40
2012-09-06	78.08
2012-09-07	76.78
2012-09-08	75.50
2012-09-09	74.24
2012-09-10	73.00
2012-09-11	71.79
2012-09-12	70.59
2012-09-13	69.41
2012-09-14	68.26
2012-09-15	67.12
2012-09-16	66.00
2012-09-17	64.90
2012-09-18	63.82
2012-09-19	86.10
2012-09-20	70.25
2012-09-21	61.18
2012-09-22	60.16
2012-09-23	64.05
2012-09-24	58.33
2012-09-25	57.28
2012-09-26	61.38
2012-09-27	212.26
2012-09-28	931.93
2012-09-29	531.88
2012-09-30	176.61
2012-10-01	76.84
2012-10-02	75.56
2012-10-03	74.30
2012-10-04	73.06
2012-10-05	71.84
2012-10-06	70.64
2012-10-07	69.47
2012-10-08	68.31
2012-10-09	67.17
2012-10-10	66.05
2012-10-11	64.95
2012-10-12	63.87
2012-10-13	62.80
2012-10-14	61.76
2012-10-15	60.73
2012-10-16	59.71
2012-10-17	68.85
2012-10-18	57.90
2012-10-19	56.94
2012-10-20	55.99
2012-10-21	55.06
2012-10-22	54.14
2012-10-23	424.73
2012-10-24	177.73
2012-10-25	59.29
2012-10-26	95.73
2012-10-27	287.23
2012-10-28	60.66
2012-10-29	59.65
2012-10-30	71.96
2012-10-31	280.52
2012-11-01	60.52
2012-11-02	59.51
2012-11-03	58.52
2012-11-04	57.54
2012-11-05	56.59
2012-11-06	55.64
2012-11-07	54.71
2012-11-08	53.80
2012-11-09	52.91
2012-11-10	52.02
2012-11-11	51.16
2012-11-12	50.30
2012-11-13	49.47
2012-11-14	48.64
2012-11-15	666.62
2012-11-16	445.48
2012-11-17	62.61
2012-11-18	61.29
2012-11-19	60.27
2012-11-20	59.26
2012-11-21	58.27
2012-11-22	57.30
2012-11-23	460.30
2012-11-24	278.89
2012-11-25	64.39
2012-11-26	63.31
2012-11-27	62.26
2012-11-28	61.22
2012-11-29	336.86
2012-11-30	63.66
2012-12-01	63.92
2012-12-02	179.41
2012-12-03	62.45
2012-12-04	61.41
2012-12-05	69.44
2012-12-06	59.52
2012-12-07	342.58
2012-12-08	1531.21
2012-12-09	84.99
2012-12-10	2031.53
2012-12-11	4496.97
2012-12-12	200.87
2012-12-13	1085.64
2012-12-14	215.19
2012-12-15	188.25
2012-12-16	185.11
2012-12-17	1496.01
2012-12-18	3223.53
2012-12-19	245.57
2012-12-20	241.48
2012-12-21	4773.48
2012-12-22	306.62
2012-12-23	301.51
2012-12-24	296.49
2012-12-25	291.54
2012-12-26	286.69
2012-12-27	301.56
2012-12-28	431.35
2012-12-29	294.80
2012-12-30	368.98
2012-12-31	583.78
2013-01-01	268.78
2013-01-02	1484.86
2013-01-03	279.57
2013-01-04	274.91
2013-01-05	270.33
2013-01-06	1251.56
2013-01-07	1369.84
2013-01-08	290.28
2013-01-09	285.44
2013-01-10	280.68
2013-01-11	2710.32
2013-01-12	2448.80
2013-01-13	339.93
2013-01-14	334.27
2013-01-15	328.70
2013-01-16	3914.36
2013-01-17	3571.60
2013-01-18	483.62
2013-01-19	1464.75
2013-01-20	1654.50
2013-01-21	437.72
2013-01-22	430.42
2013-01-23	423.25
2013-01-24	417.01
2013-01-25	410.68
2013-01-26	404.63
2013-01-27	396.09
2013-01-28	389.21
2013-01-29	382.72
2013-01-30	376.34
2013-01-31	370.07
2013-02-01	363.90
2013-02-02	357.84
2013-02-03	549.67
2013-02-04	354.63
2013-02-05	343.46
2013-02-06	337.74
2013-02-07	332.11
2013-02-08	326.57
2013-02-09	321.13
2013-02-10	315.78
2013-02-11	310.52
2013-02-12	305.34
2013-02-13	300.25
2013-02-14	330.57
2013-02-15	894.98
2013-02-16	7951.20
2013-02-17	4559.98
2013-02-18	474.19
2013-02-19	466.29
2013-02-20	458.51
2013-02-21	571.06
2013-02-22	459.67
2013-02-23	438.11
2013-02-24	430.80
2013-02-25	423.62
2013-02-26	416.56
2013-02-27	409.62
2013-02-28	406.16
2013-03-01	396.13
2013-03-02	389.53
2013-03-03	383.04
2013-03-04	538.65
2013-03-05	474.94
2013-03-06	373.26
2013-03-07	392.47
2013-03-08	356.80
2013-03-09	350.85
2013-03-10	345.01
2013-03-11	340.49
2013-03-12	400.06
2013-03-13	329.13
2013-03-14	323.65
2013-03-15	318.25
2013-03-16	312.95
2013-03-17	307.73
2013-03-18	302.60
2013-03-19	334.19
2013-03-20	293.19
2013-03-21	288.31
2013-03-22	283.50
2013-03-23	424.11
2013-03-24	276.47
2013-03-25	271.86
2013-03-26	267.33
2013-03-27	262.88
2013-03-28	258.50
2013-03-29	254.19
2013-03-30	249.95
2013-03-31	245.79
2013-04-01	241.69
2013-04-02	237.66
2013-04-03	233.70
2013-04-04	229.80
2013-04-05	225.97
2013-04-06	222.21
2013-04-07	218.51
2013-04-08	438.15
2013-04-09	214.88
2013-04-10	211.30
2013-04-11	210.34
2013-04-12	204.36
2013-04-13	200.95
2013-04-14	197.60
2013-04-15	194.31
2013-04-16	191.07
2013-04-17	187.89
2013-04-18	184.75
2013-04-19	181.67
2013-04-20	178.65
2013-04-21	175.67
2013-04-22	172.74
2013-04-23	169.86
2013-04-24	167.03
2013-04-25	164.25
2013-04-26	161.51
2013-04-27	158.82
2013-04-28	156.17
2013-04-29	155.42
2013-04-30	151.04
2013-05-01	148.52
2013-05-02	146.05
2013-05-03	143.61
2013-05-04	141.22
2013-05-05	138.87
2013-05-06	622.62
2013-05-07	148.85
2013-05-08	629.10
2013-05-09	145.41
2013-05-10	142.98
2013-05-11	176.51
2013-05-12	139.35
2013-05-13	248.71
2013-05-14	136.06
2013-05-15	133.79
2013-05-16	131.56
2013-05-17	129.37
2013-05-18	127.22
2013-05-19	125.10
2013-05-20	123.01
2013-05-21	120.96
2013-05-22	118.94
2013-05-23	116.96
2013-05-24	115.01
2013-05-25	113.10
2013-05-26	111.21
2013-05-27	109.36
2013-05-28	107.53
2013-05-29	105.74
2013-05-30	103.98
2013-05-31	102.25
2013-06-01	100.54
2013-06-02	98.87
2013-06-03	97.22
2013-06-04	95.60
2013-06-05	94.01
2013-06-06	92.44
2013-06-07	90.90
2013-06-08	89.38
2013-06-09	87.89
2013-06-10	86.43
2013-06-11	84.99
2013-06-12	83.57
2013-06-13	82.18
2013-06-14	80.81
2013-06-15	79.46
2013-06-16	78.14
2013-06-17	76.84
2013-06-18	75.56
2013-06-19	74.30
2013-06-20	73.06
2013-06-21	71.84
2013-06-22	70.64
2013-06-23	69.47
2013-06-24	68.31
2013-06-25	67.17
2013-06-26	66.05
2013-06-27	64.95
2013-06-28	63.87
2013-06-29	62.80
2013-06-30	61.76
2013-07-01	60.73
2013-07-02	59.71
2013-07-03	58.72
2013-07-04	57.74
2013-07-05	56.78
2013-07-06	55.83
2013-07-07	54.90
2013-07-08	53.99
2013-07-09	53.09
2013-07-10	52.20
2013-07-11	51.33
2013-07-12	50.48
2013-07-13	49.63
2013-07-14	48.81
2013-07-15	47.99
2013-07-16	47.19
2013-07-17	46.41
2013-07-18	45.63
2013-07-19	44.87
2013-07-20	44.13
2013-07-21	43.39
2013-07-22	42.67
2013-07-23	41.96
2013-07-24	41.26
2013-07-25	40.57
2013-07-26	39.89
2013-07-27	39.23
2013-07-28	38.57
2013-07-29	37.93
2013-07-30	37.30
2013-07-31	36.68
2013-08-01	36.07
2013-08-02	35.46
2013-08-03	34.87
2013-08-04	34.29
2013-08-05	33.72
2013-08-06	33.16
2013-08-07	32.61
2013-08-08	32.06
2013-08-09	31.53
2013-08-10	31.00
2013-08-11	30.49
2013-08-12	29.98
2013-08-13	29.48
2013-08-14	28.99
2013-08-15	28.50
2013-08-16	28.03
2013-08-17	27.56
2013-08-18	27.10
2013-08-19	26.65
2013-08-20	26.21
2013-08-21	25.77
2013-08-22	25.34
2013-08-23	24.92
2013-08-24	24.50
2013-08-25	24.09
2013-08-26	23.69
2013-08-27	23.30
2013-08-28	22.91
2013-08-29	22.53
2013-08-30	22.15
2013-08-31	21.78
2013-09-01	21.42
2013-09-02	21.06
2013-09-03	20.71
2013-09-04	20.37
2013-09-05	20.03
2013-09-06	19.69
2013-09-07	19.37
2013-09-08	19.04
2013-09-09	18.73
2013-09-10	18.41
2013-09-11	18.11
2013-09-12	17.80
2013-09-13	17.51
2013-09-14	17.22
2013-09-15	16.93
2013-09-16	16.65
2013-09-17	16.37
2013-09-18	16.10
2013-09-19	15.83
2013-09-20	15.56
2013-09-21	15.31
2013-09-22	15.05
2013-09-23	14.80
2013-09-24	14.55
2013-09-25	14.31
2013-09-26	14.07
2013-09-27	13.84
2013-09-28	13.61
2013-09-29	13.38
2013-09-30	13.16
2013-10-01	12.94
2013-10-02	12.72
2013-10-03	12.51
2013-10-04	12.30
2013-10-05	12.10
2013-10-06	11.89
2013-10-07	11.70
2013-10-08	11.50
2013-10-09	11.31
2013-10-10	11.12
2013-10-11	10.94
2013-10-12	10.75
2013-10-13	10.57
2013-10-14	10.40
2013-10-15	10.22
2013-10-16	10.05
2013-10-17	9.89
2013-10-18	9.72
2013-10-19	9.56
2013-10-20	9.40
2013-10-21	9.24
2013-10-22	9.09
2013-10-23	8.94
2013-10-24	8.79
2013-10-25	8.64
2013-10-26	8.50
2013-10-27	8.36
2013-10-28	8.22
2013-10-29	8.08
2013-10-30	7.95
2013-10-31	7.81
2013-11-01	7.68
2013-11-02	7.56
2013-11-03	7.43
2013-11-04	7.31
2013-11-05	7.18
2013-11-06	7.06
2013-11-07	6.95
2013-11-08	6.83
2013-11-09	6.72
2013-11-10	6.61
2013-11-11	6.49
2013-11-12	6.39
2013-11-13	6.28
2013-11-14	6.18
2013-11-15	6.07
2013-11-16	5.97
2013-11-17	5.87
2013-11-18	5.77
2013-11-19	5.68
2013-11-20	5.58
2013-11-21	5.49
2013-11-22	5.40
2013-11-23	5.31
2013-11-24	5.22
2013-11-25	5.13
2013-11-26	5.05
2013-11-27	4.96
2013-11-28	4.88
2013-11-29	4.80
2013-11-30	4.72
2013-12-01	4.64
2013-12-02	4.56
2013-12-03	4.49
2013-12-04	4.41
2013-12-05	4.34
2013-12-06	4.27
2013-12-07	4.20
2013-12-08	4.13
2013-12-09	4.06
2013-12-10	3.99
2013-12-11	3.92
2013-12-12	3.86
2013-12-13	3.79
2013-12-14	3.73
2013-12-15	3.67
2013-12-16	3.61
2013-12-17	3.55
2013-12-18	3.49
2013-12-19	3.43
2013-12-20	3.37
2013-12-21	3.32
2013-12-22	228.27
2013-12-23	620.07
2013-12-24	16.61
2013-12-25	16.33
2013-12-26	139.05
2013-12-27	389.95
2013-12-28	333.32
2013-12-29	310.29
2013-12-30	205.07
2013-12-31	110.17
2014-01-01	35.06
2014-01-02	34.47
2014-01-03	90.38
2014-01-04	34.25
2014-01-05	33.67
2014-01-06	33.11
2014-01-07	32.56
2014-01-08	53.87
2014-01-09	161.64
2014-01-10	33.40
2014-01-11	230.73
2014-01-12	3321.23
2014-01-13	87.86
2014-01-14	86.40
2014-01-15	84.96
2014-01-16	83.54
2014-01-17	82.15
2014-01-18	1477.62
2014-01-19	112.12
2014-01-20	100.41
2014-01-21	98.74
2014-01-22	97.10
2014-01-23	95.48
2014-01-24	94.47
2014-01-25	96.30
2014-01-26	147.97
2014-01-27	257.37
2014-01-28	2170.99
2014-01-29	1041.13
2014-01-30	373.10
2014-01-31	137.74
2014-02-01	135.65
2014-02-02	155.42
2014-02-03	160.60
2014-02-04	129.81
2014-02-05	127.45
2014-02-06	125.33
2014-02-07	123.24
2014-02-08	121.18
2014-02-09	119.16
2014-02-10	117.18
2014-02-11	115.23
2014-02-12	113.30
2014-02-13	126.97
2014-02-14	374.06
2014-02-15	991.32
2014-02-16	5589.94
2014-02-17	1685.78
2014-02-18	1024.52
2014-02-19	1615.56
2014-02-20	257.97
2014-02-21	258.33
2014-02-22	249.52
2014-02-23	247.77
2014-02-24	297.21
2014-02-25	262.27
2014-02-26	353.21
2014-02-27	565.92
2014-02-28	448.74
2014-03-01	233.66
2014-03-02	229.77
2014-03-03	1890.06
2014-03-04	958.31
2014-03-05	256.28
2014-03-06	252.01
2014-03-07	247.81
2014-03-08	243.68
2014-03-09	239.62
2014-03-10	235.63
2014-03-11	231.70
2014-03-12	227.84
2014-03-13	225.33
2014-03-14	1092.38
2014-03-15	453.67
2014-03-16	230.46
2014-03-17	226.62
2014-03-18	404.68
2014-03-19	222.06
2014-03-20	218.36
2014-03-21	214.72
2014-03-22	211.14
2014-03-23	207.62
2014-03-24	204.16
2014-03-25	200.76
2014-03-26	197.41
2014-03-27	194.12
2014-03-28	190.89
2014-03-29	540.09
2014-03-30	1120.02
2014-03-31	466.04
2014-04-01	202.96
2014-04-02	199.58
2014-04-03	196.25
2014-04-04	192.98
2014-04-05	189.77
2014-04-06	186.60
2014-04-07	183.49
2014-04-08	180.43
2014-04-09	2721.25
2014-04-10	5084.81
2014-04-11	290.38
2014-04-12	1057.56
2014-04-13	293.23
2014-04-14	288.34
2014-04-15	283.53
2014-04-16	3658.96
2014-04-17	328.65
2014-04-18	323.17
2014-04-19	317.79
2014-04-20	312.49
2014-04-21	731.38
2014-04-22	309.00
2014-04-23	303.85
2014-04-24	298.78
2014-04-25	339.75
2014-04-26	289.65
2014-04-27	284.82
2014-04-28	280.07
2014-04-29	275.41
2014-04-30	270.82
2014-05-01	266.30
2014-05-02	261.86
2014-05-03	257.50
2014-05-04	253.21
2014-05-05	248.99
2014-05-06	286.75
2014-05-07	286.45
2014-05-08	284.92
2014-05-09	469.78
2014-05-10	525.98
2014-05-11	265.89
2014-05-12	233.48
2014-05-13	228.29
2014-05-14	225.42
2014-05-15	220.76
2014-05-16	217.08
2014-05-17	213.46
2014-05-18	209.90
2014-05-19	206.40
2014-05-20	202.96
2014-05-21	199.58
2014-05-22	200.13
2014-05-23	193.04
2014-05-24	189.83
2014-05-25	186.66
2014-05-26	183.55
2014-05-27	180.49
2014-05-28	177.49
2014-05-29	174.53
2014-05-30	171.62
2014-05-31	168.76
2014-06-01	165.95
2014-06-02	163.18
2014-06-03	160.46
2014-06-04	157.79
2014-06-05	155.16
2014-06-06	152.57
2014-06-07	150.03
2014-06-08	147.53
2014-06-09	145.07
2014-06-10	153.13
2014-06-11	140.44
2014-06-12	138.10
2014-06-13	135.80
2014-06-14	133.54
2014-06-15	131.31
2014-06-16	129.12
2014-06-17	126.97
2014-06-18	125.75
2014-06-19	122.79
2014-06-20	120.74
2014-06-21	118.73
2014-06-22	149.19
2014-06-23	384.05
2014-06-24	204.38
2014-06-25	117.17
2014-06-26	182.37
2014-06-27	116.09
2014-06-28	112.50
2014-06-29	110.63
2014-06-30	115.34
2014-07-01	190.20
2014-07-02	297.85
2014-07-03	494.40
2014-07-04	333.06
2014-07-05	227.73
2014-07-06	113.98
2014-07-07	112.08
2014-07-08	110.22
2014-07-09	108.38
2014-07-10	106.57
2014-07-11	104.80
2014-07-12	103.05
2014-07-13	101.33
2014-07-14	99.64
2014-07-15	97.98
2014-07-16	96.35
2014-07-17	94.74
2014-07-18	93.16
2014-07-19	91.61
2014-07-20	90.08
2014-07-21	88.58
2014-07-22	87.11
2014-07-23	85.66
2014-07-24	84.23
2014-07-25	82.82
2014-07-26	81.44
2014-07-27	80.09
2014-07-28	78.75
2014-07-29	77.44
2014-07-30	76.15
2014-07-31	74.88
2014-08-01	73.63
2014-08-02	72.40
2014-08-03	71.20
2014-08-04	70.01
2014-08-05	68.84
2014-08-06	67.70
2014-08-07	66.57
2014-08-08	65.46
2014-08-09	64.37
2014-08-10	63.29
2014-08-11	62.24
2014-08-12	61.20
2014-08-13	60.18
2014-08-14	59.18
2014-08-15	58.19
2014-08-16	57.22
2014-08-17	56.27
2014-08-18	55.33
2014-08-19	54.41
2014-08-20	53.50
2014-08-21	52.61
2014-08-22	51.73
2014-08-23	50.87
2014-08-24	50.02
2014-08-25	49.19
2014-08-26	48.37
2014-08-27	47.56
2014-08-28	46.77
2014-08-29	45.99
2014-08-30	45.23
2014-08-31	44.47
2014-09-01	43.73
2014-09-02	43.00
2014-09-03	42.28
2014-09-04	41.58
2014-09-05	40.89
2014-09-06	40.21
2014-09-07	39.54
2014-09-08	38.88
2014-09-09	38.23
2014-09-10	37.59
2014-09-11	36.97
2014-09-12	36.35
2014-09-13	35.74
2014-09-14	35.15
2014-09-15	34.56
2014-09-16	33.99
2014-09-17	33.42
2014-09-18	32.86
2014-09-19	32.31
2014-09-20	31.78
2014-09-21	31.25
2014-09-22	30.73
2014-09-23	30.21
2014-09-24	29.71
2014-09-25	29.21
2014-09-26	28.73
2014-09-27	28.25
2014-09-28	27.78
2014-09-29	27.32
2014-09-30	26.86
2014-10-01	26.41
2014-10-02	25.97
2014-10-03	25.54
2014-10-04	25.11
2014-10-05	24.70
2014-10-06	24.28
2014-10-07	23.88
2014-10-08	23.48
2014-10-09	23.09
2014-10-10	22.70
2014-10-11	22.33
2014-10-12	21.95
2014-10-13	21.59
2014-10-14	21.23
2014-10-15	20.87
2014-10-16	20.53
2014-10-17	20.18
2014-10-18	19.85
2014-10-19	19.52
2014-10-20	19.19
2014-10-21	18.87
2014-10-22	18.56
2014-10-23	18.25
2014-10-24	17.94
2014-10-25	17.65
2014-10-26	17.35
2014-10-27	17.06
2014-10-28	35.91
2014-10-29	16.81
2014-10-30	16.53
2014-10-31	16.25
2014-11-01	15.98
2014-11-02	15.71
2014-11-03	65.04
2014-11-04	15.99
2014-11-05	15.73
2014-11-06	15.46
2014-11-07	15.21
2014-11-08	14.95
2014-11-09	14.70
2014-11-10	21.96
2014-11-11	46.62
2014-11-12	14.62
2014-11-13	14.38
2014-11-14	14.14
2014-11-15	13.90
2014-11-16	13.67
2014-11-17	13.44
2014-11-18	13.22
2014-11-19	13.00
2014-11-20	12.78
2014-11-21	51.46
2014-11-22	182.04
2014-11-23	520.08
2014-11-24	23.37
2014-11-25	22.98
2014-11-26	22.60
2014-11-27	22.23
2014-11-28	261.36
2014-11-29	25.35
2014-11-30	24.93
2014-12-01	24.51
2014-12-02	24.10
2014-12-03	23.70
2014-12-04	23.30
2014-12-05	566.47
2014-12-06	1300.74
2014-12-07	51.24
2014-12-08	50.38
2014-12-09	49.54
2014-12-10	48.72
2014-12-11	47.91
2014-12-12	288.42
2014-12-13	54.22
2014-12-14	49.44
2014-12-15	48.62
2014-12-16	47.81
2014-12-17	47.01
2014-12-18	46.23
2014-12-19	45.46
2014-12-20	44.70
2014-12-21	43.95
2014-12-22	43.22
2014-12-23	42.50
2014-12-24	41.79
2014-12-25	41.10
2014-12-26	40.41
2014-12-27	39.74
2014-12-28	39.08
2014-12-29	38.42
2014-12-30	37.78
2014-12-31	38.79
2015-01-01	36.56
2015-01-02	35.95
2015-01-03	35.35
2015-01-04	34.76
2015-01-05	50.53
2015-01-06	33.88
2015-01-07	33.31
2015-01-08	40.33
2015-01-09	2196.72
2015-01-10	1118.31
2015-01-11	82.53
2015-01-12	81.15
2015-01-13	79.80
2015-01-14	1920.24
2015-01-15	106.85
2015-01-16	249.97
2015-01-17	1126.09
2015-01-18	201.92
2015-01-19	128.89
2015-01-20	156.14
2015-01-21	1571.01
2015-01-22	145.50
2015-01-23	135.79
2015-01-24	133.53
2015-01-25	131.30
2015-01-26	129.11
2015-01-27	126.96
2015-01-28	1980.54
2015-01-29	3864.32
2015-01-30	1234.96
2015-01-31	223.97
2015-02-01	219.29
2015-02-02	215.63
2015-02-03	1917.17
2015-02-04	7895.84
2015-02-05	901.92
2015-02-06	358.42
2015-02-07	352.45
2015-02-08	346.57
2015-02-09	340.80
2015-02-10	335.12
2015-02-11	732.13
2015-02-12	415.74
2015-02-13	410.98
2015-02-14	6794.11
2015-02-15	1227.31
2015-02-16	455.07
2015-02-17	3292.73
2015-02-18	2486.76
2015-02-19	484.87
2015-02-20	476.79
2015-02-21	513.51
2015-02-22	461.75
2015-02-23	454.06
2015-02-24	449.13
2015-02-25	4242.02
2015-02-26	493.07
2015-02-27	484.86
2015-02-28	476.78
2015-03-01	468.83
2015-03-02	461.02
2015-03-03	453.33
2015-03-04	462.99
2015-03-05	438.62
2015-03-06	7034.58
2015-03-07	725.10
2015-03-08	524.86
2015-03-09	516.12
2015-03-10	507.51
2015-03-11	499.06
2015-03-12	490.74
2015-03-13	482.56
2015-03-14	474.52
2015-03-15	3102.28
2015-03-16	501.32
2015-03-17	492.96
2015-03-18	484.75
2015-03-19	1424.88
2015-03-20	484.85
2015-03-21	475.96
2015-03-22	468.02
2015-03-23	460.22
2015-03-24	2048.79
2015-03-25	488.12
2015-03-26	463.18
2015-03-27	455.46
2015-03-28	686.67
2015-03-29	3515.19
2015-03-30	927.19
2015-03-31	485.35
2015-04-01	477.26
2015-04-02	8822.41
2015-04-03	845.30
2015-04-04	590.22
2015-04-05	580.38
2015-04-06	570.71
2015-04-07	561.20
2015-04-08	551.85
2015-04-09	542.65
2015-04-10	533.60
2015-04-11	2360.24
2015-04-12	545.55
2015-04-13	536.46
2015-04-14	788.81
2015-04-15	898.31
2015-04-16	520.28
2015-04-17	511.61
2015-04-18	503.08
2015-04-19	494.69
2015-04-20	486.45
2015-04-21	521.06
2015-04-22	471.06
2015-04-23	463.21
2015-04-24	455.49
2015-04-25	447.90
2015-04-26	440.43
2015-04-27	433.09
2015-04-28	425.87
2015-04-29	418.77
2015-04-30	411.79
2015-05-01	404.93
2015-05-02	398.18
2015-05-03	391.55
2015-05-04	537.69
2015-05-05	381.06
2015-05-06	374.95
2015-05-07	368.47
2015-05-08	362.33
2015-05-09	5022.89
2015-05-10	8818.56
2015-05-11	582.82
2015-05-12	2115.33
2015-05-13	2201.52
2015-05-14	3732.14
2015-05-15	2187.43
2015-05-16	915.80
2015-05-17	4738.45
2015-05-18	2050.36
2015-05-19	694.85
2015-05-20	683.27
2015-05-21	671.88
2015-05-22	854.33
2015-05-23	2158.54
2015-05-24	680.97
2015-05-25	655.32
2015-05-26	644.40
2015-05-27	633.66
2015-05-28	623.10
2015-05-29	612.71
2015-05-30	602.50
2015-05-31	592.46
2015-06-01	582.58
2015-06-02	572.87
2015-06-03	563.33
2015-06-04	553.94
2015-06-05	544.71
2015-06-06	535.63
2015-06-07	526.70
2015-06-08	517.92
2015-06-09	509.29
2015-06-10	500.80
2015-06-11	492.45
2015-06-12	484.25
2015-06-13	476.18
2015-06-14	468.24
2015-06-15	460.44
2015-06-16	452.76
2015-06-17	445.22
2015-06-18	437.80
2015-06-19	1749.44
2015-06-20	1719.44
2015-06-21	1499.61
2015-06-22	575.47
2015-06-23	464.22
2015-06-24	568.36
2015-06-25	655.16
2015-06-26	471.37
2015-06-27	436.49
2015-06-28	429.21
2015-06-29	422.06
2015-06-30	415.02
2015-07-01	408.11
2015-07-02	401.30
2015-07-03	394.62
2015-07-04	388.04
2015-07-05	381.57
2015-07-06	647.66
2015-07-07	572.43
2015-07-08	370.34
2015-07-09	364.16
2015-07-10	358.10
2015-07-11	358.54
2015-07-12	762.63
2015-07-13	625.72
2015-07-14	376.97
2015-07-15	348.27
2015-07-16	344.52
2015-07-17	373.57
2015-07-18	392.76
2015-07-19	429.18
2015-07-20	372.02
2015-07-21	312.64
2015-07-22	307.42
2015-07-23	302.30
2015-07-24	297.26
2015-07-25	292.31
2015-07-26	287.44
2015-07-27	282.65
2015-07-28	277.94
2015-07-29	273.30
2015-07-30	268.75
2015-07-31	264.27
2015-08-01	259.86
2015-08-02	255.53
2015-08-03	252.34
2015-08-04	285.74
2015-08-05	293.57
2015-08-06	240.35
2015-08-07	236.35
2015-08-08	232.41
2015-08-09	228.53
2015-08-10	251.35
2015-08-11	331.43
2015-08-12	307.16
2015-08-13	238.01
2015-08-14	284.75
2015-08-15	285.11
2015-08-16	243.88
2015-08-17	206.27
2015-08-18	202.83
2015-08-19	199.45
2015-08-20	196.13
2015-08-21	192.86
2015-08-22	189.64
2015-08-23	186.48
2015-08-24	183.38
2015-08-25	180.32
2015-08-26	177.31
2015-08-27	174.36
2015-08-28	171.45
2015-08-29	168.60
2015-08-30	165.79
2015-08-31	163.02
2015-09-01	160.31
2015-09-02	161.63
2015-09-03	268.02
2015-09-04	411.27
2015-09-05	1900.61
2015-09-06	188.63
2015-09-07	178.50
2015-09-08	358.62
2015-09-09	471.16
2015-09-10	358.99
2015-09-11	474.57
2015-09-12	187.18
2015-09-13	176.34
2015-09-14	173.40
2015-09-15	170.51
2015-09-16	167.67
2015-09-17	164.87
2015-09-18	162.12
2015-09-19	162.68
2015-09-20	282.97
2015-09-21	156.24
2015-09-22	153.63
2015-09-23	151.07
2015-09-24	148.56
2015-09-25	146.08
2015-09-26	143.64
2015-09-27	141.25
2015-09-28	138.90
2015-09-29	136.58
2015-09-30	134.30
2015-10-01	132.07
2015-10-02	129.87
2015-10-03	127.70
2015-10-04	125.57
2015-10-05	123.48
2015-10-06	121.42
2015-10-07	119.40
2015-10-08	117.41
2015-10-09	115.45
2015-10-10	113.53
2015-10-11	111.63
2015-10-12	109.77
2015-10-13	107.94
2015-10-14	106.15
2015-10-15	104.38
2015-10-16	102.64
2015-10-17	100.93
2015-10-18	99.24
2015-10-19	97.59
2015-10-20	95.96
2015-10-21	94.36
2015-10-22	92.79
2015-10-23	91.25
2015-10-24	89.74
2015-10-25	103.62
2015-10-26	87.01
2015-10-27	85.56
2015-10-28	84.13
2015-10-29	82.73
2015-10-30	81.35
2015-10-31	79.99
2015-11-01	78.66
2015-11-02	77.35
2015-11-03	76.06
2015-11-04	96.72
2015-11-05	73.90
2015-11-06	72.67
2015-11-07	71.46
2015-11-08	70.27
2015-11-09	69.09
2015-11-10	67.94
2015-11-11	66.81
2015-11-12	65.70
2015-11-13	64.60
2015-11-14	63.53
2015-11-15	62.47
2015-11-16	61.43
2015-11-17	60.40
2015-11-18	59.40
2015-11-19	58.41
2015-11-20	57.43
2015-11-21	56.47
2015-11-22	55.53
2015-11-23	54.61
2015-11-24	53.70
2015-11-25	52.80
2015-11-26	51.92
2015-11-27	52.09
2015-11-28	52.29
2015-11-29	49.42
2015-11-30	48.60
2015-12-01	47.79
2015-12-02	46.99
2015-12-03	46.21
2015-12-04	45.44
2015-12-05	63.56
2015-12-06	425.45
2015-12-07	49.65
2015-12-08	48.82
2015-12-09	48.01
2015-12-10	47.21
2015-12-11	46.42
2015-12-12	45.64
2015-12-13	44.88
2015-12-14	44.14
2015-12-15	966.59
2015-12-16	57.56
2015-12-17	56.60
2015-12-18	55.66
2015-12-19	338.25
2015-12-20	1603.24
2015-12-21	87.41
2015-12-22	750.80
2015-12-23	90.47
2015-12-24	887.66
2015-12-25	1488.03
2015-12-26	121.06
2015-12-27	119.04
2015-12-28	910.68
2015-12-29	127.90
2015-12-30	125.76
2015-12-31	123.67
2000-01-01	710.87
2000-01-02	211.08
2000-01-03	207.56
2000-01-04	3558.99
2000-01-05	326.78
2000-01-06	2269.79
2000-01-07	1355.57
2000-01-08	3997.32
2000-01-09	347.54
2000-01-10	341.75
2000-01-11	336.06
2000-01-12	1275.41
2000-01-13	340.18
2000-01-14	334.51
2000-01-15	328.93
2000-01-16	323.45
2000-01-17	1543.40
2000-01-18	2607.18
2000-01-19	1045.41
2000-01-20	368.57
2000-01-21	362.43
2000-01-22	451.01
2000-01-23	351.97
2000-01-24	346.11
2000-01-25	523.54
2000-01-26	2337.42
2000-01-27	1524.79
2000-01-28	376.87
2000-01-29	370.59
2000-01-30	364.41
2000-01-31	358.34
2000-02-01	352.36
2000-02-02	346.49
2000-02-03	340.72
2000-02-04	335.04
2000-02-05	329.45
2000-02-06	323.96
2000-02-07	318.56
2000-02-08	313.25
2000-02-09	328.80
2000-02-10	303.23
2000-02-11	298.18
2000-02-12	293.21
2000-02-13	1704.63
2000-02-14	651.33
2000-02-15	3233.19
2000-02-16	789.59
2000-02-17	350.15
2000-02-18	1719.81
2000-02-19	1904.10
2000-02-20	1774.95
2000-02-21	395.79
2000-02-22	2445.26
2000-02-23	415.85
2000-02-24	3486.28
2000-02-25	467.14
2000-02-26	444.43
2000-02-27	437.02
2000-02-28	429.74
2000-02-29	422.58
2000-03-01	415.53
2000-03-02	408.61
2000-03-03	401.80
2000-03-04	1998.19
2000-03-05	2700.24
2000-03-06	2379.36
2000-03-07	2786.82
2000-03-08	1059.06
2000-03-09	2550.15
2000-03-10	1054.23
2000-03-11	1567.91
2000-03-12	1816.71
2000-03-13	1327.14
2000-03-14	546.62
2000-03-15	537.51
2000-03-16	530.29
2000-03-17	552.61
2000-03-18	511.63
2000-03-19	503.11
2000-03-20	494.72
2000-03-21	2937.70
2000-03-22	1857.82
2000-03-23	1046.65
2000-03-24	552.78
2000-03-25	521.84
2000-03-26	513.14
2000-03-27	504.59
2000-03-28	1850.23
2000-03-29	526.83
2000-03-30	501.52
2000-03-31	493.16
2000-04-01	488.82
2000-04-02	476.92
2000-04-03	468.97
2000-04-04	461.16
2000-04-05	453.47
2000-04-06	445.91
2000-04-07	438.48
2000-04-08	431.17
2000-04-09	423.99
2000-04-10	416.92
2000-04-11	409.97
2000-04-12	403.14
2000-04-13	396.42
2000-04-14	389.81
2000-04-15	585.65
2000-04-16	2429.59
2000-04-17	754.64
2000-04-18	1363.01
2000-04-19	420.75
2000-04-20	407.58
2000-04-21	400.79
2000-04-22	394.11
2000-04-23	387.54
2000-04-24	381.08
2000-04-25	374.73
2000-04-26	368.48
2000-04-27	362.34
2000-04-28	356.30
2000-04-29	350.36
2000-04-30	344.52
2000-05-01	338.78
2000-05-02	333.14
2000-05-03	327.58
2000-05-04	322.12
2000-05-05	316.76
2000-05-06	311.48
2000-05-07	306.28
2000-05-08	303.13
2000-05-09	301.93
2000-05-10	291.35
2000-05-11	286.49
2000-05-12	281.72
2000-05-13	277.02
2000-05-14	272.40
2000-05-15	267.86
2000-05-16	263.40
2000-05-17	275.76
2000-05-18	334.20
2000-05-19	251.99
2000-05-20	247.79
2000-05-21	243.66
2000-05-22	248.28
2000-05-23	246.54
2000-05-24	485.07
2000-05-25	1706.59
2000-05-26	2753.59
2000-05-27	2402.95
2000-05-28	392.97
2000-05-29	514.41
2000-05-30	552.50
2000-05-31	404.10
2000-06-01	1134.72
2000-06-02	1838.62
2000-06-03	641.31
2000-06-04	533.30
2000-06-05	1148.45
2000-06-06	729.34
2000-06-07	477.59
2000-06-08	406.82
2000-06-09	382.40
2000-06-10	368.38
2000-06-11	323.05
2000-06-12	318.27
2000-06-13	315.27
2000-06-14	311.01
2000-06-15	301.28
2000-06-16	296.26
2000-06-17	291.32
2000-06-18	286.47
2000-06-19	281.87
2000-06-20	277.00
2000-06-21	272.96
2000-06-22	269.12
2000-06-23	272.28
2000-06-24	259.16
2000-06-25	254.84
2000-06-26	250.60
2000-06-27	246.42
2000-06-28	242.31
2000-06-29	238.27
2000-06-30	236.50
2000-07-01	1193.93
2000-07-02	1861.12
2000-07-03	1304.72
2000-07-04	643.42
2000-07-05	666.68
2000-07-06	937.89
2000-07-07	1030.95
2000-07-08	727.62
2000-07-09	590.92
2000-07-10	435.03
2000-07-11	533.22
2000-07-12	2037.56
2000-07-13	1330.59
2000-07-14	408.22
2000-07-15	321.43
2000-07-16	316.07
2000-07-17	310.80
2000-07-18	308.10
2000-07-19	548.07
2000-07-20	599.60
2000-07-21	705.01
2000-07-22	734.22
2000-07-23	320.47
2000-07-24	317.40
2000-07-25	644.57
2000-07-26	1025.85
2000-07-27	1085.71
2000-07-28	349.59
2000-07-29	304.28
2000-07-30	299.21
2000-07-31	294.23
2000-08-01	289.32
2000-08-02	284.50
2000-08-03	279.76
2000-08-04	275.10
2000-08-05	270.51
2000-08-06	266.00
2000-08-07	261.57
2000-08-08	257.21
2000-08-09	252.92
2000-08-10	248.71
2000-08-11	244.56
2000-08-12	240.49
2000-08-13	236.48
2000-08-14	272.23
2000-08-15	229.30
2000-08-16	226.12
2000-08-17	230.75
2000-08-18	218.18
2000-08-19	214.55
2000-08-20	210.97
2000-08-21	207.45
2000-08-22	204.00
2000-08-23	200.60
2000-08-24	197.25
2000-08-25	193.96
2000-08-26	190.73
2000-08-27	187.55
2000-08-28	184.43
2000-08-29	181.35
2000-08-30	178.33
2000-08-31	176.52
2000-09-01	172.45
2000-09-02	169.58
2000-09-03	166.75
2000-09-04	163.98
2000-09-05	161.24
2000-09-06	158.55
2000-09-07	155.91
2000-09-08	153.31
2000-09-09	150.76
2000-09-10	148.25
2000-09-11	145.77
2000-09-12	143.35
2000-09-13	140.96
2000-09-14	138.61
2000-09-15	136.30
2000-09-16	134.03
2000-09-17	131.79
2000-09-18	129.60
2000-09-19	127.44
2000-09-20	125.31
2000-09-21	123.22
2000-09-22	121.17
2000-09-23	119.15
2000-09-24	117.16
2000-09-25	115.21
2000-09-26	113.29
2000-09-27	111.40
2000-09-28	109.55
2000-09-29	107.72
2000-09-30	105.92
2000-10-01	104.16
2000-10-02	102.42
2000-10-03	100.72
2000-10-04	99.04
2000-10-05	97.39
2000-10-06	95.76
2000-10-07	94.17
2000-10-08	92.60
2000-10-09	91.06
2000-10-10	89.54
2000-10-11	88.05
2000-10-12	86.58
2000-10-13	85.13
2000-10-14	83.72
2000-10-15	82.32
2000-10-16	80.95
2000-10-17	79.60
2000-10-18	78.27
2000-10-19	76.97
2000-10-20	75.69
2000-10-21	74.42
2000-10-22	73.18
2000-10-23	71.96
2000-10-24	70.76
2000-10-25	69.59
2000-10-26	68.43
2000-10-27	67.28
2000-10-28	77.16
2000-10-29	75.60
2000-10-30	68.17
2000-10-31	63.31
2000-11-01	62.25
2000-11-02	61.22
2000-11-03	60.19
2000-11-04	59.19
2000-11-05	58.21
2000-11-06	57.24
2000-11-07	63.22
2000-11-08	150.63
2000-11-09	622.43
2000-11-10	64.26
2000-11-11	63.19
2000-11-12	62.14
2000-11-13	61.10
2000-11-14	60.08
2000-11-15	59.08
2000-11-16	58.10
2000-11-17	57.13
2000-11-18	56.18
2000-11-19	55.24
2000-11-20	54.32
2000-11-21	53.41
2000-11-22	52.52
2000-11-23	59.50
2000-11-24	50.91
2000-11-25	50.07
2000-11-26	49.23
2000-11-27	48.41
2000-11-28	48.87
2000-11-29	46.83
2000-11-30	46.05
2000-12-01	45.28
2000-12-02	44.53
2000-12-03	43.79
2000-12-04	43.06
2000-12-05	42.34
2000-12-06	41.63
2000-12-07	41.32
2000-12-08	40.26
2000-12-09	63.53
2000-12-10	305.82
2000-12-11	42.96
2000-12-12	69.21
2000-12-13	166.68
2000-12-14	43.28
2000-12-15	42.56
2000-12-16	41.85
2000-12-17	41.16
2000-12-18	895.72
2000-12-19	53.58
2000-12-20	52.69
2000-12-21	196.80
2000-12-22	53.28
2000-12-23	52.40
2000-12-24	51.52
2000-12-25	50.66
2000-12-26	49.82
2000-12-27	48.99
2000-12-28	84.73
2000-12-29	71.68
2000-12-30	118.92
2000-12-31	110.42
2001-01-01	48.11
2001-01-02	199.77
2001-01-03	461.75
2001-01-04	54.88
2001-01-05	77.01
2001-01-06	53.38
2001-01-07	52.49
2001-01-08	51.61
2001-01-09	1559.97
2001-01-10	78.97
2001-01-11	1834.34
2001-01-12	1301.70
2001-01-13	611.23
2001-01-14	237.45
2001-01-15	1034.81
2001-01-16	1303.49
2001-01-17	2024.68
2001-01-18	380.28
2001-01-19	184.91
2001-01-20	189.44
2001-01-21	186.31
2001-01-22	174.53
2001-01-23	207.43
2001-01-24	167.21
2001-01-25	474.44
2001-01-26	2838.87
2001-01-27	206.98
2001-01-28	203.53
2001-01-29	200.13
2001-01-30	196.80
2001-01-31	193.52
2001-02-01	190.29
2001-02-02	187.12
2001-02-03	184.00
2001-02-04	221.21
2001-02-05	178.57
2001-02-06	363.84
2001-02-07	175.70
2001-02-08	172.77
2001-02-09	439.74
2001-02-10	1140.41
2001-02-11	184.18
2001-02-12	181.11
2001-02-13	178.09
2001-02-14	184.45
2001-02-15	172.35
2001-02-16	169.48
2001-02-17	166.65
2001-02-18	163.88
2001-02-19	161.15
2001-02-20	158.46
2001-02-21	155.82
2001-02-22	153.22
2001-02-23	150.67
2001-02-24	148.16
2001-02-25	145.69
2001-02-26	380.51
2001-02-27	144.70
2001-02-28	1169.43
2001-03-01	5239.58
2001-03-02	1952.96
2001-03-03	259.55
2001-03-04	255.23
2001-03-05	250.97
2001-03-06	246.79
2001-03-07	242.68
2001-03-08	238.63
2001-03-09	234.66
2001-03-10	230.75
2001-03-11	226.90
2001-03-12	223.12
2001-03-13	219.40
2001-03-14	215.74
2001-03-15	212.15
2001-03-16	208.61
2001-03-17	205.13
2001-03-18	201.72
2001-03-19	198.35
2001-03-20	195.05
2001-03-21	191.80
2001-03-22	188.60
2001-03-23	185.46
2001-03-24	182.37
2001-03-25	179.33
2001-03-26	176.34
2001-03-27	173.40
2001-03-28	170.51
2001-03-29	167.67
2001-03-30	164.87
2001-03-31	192.99
2001-04-01	201.65
2001-04-02	157.93
2001-04-03	155.30
2001-04-04	273.18
2001-04-05	164.66
2001-04-06	149.77
2001-04-07	147.28
2001-04-08	144.82
2001-04-09	142.41
2001-04-10	140.03
2001-04-11	137.70
2001-04-12	135.40
2001-04-13	133.15
2001-04-14	130.93
2001-04-15	128.75
2001-04-16	1957.05
2001-04-17	1924.27
2001-04-18	1102.31
2001-04-19	476.49
2001-04-20	1837.21
2001-04-21	216.51
2001-04-22	218.26
2001-04-23	209.44
2001-04-24	205.95
2001-04-25	202.52
2001-04-26	199.14
2001-04-27	195.82
2001-04-28	192.56
2001-04-29	189.35
2001-04-30	186.19
2001-05-01	183.09
2001-05-02	180.04
2001-05-03	177.04
2001-05-04	174.09
2001-05-05	171.19
2001-05-06	211.88
2001-05-07	166.23
2001-05-08	267.65
2001-05-09	162.41
2001-05-10	159.71
2001-05-11	157.05
2001-05-12	272.48
2001-05-13	430.51
2001-05-14	322.64
2001-05-15	155.75
2001-05-16	598.30
2001-05-17	157.78
2001-05-18	155.15
2001-05-19	152.56
2001-05-20	150.02
2001-05-21	147.52
2001-05-22	195.21
2001-05-23	3611.17
2001-05-24	6335.23
2001-05-25	2064.87
2001-05-26	316.32
2001-05-27	311.05
2001-05-28	305.87
2001-05-29	300.77
2001-05-30	295.76
2001-05-31	290.83
2001-06-01	285.98
2001-06-02	306.44
2001-06-03	734.15
2001-06-04	400.59
2001-06-05	276.98
2001-06-06	272.36
2001-06-07	267.82
2001-06-08	263.36
2001-06-09	258.97
2001-06-10	254.65
2001-06-11	250.41
2001-06-12	246.23
2001-06-13	242.13
2001-06-14	238.09
2001-06-15	234.13
2001-06-16	230.22
2001-06-17	226.39
2001-06-18	222.61
2001-06-19	218.90
2001-06-20	215.25
2001-06-21	214.75
2001-06-22	208.19
2001-06-23	230.06
2001-06-24	201.72
2001-06-25	198.35
2001-06-26	195.05
2001-06-27	191.80
2001-06-28	188.60
2001-06-29	211.63
2001-06-30	364.89
2001-07-01	409.58
2001-07-02	183.29
2001-07-03	180.24
2001-07-04	177.23
2001-07-05	174.28
2001-07-06	196.18
2001-07-07	217.67
2001-07-08	260.09
2001-07-09	252.78
2001-07-10	164.25
2001-07-11	161.52
2001-07-12	158.82
2001-07-13	156.18
2001-07-14	153.57
2001-07-15	231.97
2001-07-16	341.61
2001-07-17	223.35
2001-07-18	204.13
2001-07-19	150.93
2001-07-20	145.07
2001-07-21	142.65
2001-07-22	140.27
2001-07-23	137.93
2001-07-24	135.64
2001-07-25	133.38
2001-07-26	131.15
2001-07-27	128.97
2001-07-28	126.82
2001-07-29	124.70
2001-07-30	122.62
2001-07-31	120.58
2001-08-01	118.57
2001-08-02	116.60
2001-08-03	114.65
2001-08-04	112.74
2001-08-05	110.86
2001-08-06	109.01
2001-08-07	107.20
2001-08-08	105.41
2001-08-09	103.65
2001-08-10	101.93
2001-08-11	100.23
2001-08-12	98.56
2001-08-13	96.91
2001-08-14	95.30
2001-08-15	93.71
2001-08-16	92.15
2001-08-17	90.61
2001-08-18	89.10
2001-08-19	128.28
2001-08-20	111.34
2001-08-21	89.50
2001-08-22	84.39
2001-08-23	82.99
2001-08-24	85.81
2001-08-25	259.32
2001-08-26	81.86
2001-08-27	240.09
2001-08-28	335.37
2001-08-29	84.45
2001-08-30	83.04
2001-08-31	81.66
2001-09-01	80.30
2001-09-02	78.96
2001-09-03	77.64
2001-09-04	76.35
2001-09-05	75.08
2001-09-06	73.83
2001-09-07	72.60
2001-09-08	71.39
2001-09-09	70.20
2001-09-10	69.03
2001-09-11	67.88
2001-09-12	66.75
2001-09-13	65.63
2001-09-14	64.54
2001-09-15	63.46
2001-09-16	62.41
2001-09-17	61.37
2001-09-18	60.34
2001-09-19	59.34
2001-09-20	58.35
2001-09-21	57.38
2001-09-22	56.42
2001-09-23	55.48
2001-09-24	54.55
2001-09-25	53.64
2001-09-26	52.75
2001-09-27	51.87
2001-09-28	51.01
2001-09-29	50.16
2001-09-30	49.32
2001-10-01	48.50
2001-10-02	47.69
2001-10-03	46.90
2001-10-04	46.11
2001-10-05	45.35
2001-10-06	73.08
2001-10-07	416.51
2001-10-08	49.57
2001-10-09	48.74
2001-10-10	58.62
2001-10-11	48.45
2001-10-12	46.53
2001-10-13	45.76
2001-10-14	44.99
2001-10-15	44.24
2001-10-16	43.51
2001-10-17	42.78
2001-10-18	42.07
2001-10-19	41.37
2001-10-20	40.68
2001-10-21	40.00
2001-10-22	39.33
2001-10-23	38.68
2001-10-24	38.03
2001-10-25	37.40
2001-10-26	36.78
2001-10-27	36.16
2001-10-28	35.56
2001-10-29	83.33
2001-10-30	139.39
2001-10-31	131.61
2001-11-01	37.19
2001-11-02	36.57
2001-11-03	35.96
2001-11-04	35.36
2001-11-05	34.77
2001-11-06	34.19
2001-11-07	33.62
2001-11-08	33.06
2001-11-09	32.51
2001-11-10	31.97
2001-11-11	31.44
2001-11-12	30.91
2001-11-13	30.40
2001-11-14	29.89
2001-11-15	29.39
2001-11-16	28.90
2001-11-17	28.42
2001-11-18	27.95
2001-11-19	27.48
2001-11-20	27.02
2001-11-21	26.57
2001-11-22	26.13
2001-11-23	25.70
2001-11-24	25.27
2001-11-25	24.85
2001-11-26	24.43
2001-11-27	24.03
2001-11-28	23.62
2001-11-29	108.30
2001-11-30	24.22
2001-12-01	42.71
2001-12-02	23.77
2001-12-03	23.33
2001-12-04	22.94
2001-12-05	22.55
2001-12-06	22.18
2001-12-07	21.81
2001-12-08	21.45
2001-12-09	21.09
2001-12-10	20.74
2001-12-11	20.39
2001-12-12	20.05
2001-12-13	19.72
2001-12-14	19.39
2001-12-15	19.06
2001-12-16	18.75
2001-12-17	18.43
2001-12-18	18.13
2001-12-19	17.83
2001-12-20	17.53
2001-12-21	17.24
2001-12-22	16.95
2001-12-23	16.67
2001-12-24	16.39
2001-12-25	16.12
2001-12-26	15.85
2001-12-27	15.58
2001-12-28	15.32
2001-12-29	20.93
2001-12-30	81.71
2001-12-31	15.74
2002-01-01	223.09
2002-01-02	40.63
2002-01-03	24.51
2002-01-04	18.40
2002-01-05	18.09
2002-01-06	23.87
2002-01-07	18.03
2002-01-08	18.29
2002-01-09	21.00
2002-01-10	35.29
2002-01-11	31.09
2002-01-12	18.56
2002-01-13	17.96
2002-01-14	157.29
2002-01-15	18.28
2002-01-16	17.97
2002-01-17	17.67
2002-01-18	161.90
2002-01-19	19.42
2002-01-20	19.09
2002-01-21	1412.21
2002-01-22	75.32
2002-01-23	40.80
2002-01-24	40.12
2002-01-25	39.45
2002-01-26	38.79
2002-01-27	38.15
2002-01-28	1767.75
2002-01-29	64.78
2002-01-30	63.70
2002-01-31	62.64
2002-02-01	61.59
2002-02-02	60.56
2002-02-03	59.56
2002-02-04	58.56
2002-02-05	57.59
2002-02-06	56.63
2002-02-07	55.68
2002-02-08	54.76
2002-02-09	53.84
2002-02-10	302.77
2002-02-11	59.90
2002-02-12	55.22
2002-02-13	54.30
2002-02-14	53.39
2002-02-15	52.50
2002-02-16	51.63
2002-02-17	50.77
2002-02-18	49.92
2002-02-19	49.09
2002-02-20	48.27
2002-02-21	56.98
2002-02-22	47.57
2002-02-23	150.69
2002-02-24	1514.46
2002-02-25	69.85
2002-02-26	489.20
2002-02-27	7574.24
2002-02-28	2289.69
2002-03-01	248.45
2002-03-02	248.92
2002-03-03	4960.17
2002-03-04	290.75
2002-03-05	285.91
2002-03-06	281.14
2002-03-07	276.45
2002-03-08	272.90
2002-03-09	1681.08
2002-03-10	285.67
2002-03-11	280.91
2002-03-12	4769.31
2002-03-13	1707.70
2002-03-14	360.30
2002-03-15	354.29
2002-03-16	348.39
2002-03-17	639.05
2002-03-18	1989.90
2002-03-19	362.53
2002-03-20	356.49
2002-03-21	364.39
2002-03-22	349.74
2002-03-23	339.25
2002-03-24	333.60
2002-03-25	328.04
2002-03-26	322.57
2002-03-27	320.63
2002-03-28	2644.88
2002-03-29	720.06
2002-03-30	1575.16
2002-03-31	358.78
2002-04-01	352.80
2002-04-02	346.92
2002-04-03	341.14
2002-04-04	335.45
2002-04-05	329.86
2002-04-06	324.36
2002-04-07	318.96
2002-04-08	2101.66
2002-04-09	1896.87
2002-04-10	356.76
2002-04-11	350.81
2002-04-12	380.99
2002-04-13	377.63
2002-04-14	1419.91
2002-04-15	346.66
2002-04-16	340.88
2002-04-17	335.20
2002-04-18	329.61
2002-04-19	324.13
2002-04-20	519.40
2002-04-21	316.64
2002-04-22	311.36
2002-04-23	326.54
2002-04-24	472.52
2002-04-25	393.40
2002-04-26	1248.05
2002-04-27	822.83
2002-04-28	309.32
2002-04-29	304.17
2002-04-30	299.10
2002-05-01	294.11
2002-05-02	289.21
2002-05-03	284.39
2002-05-04	279.65
2002-05-05	275.02
2002-05-06	270.82
2002-05-07	474.65
2002-05-08	268.00
2002-05-09	265.44
2002-05-10	274.33
2002-05-11	252.24
2002-05-12	249.74
2002-05-13	254.81
2002-05-14	240.04
2002-05-15	237.06
2002-05-16	376.81
2002-05-17	622.98
2002-05-18	561.37
2002-05-19	1258.79
2002-05-20	1487.74
2002-05-21	262.96
2002-05-22	258.58
2002-05-23	254.27
2002-05-24	250.03
2002-05-25	245.86
2002-05-26	241.76
2002-05-27	237.73
2002-05-28	233.77
2002-05-29	229.88
2002-05-30	226.04
2002-05-31	222.28
2002-06-01	218.57
2002-06-02	303.73
2002-06-03	249.83
2002-06-04	280.21
2002-06-05	258.79
2002-06-06	207.94
2002-06-07	201.53
2002-06-08	198.12
2002-06-09	194.81
2002-06-10	191.57
2002-06-11	188.37
2002-06-12	458.89
2002-06-13	186.56
2002-06-14	183.45
2002-06-15	180.39
2002-06-16	177.39
2002-06-17	174.43
2002-06-18	171.52
2002-06-19	168.66
2002-06-20	165.85
2002-06-21	163.09
2002-06-22	160.37
2002-06-23	157.70
2002-06-24	155.07
2002-06-25	152.48
2002-06-26	149.94
2002-06-27	147.44
2002-06-28	144.99
2002-06-29	142.57
2002-06-30	140.19
2002-07-01	137.86
2002-07-02	135.56
2002-07-03	133.30
2002-07-04	131.08
2002-07-05	128.89
2002-07-06	126.75
2002-07-07	124.63
2002-07-08	122.56
2002-07-09	120.51
2002-07-10	118.51
2002-07-11	116.53
2002-07-12	114.59
2002-07-13	112.68
2002-07-14	110.80
2002-07-15	108.95
2002-07-16	107.14
2002-07-17	105.35
2002-07-18	103.60
2002-07-19	101.87
2002-07-20	100.17
2002-07-21	98.50
2002-07-22	96.86
2002-07-23	95.25
2002-07-24	93.66
2002-07-25	92.10
2002-07-26	90.56
2002-07-27	89.05
2002-07-28	87.57
2002-07-29	86.11
2002-07-30	84.67
2002-07-31	83.26
2002-08-01	81.88
2002-08-02	80.51
2002-08-03	79.17
2002-08-04	77.85
2002-08-05	76.55
2002-08-06	75.28
2002-08-07	74.02
2002-08-08	72.79
2002-08-09	71.57
2002-08-10	70.38
2002-08-11	69.21
2002-08-12	68.06
2002-08-13	66.92
2002-08-14	65.81
2002-08-15	64.71
2002-08-16	63.63
2002-08-17	62.57
2002-08-18	61.53
2002-08-19	60.50
2002-08-20	59.49
2002-08-21	58.50
2002-08-22	57.53
2002-08-23	56.57
2002-08-24	55.63
2002-08-25	54.70
2002-08-26	53.79
2002-08-27	52.89
2002-08-28	52.01
2002-08-29	51.14
2002-08-30	50.29
2002-08-31	49.45
2002-09-01	48.63
2002-09-02	47.82
2002-09-03	47.02
2002-09-04	46.24
2002-09-05	45.47
2002-09-06	44.71
2002-09-07	43.96
2002-09-08	43.23
2002-09-09	42.51
2002-09-10	41.80
2002-09-11	41.10
2002-09-12	40.42
2002-09-13	39.75
2002-09-14	39.08
2002-09-15	38.43
2002-09-16	37.79
2002-09-17	37.16
2002-09-18	36.54
2002-09-19	35.93
2002-09-20	35.33
2002-09-21	34.75
2002-09-22	34.17
2002-09-23	33.60
2002-09-24	33.04
2002-09-25	32.49
2002-09-26	31.94
2002-09-27	31.41
2002-09-28	30.89
2002-09-29	30.37
2002-09-30	29.87
2002-10-01	29.37
2002-10-02	28.88
2002-10-03	28.40
2002-10-04	27.93
2002-10-05	27.46
2002-10-06	27.00
2002-10-07	26.55
2002-10-08	26.11
2002-10-09	25.67
2002-10-10	25.25
2002-10-11	24.83
2002-10-12	24.41
2002-10-13	24.01
2002-10-14	23.61
2002-10-15	23.21
2002-10-16	22.83
2002-10-17	22.44
2002-10-18	22.07
2002-10-19	21.70
2002-10-20	21.34
2002-10-21	20.99
2002-10-22	20.64
2002-10-23	20.29
2002-10-24	19.95
2002-10-25	19.62
2002-10-26	19.29
2002-10-27	18.97
2002-10-28	18.66
2002-10-29	18.35
2002-10-30	18.04
2002-10-31	17.74
2002-11-01	17.44
2002-11-02	17.15
2002-11-03	16.87
2002-11-04	16.59
2002-11-05	16.31
2002-11-06	16.04
2002-11-07	15.77
2002-11-08	15.51
2002-11-09	15.25
2002-11-10	14.99
2002-11-11	14.74
2002-11-12	14.50
2002-11-13	14.26
2002-11-14	14.02
2002-11-15	13.79
2002-11-16	13.56
2002-11-17	13.33
2002-11-18	13.11
2002-11-19	12.89
2002-11-20	12.67
2002-11-21	12.46
2002-11-22	12.26
2002-11-23	12.05
2002-11-24	11.85
2002-11-25	11.65
2002-11-26	11.46
2002-11-27	11.27
2002-11-28	11.08
2002-11-29	10.90
2002-11-30	10.71
2002-12-01	10.54
2002-12-02	10.36
2002-12-03	10.19
2002-12-04	10.02
2002-12-05	9.85
2002-12-06	9.69
2002-12-07	9.52
2002-12-08	9.37
2002-12-09	9.21
2002-12-10	9.06
2002-12-11	8.91
2002-12-12	8.76
2002-12-13	8.61
2002-12-14	8.47
2002-12-15	27.52
2002-12-16	8.50
2002-12-17	8.36
2002-12-18	14.53
2002-12-19	39.52
2002-12-20	8.55
2002-12-21	8.41
2002-12-22	8.27
2002-12-23	8.13
2002-12-24	7.99
2002-12-25	7.86
2002-12-26	7.73
2002-12-27	7.60
2002-12-28	7.47
2002-12-29	7.35
2002-12-30	7.23
2002-12-31	7.11
2003-01-01	6.99
2003-01-02	6.87
2003-01-03	6.76
2003-01-04	6.64
2003-01-05	6.53
2003-01-06	6.43
2003-01-07	18.03
2003-01-08	66.22
2003-01-09	7.26
2003-01-10	7.14
2003-01-11	7.02
2003-01-12	6.90
2003-01-13	6.79
2003-01-14	6.67
2003-01-15	6.56
2003-01-16	6.45
2003-01-17	162.99
2003-01-18	110.09
2003-01-19	10.25
2003-01-20	10.08
2003-01-21	9.91
2003-01-22	9.75
2003-01-23	9.61
2003-01-24	9.43
2003-01-25	9.27
2003-01-26	9.11
2003-01-27	8.96
2003-01-28	8.81
2003-01-29	8.67
2003-01-30	8.52
2003-01-31	8.68
2003-02-01	248.72
2003-02-02	57.21
2003-02-03	12.51
2003-02-04	12.31
2003-02-05	309.49
2003-02-06	67.10
2003-02-07	17.23
2003-02-08	16.94
2003-02-09	16.66
2003-02-10	16.38
2003-02-11	16.11
2003-02-12	15.84
2003-02-13	311.19
2003-02-14	20.08
2003-02-15	19.75
2003-02-16	5366.27
2003-02-17	396.09
2003-02-18	108.22
2003-02-19	106.41
2003-02-20	1285.91
2003-02-21	4269.66
2003-02-22	954.46
2003-02-23	196.03
2003-02-24	207.93
2003-02-25	236.89
2003-02-26	1312.05
2003-02-27	752.07
2003-02-28	207.89
2003-03-01	204.42
2003-03-02	201.01
2003-03-03	197.66
2003-03-04	194.37
2003-03-05	191.13
2003-03-06	187.94
2003-03-07	357.34
2003-03-08	3355.97
2003-03-09	428.76
2003-03-10	231.85
2003-03-11	227.99
2003-03-12	2371.72
2003-03-13	3385.71
2003-03-14	301.28
2003-03-15	1009.55
2003-03-16	1169.84
2003-03-17	311.75
2003-03-18	306.56
2003-03-19	481.93
2003-03-20	1047.70
2003-03-21	306.41
2003-03-22	321.52
2003-03-23	5313.46
2003-03-24	445.59
2003-03-25	561.45
2003-03-26	364.50
2003-03-27	358.43
2003-03-28	837.93
2003-03-29	546.05
2003-03-30	351.59
2003-03-31	345.73
2003-04-01	339.97
2003-04-02	334.30
2003-04-03	328.73
2003-04-04	323.25
2003-04-05	317.86
2003-04-06	312.57
2003-04-07	307.36
2003-04-08	302.23
2003-04-09	297.20
2003-04-10	292.24
2003-04-11	287.37
2003-04-12	282.58
2003-04-13	277.87
2003-04-14	273.24
2003-04-15	268.69
2003-04-16	264.21
2003-04-17	259.81
2003-04-18	255.48
2003-04-19	251.22
2003-04-20	247.03
2003-04-21	242.91
2003-04-22	238.87
2003-04-23	234.88
2003-04-24	230.97
2003-04-25	227.12
2003-04-26	223.33
2003-04-27	219.61
2003-04-28	215.95
2003-04-29	212.35
2003-04-30	208.81
2003-05-01	205.33
2003-05-02	201.91
2003-05-03	198.55
2003-05-04	195.24
2003-05-05	191.98
2003-05-06	188.78
2003-05-07	185.64
2003-05-08	182.54
2003-05-09	179.50
2003-05-10	176.51
2003-05-11	173.57
2003-05-12	170.67
2003-05-13	167.83
2003-05-14	165.03
2003-05-15	162.28
2003-05-16	159.58
2003-05-17	156.92
2003-05-18	154.30
2003-05-19	151.73
2003-05-20	149.20
2003-05-21	146.72
2003-05-22	144.27
2003-05-23	1038.29
2003-05-24	542.54
2003-05-25	157.65
2003-05-26	155.02
2003-05-27	152.44
2003-05-28	149.90
2003-05-29	147.40
2003-05-30	144.94
2003-05-31	142.53
2003-06-01	140.15
2003-06-02	137.82
2003-06-03	135.52
2003-06-04	133.26
2003-06-05	131.04
2003-06-06	128.86
2003-06-07	126.71
2003-06-08	124.60
2003-06-09	122.52
2003-06-10	120.48
2003-06-11	118.47
2003-06-12	116.50
2003-06-13	114.55
2003-06-14	112.64
2003-06-15	110.77
2003-06-16	108.92
2003-06-17	107.11
2003-06-18	105.32
2003-06-19	103.57
2003-06-20	101.84
2003-06-21	100.14
2003-06-22	98.47
2003-06-23	96.83
2003-06-24	95.22
2003-06-25	93.63
2003-06-26	92.07
2003-06-27	90.54
2003-06-28	89.03
2003-06-29	87.54
2003-06-30	86.08
2003-07-01	84.65
2003-07-02	83.24
2003-07-03	81.85
2003-07-04	80.49
2003-07-05	79.15
2003-07-06	77.83
2003-07-07	76.53
2003-07-08	75.25
2003-07-09	74.00
2003-07-10	72.77
2003-07-11	71.55
2003-07-12	70.36
2003-07-13	69.19
2003-07-14	68.03
2003-07-15	66.90
2003-07-16	65.79
2003-07-17	64.69
2003-07-18	63.61
2003-07-19	62.55
2003-07-20	61.51
2003-07-21	60.48
2003-07-22	59.48
2003-07-23	58.48
2003-07-24	57.51
2003-07-25	56.55
2003-07-26	55.61
2003-07-27	54.68
2003-07-28	53.77
2003-07-29	52.87
2003-07-30	51.99
2003-07-31	51.13
2003-08-01	50.27
2003-08-02	49.44
2003-08-03	48.61
2003-08-04	47.80
2003-08-05	47.01
2003-08-06	46.22
2003-08-07	45.45
2003-08-08	44.69
2003-08-09	43.95
2003-08-10	43.22
2003-08-11	42.50
2003-08-12	41.79
2003-08-13	41.09
2003-08-14	40.41
2003-08-15	39.73
2003-08-16	39.07
2003-08-17	38.42
2003-08-18	37.78
2003-08-19	37.15
2003-08-20	36.53
2003-08-21	35.92
2003-08-22	35.32
2003-08-23	34.73
2003-08-24	34.16
2003-08-25	33.59
2003-08-26	33.03
2003-08-27	32.48
2003-08-28	31.93
2003-08-29	31.40
2003-08-30	30.88
2003-08-31	30.36
2003-09-01	29.86
2003-09-02	29.36
2003-09-03	28.87
2003-09-04	28.39
2003-09-05	27.92
2003-09-06	34.68
2003-09-07	33.28
2003-09-08	33.25
2003-09-09	26.42
2003-09-10	25.98
2003-09-11	25.54
2003-09-12	25.12
2003-09-13	24.70
2003-09-14	24.29
2003-09-15	23.88
2003-09-16	23.49
2003-09-17	23.09
2003-09-18	22.71
2003-09-19	22.33
2003-09-20	21.96
2003-09-21	21.59
2003-09-22	21.23
2003-09-23	20.88
2003-09-24	20.53
2003-09-25	20.19
2003-09-26	19.85
2003-09-27	19.52
2003-09-28	19.20
2003-09-29	18.88
2003-09-30	18.56
2003-10-01	18.25
2003-10-02	17.95
2003-10-03	17.65
2003-10-04	17.35
2003-10-05	87.25
2003-10-06	25.79
2003-10-07	17.74
2003-10-08	17.44
2003-10-09	17.15
2003-10-10	16.87
2003-10-11	16.59
2003-10-12	16.31
2003-10-13	16.04
2003-10-14	15.77
2003-10-15	15.51
2003-10-16	15.25
2003-10-17	15.00
2003-10-18	14.75
2003-10-19	14.50
2003-10-20	14.26
2003-10-21	14.02
2003-10-22	13.79
2003-10-23	13.56
2003-10-24	13.33
2003-10-25	13.11
2003-10-26	12.89
2003-10-27	12.68
2003-10-28	12.46
2003-10-29	12.26
2003-10-30	12.05
2003-10-31	11.85
2003-11-01	11.65
2003-11-02	11.46
2003-11-03	11.27
2003-11-04	11.08
2003-11-05	10.90
2003-11-06	10.71
2003-11-07	10.54
2003-11-08	10.36
2003-11-09	10.19
2003-11-10	10.02
2003-11-11	9.85
2003-11-12	9.69
2003-11-13	9.53
2003-11-14	9.37
2003-11-15	9.21
2003-11-16	91.58
2003-11-17	10.24
2003-11-18	10.07
2003-11-19	9.90
2003-11-20	9.73
2003-11-21	9.57
2003-11-22	9.41
2003-11-23	9.25
2003-11-24	30.24
2003-11-25	9.29
2003-11-26	14.48
2003-11-27	169.95
2003-11-28	11.51
2003-11-29	11.32
2003-11-30	11.13
2003-12-01	10.94
2003-12-02	10.76
2003-12-03	91.59
2003-12-04	266.97
2003-12-05	15.63
2003-12-06	15.37
2003-12-07	15.12
2003-12-08	14.86
2003-12-09	14.62
2003-12-10	14.37
2003-12-11	14.13
2003-12-12	13.90
2003-12-13	13.67
2003-12-14	13.44
2003-12-15	13.21
2003-12-16	12.99
2003-12-17	12.78
2003-12-18	146.22
2003-12-19	157.35
2003-12-20	103.16
2003-12-21	25.67
2003-12-22	17.52
2003-12-23	72.28
2003-12-24	202.53
2003-12-25	20.60
2003-12-26	358.03
2003-12-27	1170.16
2003-12-28	150.61
2003-12-29	44.32
2003-12-30	43.58
2003-12-31	42.86
2004-01-01	42.14
2004-01-02	351.18
2004-01-03	45.74
2004-01-04	44.98
2004-01-05	105.95
2004-01-06	85.31
2004-01-07	44.41
2004-01-08	43.67
2004-01-09	42.94
2004-01-10	42.22
2004-01-11	359.87
2004-01-12	45.96
2004-01-13	45.19
2004-01-14	44.44
2004-01-15	43.70
2004-01-16	42.97
2004-01-17	1172.78
2004-01-18	59.77
2004-01-19	58.78
2004-01-20	57.80
2004-01-21	431.14
2004-01-22	62.01
2004-01-23	60.89
2004-01-24	59.88
2004-01-25	59.22
2004-01-26	57.90
2004-01-27	56.94
2004-01-28	56.19
2004-01-29	58.94
2004-01-30	78.85
2004-01-31	112.99
2004-02-01	715.76
2004-02-02	1859.70
2004-02-03	93.34
2004-02-04	2470.90
2004-02-05	1436.88
2004-02-06	165.56
2004-02-07	2033.24
2004-02-08	1182.07
2004-02-09	185.20
2004-02-10	182.11
2004-02-11	179.08
2004-02-12	176.09
2004-02-13	348.97
2004-02-14	173.11
2004-02-15	170.22
2004-02-16	167.38
2004-02-17	164.59
2004-02-18	161.85
2004-02-19	159.15
2004-02-20	156.50
2004-02-21	153.90
2004-02-22	184.71
2004-02-23	1441.71
2004-02-24	167.69
2004-02-25	164.89
2004-02-26	162.15
2004-02-27	202.05
2004-02-28	213.27
2004-02-29	155.75
2004-03-01	196.99
2004-03-02	151.31
2004-03-03	870.50
2004-03-04	276.23
2004-03-05	285.73
2004-03-06	156.66
2004-03-07	154.05
2004-03-08	151.49
2004-03-09	148.96
2004-03-10	146.48
2004-03-11	2120.18
2004-03-12	2653.98
2004-03-13	210.59
2004-03-14	2040.81
2004-03-15	821.31
2004-03-16	238.78
2004-03-17	527.67
2004-03-18	235.61
2004-03-19	231.68
2004-03-20	542.26
2004-03-21	1394.13
2004-03-22	681.28
2004-03-23	247.03
2004-03-24	242.92
2004-03-25	238.87
2004-03-26	234.89
2004-03-27	230.97
2004-03-28	227.12
2004-03-29	223.34
2004-03-30	219.62
2004-03-31	215.96
2004-04-01	212.36
2004-04-02	208.82
2004-04-03	205.34
2004-04-04	202.33
2004-04-05	231.49
2004-04-06	234.30
2004-04-07	193.14
2004-04-08	189.92
2004-04-09	186.75
2004-04-10	183.64
2004-04-11	180.58
2004-04-12	177.57
2004-04-13	174.61
2004-04-14	171.70
2004-04-15	168.84
2004-04-16	170.40
2004-04-17	354.35
2004-04-18	163.68
2004-04-19	172.00
2004-04-20	158.45
2004-04-21	155.81
2004-04-22	603.75
2004-04-23	780.82
2004-04-24	165.33
2004-04-25	176.30
2004-04-26	678.16
2004-04-27	169.92
2004-04-28	163.08
2004-04-29	160.36
2004-04-30	157.68
2004-05-01	155.06
2004-05-02	152.47
2004-05-03	149.93
2004-05-04	147.43
2004-05-05	144.98
2004-05-06	142.56
2004-05-07	140.18
2004-05-08	137.85
2004-05-09	135.55
2004-05-10	133.29
2004-05-11	175.48
2004-05-12	129.60
2004-05-13	127.44
2004-05-14	125.32
2004-05-15	123.23
2004-05-16	121.17
2004-05-17	119.15
2004-05-18	117.17
2004-05-19	115.22
2004-05-20	113.30
2004-05-21	111.41
2004-05-22	109.55
2004-05-23	107.72
2004-05-24	205.82
2004-05-25	145.37
2004-05-26	180.54
2004-05-27	169.34
2004-05-28	103.44
2004-05-29	101.72
2004-05-30	100.02
2004-05-31	98.36
2004-06-01	126.01
2004-06-02	95.58
2004-06-03	93.99
2004-06-04	100.27
2004-06-05	306.15
2004-06-06	258.87
2004-06-07	94.08
2004-06-08	92.51
2004-06-09	90.97
2004-06-10	89.46
2004-06-11	87.96
2004-06-12	86.50
2004-06-13	85.06
2004-06-14	83.64
2004-06-15	82.25
2004-06-16	87.71
2004-06-17	82.74
2004-06-18	81.15
2004-06-19	82.11
2004-06-20	125.57
2004-06-21	103.64
2004-06-22	131.77
2004-06-23	74.51
2004-06-24	73.07
2004-06-25	71.90
2004-06-26	85.79
2004-06-27	136.85
2004-06-28	108.69
2004-06-29	69.11
2004-06-30	67.96
2004-07-01	74.19
2004-07-02	169.35
2004-07-03	175.21
2004-07-04	153.25
2004-07-05	67.32
2004-07-06	66.20
2004-07-07	65.10
2004-07-08	64.01
2004-07-09	62.95
2004-07-10	61.90
2004-07-11	60.86
2004-07-12	59.85
2004-07-13	58.85
2004-07-14	57.87
2004-07-15	56.91
2004-07-16	55.96
2004-07-17	55.03
2004-07-18	54.11
2004-07-19	53.21
2004-07-20	52.32
2004-07-21	51.45
2004-07-22	50.59
2004-07-23	49.75
2004-07-24	48.92
2004-07-25	48.10
2004-07-26	47.30
2004-07-27	46.51
2004-07-28	45.74
2004-07-29	44.98
2004-07-30	44.23
2004-07-31	43.49
2004-08-01	42.76
2004-08-02	42.05
2004-08-03	41.35
2004-08-04	40.66
2004-08-05	39.98
2004-08-06	39.32
2004-08-07	38.66
2004-08-08	38.02
2004-08-09	37.38
2004-08-10	36.76
2004-08-11	36.15
2004-08-12	35.55
2004-08-13	34.95
2004-08-14	34.37
2004-08-15	33.80
2004-08-16	33.23
2004-08-17	32.68
2004-08-18	32.14
2004-08-19	31.60
2004-08-20	31.07
2004-08-21	30.56
2004-08-22	30.05
2004-08-23	29.55
2004-08-24	29.05
2004-08-25	28.57
2004-08-26	28.09
2004-08-27	27.62
2004-08-28	27.16
2004-08-29	26.71
2004-08-30	26.27
2004-08-31	25.83
2004-09-01	25.40
2004-09-02	24.97
2004-09-03	24.56
2004-09-04	24.15
2004-09-05	23.75
2004-09-06	23.35
2004-09-07	22.96
2004-09-08	22.58
2004-09-09	22.20
2004-09-10	21.83
2004-09-11	21.47
2004-09-12	21.11
2004-09-13	20.76
2004-09-14	20.41
2004-09-15	20.07
2004-09-16	19.74
2004-09-17	19.41
2004-09-18	19.09
2004-09-19	18.77
2004-09-20	18.46
2004-09-21	18.15
2004-09-22	17.85
2004-09-23	17.55
2004-09-24	17.26
2004-09-25	16.97
2004-09-26	16.68
2004-09-27	16.41
2004-09-28	16.13
2004-09-29	15.86
2004-09-30	15.60
2004-10-01	15.34
2004-10-02	15.08
2004-10-03	14.83
2004-10-04	14.59
2004-10-05	14.34
2004-10-06	14.10
2004-10-07	13.87
2004-10-08	13.64
2004-10-09	13.41
2004-10-10	13.19
2004-10-11	12.97
2004-10-12	12.75
2004-10-13	12.54
2004-10-14	12.33
2004-10-15	12.12
2004-10-16	11.92
2004-10-17	11.72
2004-10-18	11.53
2004-10-19	11.34
2004-10-20	11.15
2004-10-21	10.96
2004-10-22	10.78
2004-10-23	10.60
2004-10-24	10.42
2004-10-25	10.25
2004-10-26	10.08
2004-10-27	9.91
2004-10-28	9.74
2004-10-29	9.58
2004-10-30	9.42
2004-10-31	9.27
2004-11-01	9.11
2004-11-02	8.96
2004-11-03	8.81
2004-11-04	8.66
2004-11-05	8.52
2004-11-06	8.38
2004-11-07	8.24
2004-11-08	8.10
2004-11-09	7.96
2004-11-10	7.83
2004-11-11	7.70
2004-11-12	7.57
2004-11-13	7.45
2004-11-14	7.32
2004-11-15	7.29
2004-11-16	7.08
2004-11-17	6.96
2004-11-18	6.85
2004-11-19	6.73
2004-11-20	6.62
2004-11-21	6.51
2004-11-22	6.40
2004-11-23	6.30
2004-11-24	6.19
2004-11-25	6.09
2004-11-26	5.99
2004-11-27	5.89
2004-11-28	5.79
2004-11-29	5.69
2004-11-30	5.60
2004-12-01	5.50
2004-12-02	5.41
2004-12-03	54.67
2004-12-04	6.03
2004-12-05	5.93
2004-12-06	5.83
2004-12-07	5.73
2004-12-08	5.64
2004-12-09	5.54
2004-12-10	5.45
2004-12-11	66.91
2004-12-12	6.26
2004-12-13	6.16
2004-12-14	6.06
2004-12-15	5.95
2004-12-16	5.86
2004-12-17	5.76
2004-12-18	5.66
2004-12-19	5.57
2004-12-20	5.47
2004-12-21	11.71
2004-12-22	231.40
2004-12-23	8.95
2004-12-24	8.80
2004-12-25	8.65
2004-12-26	8.51
2004-12-27	8.37
2004-12-28	8.23
2004-12-29	8.09
2004-12-30	7.96
2004-12-31	7.82
2005-01-01	7.69
2005-01-02	7.56
2005-01-03	21.21
2005-01-04	294.55
2005-01-05	675.01
2005-01-06	22.52
2005-01-07	22.15
2005-01-08	21.78
2005-01-09	21.42
2005-01-10	21.06
2005-01-11	20.71
2005-01-12	20.36
2005-01-13	20.02
2005-01-14	19.69
2005-01-15	19.36
2005-01-16	19.04
2005-01-17	456.90
2005-01-18	924.13
2005-01-19	162.95
2005-01-20	214.74
2005-01-21	2427.15
2005-01-22	4291.01
2005-01-23	3052.24
2005-01-24	801.01
2005-01-25	198.24
2005-01-26	194.93
2005-01-27	193.36
2005-01-28	613.32
2005-01-29	192.22
2005-01-30	189.02
2005-01-31	185.87
2005-02-01	510.07
2005-02-02	214.84
2005-02-03	675.21
2005-02-04	1067.36
2005-02-05	198.37
2005-02-06	468.88
2005-02-07	196.22
2005-02-08	192.95
2005-02-09	379.70
2005-02-10	189.64
2005-02-11	190.93
2005-02-12	1243.89
2005-02-13	197.48
2005-02-14	194.19
2005-02-15	190.95
2005-02-16	187.77
2005-02-17	184.64
2005-02-18	181.56
2005-02-19	178.53
2005-02-20	175.56
2005-02-21	172.63
2005-02-22	169.76
2005-02-23	166.93
2005-02-24	164.14
2005-02-25	2456.85
2005-02-26	5427.27
2005-02-27	276.79
2005-02-28	272.18
2005-03-01	267.64
2005-03-02	448.12
2005-03-03	2851.68
2005-03-04	677.35
2005-03-05	2327.74
2005-03-06	1085.89
2005-03-07	819.84
2005-03-08	942.18
2005-03-09	341.09
2005-03-10	335.40
2005-03-11	329.81
2005-03-12	324.32
2005-03-13	318.91
2005-03-14	313.60
2005-03-15	308.37
2005-03-16	303.23
2005-03-17	298.18
2005-03-18	3355.57
2005-03-19	409.30
2005-03-20	333.21
2005-03-21	327.66
2005-03-22	322.20
2005-03-23	316.83
2005-03-24	311.55
2005-03-25	306.35
2005-03-26	301.25
2005-03-27	296.23
2005-03-28	291.29
2005-03-29	286.44
2005-03-30	281.66
2005-03-31	276.97
2005-04-01	272.35
2005-04-02	267.81
2005-04-03	263.35
2005-04-04	258.96
2005-04-05	254.64
2005-04-06	250.40
2005-04-07	246.23
2005-04-08	242.12
2005-04-09	238.09
2005-04-10	234.12
2005-04-11	230.22
2005-04-12	226.38
2005-04-13	222.61
2005-04-14	218.90
2005-04-15	215.25
2005-04-16	211.66
2005-04-17	210.48
2005-04-18	1367.12
2005-04-19	220.03
2005-04-20	216.36
2005-04-21	212.76
2005-04-22	209.21
2005-04-23	205.72
2005-04-24	202.29
2005-04-25	198.92
2005-04-26	195.93
2005-04-27	201.18
2005-04-28	342.00
2005-04-29	2617.36
2005-04-30	742.76
2005-05-01	229.21
2005-05-02	225.39
2005-05-03	221.64
2005-05-04	217.94
2005-05-05	1483.80
2005-05-06	4007.23
2005-05-07	1243.28
2005-05-08	1651.25
2005-05-09	5485.77
2005-05-10	458.03
2005-05-11	388.19
2005-05-12	381.72
2005-05-13	375.36
2005-05-14	369.10
2005-05-15	362.95
2005-05-16	356.90
2005-05-17	350.95
2005-05-18	345.11
2005-05-19	339.35
2005-05-20	333.70
2005-05-21	328.14
2005-05-22	322.67
2005-05-23	317.29
2005-05-24	312.00
2005-05-25	309.65
2005-05-26	301.73
2005-05-27	296.71
2005-05-28	300.35
2005-05-29	287.04
2005-05-30	282.25
2005-05-31	277.55
2005-06-01	272.92
2005-06-02	268.37
2005-06-03	263.90
2005-06-04	259.50
2005-06-05	255.18
2005-06-06	250.92
2005-06-07	246.74
2005-06-08	242.63
2005-06-09	238.59
2005-06-10	234.61
2005-06-11	230.70
2005-06-12	226.85
2005-06-13	223.07
2005-06-14	219.36
2005-06-15	215.70
2005-06-16	490.50
2005-06-17	811.39
2005-06-18	246.35
2005-06-19	215.94
2005-06-20	212.34
2005-06-21	208.80
2005-06-22	205.32
2005-06-23	201.90
2005-06-24	198.53
2005-06-25	195.22
2005-06-26	191.97
2005-06-27	188.77
2005-06-28	185.62
2005-06-29	182.53
2005-06-30	179.49
2005-07-01	176.50
2005-07-02	173.56
2005-07-03	170.66
2005-07-04	167.82
2005-07-05	165.02
2005-07-06	162.27
2005-07-07	159.57
2005-07-08	156.91
2005-07-09	154.29
2005-07-10	151.72
2005-07-11	149.19
2005-07-12	146.71
2005-07-13	144.58
2005-07-14	496.10
2005-07-15	889.48
2005-07-16	1373.04
2005-07-17	1339.65
2005-07-18	1243.66
2005-07-19	721.86
2005-07-20	791.60
2005-07-21	962.81
2005-07-22	523.08
2005-07-23	222.43
2005-07-24	218.72
2005-07-25	215.07
2005-07-26	211.49
2005-07-27	207.96
2005-07-28	204.50
2005-07-29	201.09
2005-07-30	197.74
2005-07-31	194.44
2005-08-01	191.20
2005-08-02	188.02
2005-08-03	184.88
2005-08-04	181.80
2005-08-05	178.77
2005-08-06	600.78
2005-08-07	768.77
2005-08-08	755.90
2005-08-09	379.56
2005-08-10	398.64
2005-08-11	441.55
2005-08-12	235.83
2005-08-13	190.52
2005-08-14	187.35
2005-08-15	184.22
2005-08-16	181.15
2005-08-17	178.13
2005-08-18	175.17
2005-08-19	172.25
2005-08-20	169.38
2005-08-21	166.55
2005-08-22	163.78
2005-08-23	161.05
2005-08-24	158.36
2005-08-25	155.72
2005-08-26	161.41
2005-08-27	150.78
2005-08-28	148.20
2005-08-29	145.73
2005-08-30	143.30
2005-08-31	140.91
2005-09-01	138.56
2005-09-02	136.25
2005-09-03	133.98
2005-09-04	131.75
2005-09-05	129.55
2005-09-06	127.39
2005-09-07	125.27
2005-09-08	123.18
2005-09-09	121.13
2005-09-10	119.11
2005-09-11	117.13
2005-09-12	115.17
2005-09-13	113.25
2005-09-14	111.37
2005-09-15	109.51
2005-09-16	107.69
2005-09-17	105.89
2005-09-18	104.13
2005-09-19	102.39
2005-09-20	100.68
2005-09-21	99.01
2005-09-22	97.36
2005-09-23	95.73
2005-09-24	94.14
2005-09-25	92.57
2005-09-26	91.03
2005-09-27	89.51
2005-09-28	88.02
2005-09-29	86.55
2005-09-30	85.11
2005-10-01	83.69
2005-10-02	82.29
2005-10-03	80.92
2005-10-04	79.57
2005-10-05	78.25
2005-10-06	76.94
2005-10-07	75.66
2005-10-08	74.40
2005-10-09	73.16
2005-10-10	71.94
2005-10-11	70.74
2005-10-12	69.56
2005-10-13	68.40
2005-10-14	67.26
2005-10-15	66.14
2005-10-16	65.04
2005-10-17	63.96
2005-10-18	62.89
2005-10-19	61.84
2005-10-20	60.81
2005-10-21	59.80
2005-10-22	58.80
2005-10-23	57.82
2005-10-24	56.86
2005-10-25	55.91
2005-10-26	54.98
2005-10-27	54.06
2005-10-28	53.16
2005-10-29	52.27
2005-10-30	51.40
2005-10-31	50.55
2005-11-01	49.70
2005-11-02	48.88
2005-11-03	48.06
2005-11-04	47.26
2005-11-05	62.37
2005-11-06	136.67
2005-11-07	46.65
2005-11-08	45.87
2005-11-09	87.62
2005-11-10	45.04
2005-11-11	44.29
2005-11-12	43.55
2005-11-13	42.83
2005-11-14	42.11
2005-11-15	252.23
2005-11-16	44.12
2005-11-17	54.75
2005-11-18	42.84
2005-11-19	42.13
2005-11-20	41.43
2005-11-21	40.74
2005-11-22	40.06
2005-11-23	39.39
2005-11-24	127.89
2005-11-25	39.53
2005-11-26	38.87
2005-11-27	38.22
2005-11-28	37.58
2005-11-29	36.96
2005-11-30	36.87
2005-12-01	35.74
2005-12-02	35.15
2005-12-03	34.56
2005-12-04	201.29
2005-12-05	36.12
2005-12-06	35.51
2005-12-07	193.44
2005-12-08	113.59
2005-12-09	37.52
2005-12-10	38.07
2005-12-11	36.30
2005-12-12	35.69
2005-12-13	35.10
2005-12-14	43.19
2005-12-15	34.08
2005-12-16	33.51
2005-12-17	32.95
2005-12-18	32.40
2005-12-19	530.82
2005-12-20	39.37
2005-12-21	38.72
2005-12-22	38.07
2005-12-23	239.80
2005-12-24	50.49
2005-12-25	2515.36
2005-12-26	637.26
2005-12-27	86.51
2005-12-28	85.07
2005-12-29	83.65
2005-12-30	82.26
2005-12-31	80.89
2006-01-01	79.54
2006-01-02	78.21
2006-01-03	76.91
2006-01-04	78.23
2006-01-05	552.26
2006-01-06	275.00
2006-01-07	2519.04
2006-01-08	518.84
2006-01-09	151.06
2006-01-10	664.28
2006-01-11	490.09
2006-01-12	1018.84
2006-01-13	145.65
2006-01-14	143.22
2006-01-15	140.84
2006-01-16	138.49
2006-01-17	136.18
2006-01-18	133.91
2006-01-19	131.68
2006-01-20	129.48
2006-01-21	127.33
2006-01-22	125.20
2006-01-23	1159.93
2006-01-24	1272.01
2006-01-25	153.77
2006-01-26	1668.09
2006-01-27	334.86
2006-01-28	253.92
2006-01-29	273.62
2006-01-30	291.51
2006-01-31	368.53
2006-02-01	169.59
2006-02-02	166.77
2006-02-03	163.99
2006-02-04	161.26
2006-02-05	158.57
2006-02-06	155.92
2006-02-07	153.33
2006-02-08	231.83
2006-02-09	149.56
2006-02-10	147.07
2006-02-11	144.62
2006-02-12	142.21
2006-02-13	139.84
2006-02-14	137.51
2006-02-15	135.22
2006-02-16	1745.45
2006-02-17	2611.65
2006-02-18	193.70
2006-02-19	190.47
2006-02-20	188.12
2006-02-21	191.49
2006-02-22	181.24
2006-02-23	178.22
2006-02-24	175.25
2006-02-25	172.33
2006-02-26	372.62
2006-02-27	3632.59
2006-02-28	993.90
2006-03-01	299.03
2006-03-02	228.83
2006-03-03	2428.49
2006-03-04	6463.67
2006-03-05	352.57
2006-03-06	346.69
2006-03-07	3652.80
2006-03-08	2151.96
2006-03-09	899.56
2006-03-10	411.61
2006-03-11	5348.75
2006-03-12	2064.66
2006-03-13	495.32
2006-03-14	504.47
2006-03-15	479.23
2006-03-16	471.24
2006-03-17	463.39
2006-03-18	455.66
2006-03-19	448.07
2006-03-20	501.01
2006-03-21	434.23
2006-03-22	426.99
2006-03-23	419.88
2006-03-24	412.88
2006-03-25	406.00
2006-03-26	505.48
2006-03-27	394.29
2006-03-28	387.72
2006-03-29	1132.11
2006-03-30	648.48
2006-03-31	384.77
2006-04-01	378.36
2006-04-02	384.07
2006-04-03	366.05
2006-04-04	359.95
2006-04-05	353.95
2006-04-06	348.05
2006-04-07	342.25
2006-04-08	969.65
2006-04-09	2079.98
2006-04-10	367.75
2006-04-11	357.49
2006-04-12	351.54
2006-04-13	345.68
2006-04-14	339.92
2006-04-15	7206.85
2006-04-16	2970.25
2006-04-17	472.94
2006-04-18	465.06
2006-04-19	821.60
2006-04-20	5171.19
2006-04-21	523.98
2006-04-22	515.25
2006-04-23	506.66
2006-04-24	498.22
2006-04-25	489.91
2006-04-26	481.75
2006-04-27	473.72
2006-04-28	465.82
2006-04-29	458.06
2006-04-30	450.43
2006-05-01	442.92
2006-05-02	435.54
2006-05-03	428.28
2006-05-04	421.14
2006-05-05	414.12
2006-05-06	407.22
2006-05-07	400.43
2006-05-08	393.76
2006-05-09	387.20
2006-05-10	380.74
2006-05-11	374.40
2006-05-12	368.16
2006-05-13	362.02
2006-05-14	355.99
2006-05-15	350.05
2006-05-16	344.22
2006-05-17	338.48
2006-05-18	332.84
2006-05-19	327.29
2006-05-20	321.84
2006-05-21	316.47
2006-05-22	311.20
2006-05-23	306.01
2006-05-24	300.91
2006-05-25	295.90
2006-05-26	290.97
2006-05-27	286.12
2006-05-28	281.35
2006-05-29	276.66
2006-05-30	272.05
2006-05-31	267.51
2006-06-01	263.06
2006-06-02	260.49
2006-06-03	254.39
2006-06-04	250.15
2006-06-05	245.98
2006-06-06	241.88
2006-06-07	237.85
2006-06-08	252.11
2006-06-09	379.60
2006-06-10	424.06
2006-06-11	228.69
2006-06-12	614.48
2006-06-13	234.30
2006-06-14	223.27
2006-06-15	219.55
2006-06-16	215.89
2006-06-17	212.29
2006-06-18	208.76
2006-06-19	205.28
2006-06-20	201.86
2006-06-21	198.49
2006-06-22	195.18
2006-06-23	191.93
2006-06-24	188.73
2006-06-25	185.59
2006-06-26	182.49
2006-06-27	179.45
2006-06-28	176.46
2006-06-29	173.52
2006-06-30	170.63
2006-07-01	167.78
2006-07-02	164.99
2006-07-03	162.24
2006-07-04	159.53
2006-07-05	156.87
2006-07-06	154.26
2006-07-07	151.69
2006-07-08	149.16
2006-07-09	146.67
2006-07-10	144.23
2006-07-11	141.83
2006-07-12	139.46
2006-07-13	137.14
2006-07-14	134.85
2006-07-15	132.60
2006-07-16	130.39
2006-07-17	128.22
2006-07-18	126.08
2006-07-19	123.98
2006-07-20	121.92
2006-07-21	119.88
2006-07-22	117.89
2006-07-23	115.92
2006-07-24	113.99
2006-07-25	112.09
2006-07-26	110.22
2006-07-27	108.38
2006-07-28	106.58
2006-07-29	104.80
2006-07-30	103.06
2006-07-31	101.34
2006-08-01	99.65
2006-08-02	97.99
2006-08-03	96.35
2006-08-04	94.75
2006-08-05	93.17
2006-08-06	91.62
2006-08-07	90.09
2006-08-08	88.59
2006-08-09	87.11
2006-08-10	85.66
2006-08-11	84.23
2006-08-12	82.83
2006-08-13	81.45
2006-08-14	80.09
2006-08-15	78.76
2006-08-16	77.44
2006-08-17	76.15
2006-08-18	74.88
2006-08-19	73.64
2006-08-20	72.41
2006-08-21	71.20
2006-08-22	70.01
2006-08-23	68.85
2006-08-24	67.70
2006-08-25	66.57
2006-08-26	65.46
2006-08-27	64.37
2006-08-28	63.30
2006-08-29	62.24
2006-08-30	61.21
2006-08-31	60.19
2006-09-01	59.18
2006-09-02	58.20
2006-09-03	57.23
2006-09-04	56.27
2006-09-05	55.33
2006-09-06	54.41
2006-09-07	53.51
2006-09-08	52.61
2006-09-09	51.74
2006-09-10	50.87
2006-09-11	50.03
2006-09-12	49.19
2006-09-13	48.37
2006-09-14	47.57
2006-09-15	46.77
2006-09-16	45.99
2006-09-17	45.23
2006-09-18	44.47
2006-09-19	43.73
2006-09-20	43.00
2006-09-21	42.29
2006-09-22	41.58
2006-09-23	40.89
2006-09-24	40.21
2006-09-25	39.54
2006-09-26	38.88
2006-09-27	38.23
2006-09-28	37.59
2006-09-29	36.97
2006-09-30	36.35
2006-10-01	35.75
2006-10-02	35.15
2006-10-03	34.56
2006-10-04	33.99
2006-10-05	33.42
2006-10-06	32.86
2006-10-07	32.32
2006-10-08	31.78
2006-10-09	31.25
2006-10-10	30.73
2006-10-11	30.22
2006-10-12	29.71
2006-10-13	29.22
2006-10-14	28.73
2006-10-15	28.25
2006-10-16	27.78
2006-10-17	27.32
2006-10-18	26.86
2006-10-19	26.41
2006-10-20	25.97
2006-10-21	25.54
2006-10-22	25.12
2006-10-23	24.70
2006-10-24	24.28
2006-10-25	23.88
2006-10-26	23.48
2006-10-27	23.09
2006-10-28	22.71
2006-10-29	22.33
2006-10-30	21.96
2006-10-31	21.59
2006-11-01	21.23
2006-11-02	20.88
2006-11-03	20.53
2006-11-04	20.19
2006-11-05	19.87
2006-11-06	19.52
2006-11-07	19.19
2006-11-08	18.87
2006-11-09	18.56
2006-11-10	18.25
2006-11-11	17.95
2006-11-12	17.65
2006-11-13	17.35
2006-11-14	17.06
2006-11-15	16.78
2006-11-16	16.50
2006-11-17	16.22
2006-11-18	15.95
2006-11-19	19.53
2006-11-20	33.51
2006-11-21	61.40
2006-11-22	205.48
2006-11-23	41.83
2006-11-24	18.85
2006-11-25	18.53
2006-11-26	18.22
2006-11-27	17.92
2006-11-28	17.62
2006-11-29	30.35
2006-11-30	17.25
2006-12-01	16.96
2006-12-02	16.68
2006-12-03	344.94
2006-12-04	30.93
2006-12-05	520.99
2006-12-06	38.34
2006-12-07	28.59
2006-12-08	28.12
2006-12-09	27.65
2006-12-10	27.19
2006-12-11	26.73
2006-12-12	26.29
2006-12-13	25.85
2006-12-14	25.42
2006-12-15	25.00
2006-12-16	24.58
2006-12-17	48.92
2006-12-18	72.68
2006-12-19	24.54
2006-12-20	24.14
2006-12-21	23.73
2006-12-22	23.34
2006-12-23	22.95
2006-12-24	22.57
2006-12-25	22.19
2006-12-26	21.82
2006-12-27	21.46
2006-12-28	21.10
2006-12-29	20.75
2006-12-30	20.40
2006-12-31	21.35
2007-01-01	51.36
2007-01-02	678.55
2007-01-03	410.65
2007-01-04	35.84
2007-01-05	35.25
2007-01-06	34.66
2007-01-07	387.98
2007-01-08	896.83
2007-01-09	181.86
2007-01-10	1245.15
2007-01-11	71.92
2007-01-12	70.72
2007-01-13	69.54
2007-01-14	68.38
2007-01-15	284.93
2007-01-16	727.26
2007-01-17	79.07
2007-01-18	77.75
2007-01-19	76.46
2007-01-20	75.18
2007-01-21	73.93
2007-01-22	72.70
2007-01-23	71.49
2007-01-24	70.29
2007-01-25	69.12
2007-01-26	67.97
2007-01-27	67.76
2007-01-28	3656.36
2007-01-29	8421.04
2007-01-30	5069.15
2007-01-31	1936.73
2007-02-01	348.11
2007-02-02	342.31
2007-02-03	336.61
2007-02-04	331.00
2007-02-05	2500.54
2007-02-06	4521.28
2007-02-07	416.36
2007-02-08	409.42
2007-02-09	402.60
2007-02-10	395.89
2007-02-11	389.29
2007-02-12	382.80
2007-02-13	376.42
2007-02-14	370.15
2007-02-15	683.23
2007-02-16	873.14
2007-02-17	365.49
2007-02-18	359.15
2007-02-19	838.70
2007-02-20	356.14
2007-02-21	349.20
2007-02-22	343.38
2007-02-23	857.39
2007-02-24	2665.48
2007-02-25	372.21
2007-02-26	366.01
2007-02-27	359.91
2007-02-28	353.91
2007-03-01	348.01
2007-03-02	342.21
2007-03-03	336.51
2007-03-04	330.90
2007-03-05	325.39
2007-03-06	319.96
2007-03-07	314.63
2007-03-08	309.39
2007-03-09	304.23
2007-03-10	299.16
2007-03-11	294.17
2007-03-12	289.27
2007-03-13	284.45
2007-03-14	519.60
2007-03-15	278.91
2007-03-16	274.27
2007-03-17	269.69
2007-03-18	265.20
2007-03-19	275.28
2007-03-20	256.67
2007-03-21	456.24
2007-03-22	1711.84
2007-03-23	1246.51
2007-03-24	1032.42
2007-03-25	2069.74
2007-03-26	687.77
2007-03-27	4441.73
2007-03-28	3333.44
2007-03-29	4127.16
2007-03-30	2168.69
2007-03-31	489.27
2007-04-01	481.12
2007-04-02	473.10
2007-04-03	465.21
2007-04-04	457.46
2007-04-05	449.84
2007-04-06	706.56
2007-04-07	1195.54
2007-04-08	448.38
2007-04-09	436.76
2007-04-10	467.74
2007-04-11	422.94
2007-04-12	415.89
2007-04-13	408.96
2007-04-14	402.15
2007-04-15	395.44
2007-04-16	388.85
2007-04-17	3053.63
2007-04-18	419.06
2007-04-19	412.08
2007-04-20	405.21
2007-04-21	398.46
2007-04-22	391.81
2007-04-23	385.28
2007-04-24	378.86
2007-04-25	372.55
2007-04-26	366.34
2007-04-27	360.23
2007-04-28	354.23
2007-04-29	348.33
2007-04-30	342.52
2007-05-01	336.81
2007-05-02	331.20
2007-05-03	325.68
2007-05-04	320.25
2007-05-05	314.91
2007-05-06	309.66
2007-05-07	304.50
2007-05-08	299.43
2007-05-09	294.44
2007-05-10	289.53
2007-05-11	284.70
2007-05-12	279.96
2007-05-13	275.29
2007-05-14	270.71
2007-05-15	266.19
2007-05-16	261.76
2007-05-17	257.39
2007-05-18	253.10
2007-05-19	248.89
2007-05-20	244.74
2007-05-21	2885.57
2007-05-22	4891.89
2007-05-23	1057.09
2007-05-24	401.35
2007-05-25	349.43
2007-05-26	343.61
2007-05-27	337.88
2007-05-28	332.25
2007-05-29	335.90
2007-05-30	345.19
2007-05-31	324.70
2007-06-01	311.30
2007-06-02	306.11
2007-06-03	301.01
2007-06-04	295.99
2007-06-05	291.06
2007-06-06	286.21
2007-06-07	281.44
2007-06-08	276.75
2007-06-09	272.13
2007-06-10	267.60
2007-06-11	263.14
2007-06-12	258.75
2007-06-13	254.44
2007-06-14	250.20
2007-06-15	246.03
2007-06-16	241.93
2007-06-17	237.90
2007-06-18	233.93
2007-06-19	230.03
2007-06-20	226.20
2007-06-21	222.43
2007-06-22	218.72
2007-06-23	215.08
2007-06-24	211.49
2007-06-25	213.03
2007-06-26	507.90
2007-06-27	206.06
2007-06-28	202.63
2007-06-29	199.25
2007-06-30	195.93
2007-07-01	192.66
2007-07-02	189.45
2007-07-03	186.30
2007-07-04	183.19
2007-07-05	180.14
2007-07-06	177.14
2007-07-07	174.18
2007-07-08	171.28
2007-07-09	168.43
2007-07-10	165.62
2007-07-11	162.86
2007-07-12	160.14
2007-07-13	157.47
2007-07-14	154.85
2007-07-15	152.27
2007-07-16	149.73
2007-07-17	147.24
2007-07-18	144.78
2007-07-19	142.37
2007-07-20	140.00
2007-07-21	137.66
2007-07-22	135.37
2007-07-23	133.11
2007-07-24	130.89
2007-07-25	128.71
2007-07-26	126.57
2007-07-27	124.46
2007-07-28	122.38
2007-07-29	120.34
2007-07-30	118.34
2007-07-31	116.37
2007-08-01	114.43
2007-08-02	112.52
2007-08-03	110.64
2007-08-04	108.80
2007-08-05	106.99
2007-08-06	105.20
2007-08-07	103.45
2007-08-08	101.73
2007-08-09	100.03
2007-08-10	98.36
2007-08-11	96.72
2007-08-12	95.11
2007-08-13	93.53
2007-08-14	91.97
2007-08-15	90.43
2007-08-16	88.93
2007-08-17	87.45
2007-08-18	85.99
2007-08-19	84.55
2007-08-20	83.15
2007-08-21	81.76
2007-08-22	80.40
2007-08-23	79.06
2007-08-24	77.74
2007-08-25	76.44
2007-08-26	75.17
2007-08-27	73.92
2007-08-28	72.69
2007-08-29	71.47
2007-08-30	70.28
2007-08-31	69.11
2007-09-01	67.96
2007-09-02	66.83
2007-09-03	65.71
2007-09-04	64.62
2007-09-05	63.54
2007-09-06	62.48
2007-09-07	61.44
2007-09-08	60.42
2007-09-09	59.41
2007-09-10	58.42
2007-09-11	57.45
2007-09-12	56.49
2007-09-13	55.55
2007-09-14	54.62
2007-09-15	53.71
2007-09-16	52.82
2007-09-17	51.94
2007-09-18	51.07
2007-09-19	50.22
2007-09-20	49.38
2007-09-21	48.56
2007-09-22	47.75
2007-09-23	46.95
2007-09-24	46.17
2007-09-25	45.40
2007-09-26	44.64
2007-09-27	43.90
2007-09-28	43.17
2007-09-29	42.45
2007-09-30	41.74
2007-10-01	41.05
2007-10-02	40.36
2007-10-03	39.69
2007-10-04	39.03
2007-10-05	38.38
2007-10-06	37.74
2007-10-07	37.11
2007-10-08	36.49
2007-10-09	35.88
2007-10-10	35.28
2007-10-11	34.70
2007-10-12	34.12
2007-10-13	33.55
2007-10-14	32.99
2007-10-15	32.44
2007-10-16	31.90
2007-10-17	31.37
2007-10-18	30.84
2007-10-19	30.33
2007-10-20	29.83
2007-10-21	29.33
2007-10-22	28.84
2007-10-23	28.36
2007-10-24	27.89
2007-10-25	27.42
2007-10-26	26.96
2007-10-27	26.52
2007-10-28	26.07
2007-10-29	25.64
2007-10-30	25.21
2007-10-31	24.79
2007-11-01	24.38
2007-11-02	23.97
2007-11-03	23.57
2007-11-04	23.18
2007-11-05	22.79
2007-11-06	22.41
2007-11-07	22.04
2007-11-08	21.67
2007-11-09	21.31
2007-11-10	20.96
2007-11-11	20.61
2007-11-12	20.26
2007-11-13	19.93
2007-11-14	19.59
2007-11-15	19.27
2007-11-16	18.95
2007-11-17	18.63
2007-11-18	18.32
2007-11-19	18.01
2007-11-20	17.71
2007-11-21	17.42
2007-11-22	17.13
2007-11-23	16.84
2007-11-24	16.56
2007-11-25	16.29
2007-11-26	16.01
2007-11-27	15.75
2007-11-28	15.49
2007-11-29	15.23
2007-11-30	14.97
2007-12-01	14.72
2007-12-02	14.48
2007-12-03	14.24
2007-12-04	14.00
2007-12-05	13.77
2007-12-06	13.54
2007-12-07	13.31
2007-12-08	13.09
2007-12-09	12.87
2007-12-10	12.66
2007-12-11	12.45
2007-12-12	12.24
2007-12-13	12.03
2007-12-14	11.83
2007-12-15	11.64
2007-12-16	11.44
2007-12-17	11.25
2007-12-18	14.40
2007-12-19	10.93
2007-12-20	10.75
2007-12-21	10.57
2007-12-22	10.40
2007-12-23	29.44
2007-12-24	10.36
2007-12-25	10.19
2007-12-26	10.02
2007-12-27	9.85
2007-12-28	15.16
2007-12-29	9.62
2007-12-30	33.70
2007-12-31	92.81
2008-01-01	10.87
2008-01-02	10.69
2008-01-03	10.51
2008-01-04	10.33
2008-01-05	10.16
2008-01-06	9.99
2008-01-07	9.82
2008-01-08	9.66
2008-01-09	9.50
2008-01-10	231.06
2008-01-11	27.76
2008-01-12	25.00
2008-01-13	12.77
2008-01-14	12.56
2008-01-15	12.35
2008-01-16	18.44
2008-01-17	12.04
2008-01-18	11.84
2008-01-19	11.65
2008-01-20	15.85
2008-01-21	54.60
2008-01-22	11.84
2008-01-23	11.64
2008-01-24	11.45
2008-01-25	11.26
2008-01-26	11.07
2008-01-27	10.89
2008-01-28	10.70
2008-01-29	10.53
2008-01-30	10.35
2008-01-31	10.18
2008-02-01	10.01
2008-02-02	9.84
2008-02-03	9.68
2008-02-04	9.52
2008-02-05	9.36
2008-02-06	9.20
2008-02-07	9.05
2008-02-08	8.90
2008-02-09	8.75
2008-02-10	8.60
2008-02-11	110.42
2008-02-12	9.96
2008-02-13	9.80
2008-02-14	9.63
2008-02-15	9.47
2008-02-16	9.31
2008-02-17	9.16
2008-02-18	9.01
2008-02-19	8.86
2008-02-20	8.71
2008-02-21	8.56
2008-02-22	8.42
2008-02-23	8.28
2008-02-24	8.14
2008-02-25	8.01
2008-02-26	208.44
2008-02-27	10.98
2008-02-28	11.31
2008-02-29	12.47
2008-03-01	10.47
2008-03-02	108.34
2008-03-03	497.95
2008-03-04	40.88
2008-03-05	912.03
2008-03-06	475.62
2008-03-07	40.01
2008-03-08	39.35
2008-03-09	38.69
2008-03-10	38.05
2008-03-11	37.41
2008-03-12	38.25
2008-03-13	447.09
2008-03-14	42.22
2008-03-15	41.52
2008-03-16	618.17
2008-03-17	763.80
2008-03-18	1160.14
2008-03-19	5047.24
2008-03-20	381.76
2008-03-21	156.76
2008-03-22	154.15
2008-03-23	151.58
2008-03-24	149.05
2008-03-25	146.57
2008-03-26	153.33
2008-03-27	223.42
2008-03-28	140.82
2008-03-29	138.48
2008-03-30	136.77
2008-03-31	133.91
2008-04-01	2242.85
2008-04-02	163.51
2008-04-03	160.79
2008-04-04	158.11
2008-04-05	155.47
2008-04-06	152.88
2008-04-07	150.33
2008-04-08	578.02
2008-04-09	152.30
2008-04-10	149.76
2008-04-11	147.27
2008-04-12	144.81
2008-04-13	142.40
2008-04-14	140.02
2008-04-15	137.69
2008-04-16	135.40
2008-04-17	133.14
2008-04-18	130.92
2008-04-19	128.74
2008-04-20	126.59
2008-04-21	124.48
2008-04-22	137.70
2008-04-23	189.96
2008-04-24	1042.67
2008-04-25	1407.18
2008-04-26	349.73
2008-04-27	488.46
2008-04-28	154.53
2008-04-29	151.96
2008-04-30	149.42
2008-05-01	146.93
2008-05-02	144.49
2008-05-03	142.08
2008-05-04	139.71
2008-05-05	137.38
2008-05-06	135.09
2008-05-07	191.03
2008-05-08	131.56
2008-05-09	129.37
2008-05-10	1300.95
2008-05-11	2526.61
2008-05-12	963.75
2008-05-13	793.71
2008-05-14	196.23
2008-05-15	192.96
2008-05-16	189.75
2008-05-17	186.58
2008-05-18	183.47
2008-05-19	180.42
2008-05-20	177.41
2008-05-21	174.45
2008-05-22	171.55
2008-05-23	168.69
2008-05-24	165.87
2008-05-25	163.11
2008-05-26	160.39
2008-05-27	157.72
2008-05-28	155.09
2008-05-29	152.50
2008-05-30	149.96
2008-05-31	147.46
2008-06-01	145.01
2008-06-02	146.31
2008-06-03	165.60
2008-06-04	195.98
2008-06-05	141.79
2008-06-06	289.76
2008-06-07	135.01
2008-06-08	132.76
2008-06-09	130.55
2008-06-10	128.38
2008-06-11	126.24
2008-06-12	124.13
2008-06-13	122.06
2008-06-14	178.62
2008-06-15	175.65
2008-06-16	122.71
2008-06-17	117.87
2008-06-18	115.90
2008-06-19	243.84
2008-06-20	499.02
2008-06-21	434.91
2008-06-22	506.67
2008-06-23	124.26
2008-06-24	122.19
2008-06-25	137.45
2008-06-26	383.76
2008-06-27	130.70
2008-06-28	449.06
2008-06-29	122.22
2008-06-30	120.18
2008-07-01	118.18
2008-07-02	116.21
2008-07-03	114.27
2008-07-04	112.37
2008-07-05	110.50
2008-07-06	108.65
2008-07-07	106.84
2008-07-08	105.06
2008-07-09	103.31
2008-07-10	101.59
2008-07-11	99.90
2008-07-12	98.23
2008-07-13	96.59
2008-07-14	94.98
2008-07-15	93.40
2008-07-16	91.85
2008-07-17	90.31
2008-07-18	88.81
2008-07-19	87.33
2008-07-20	85.87
2008-07-21	84.44
2008-07-22	83.03
2008-07-23	81.65
2008-07-24	80.29
2008-07-25	78.95
2008-07-26	77.64
2008-07-27	76.34
2008-07-28	75.07
2008-07-29	73.82
2008-07-30	72.59
2008-07-31	71.38
2008-08-01	70.19
2008-08-02	69.02
2008-08-03	67.87
2008-08-04	66.74
2008-08-05	65.63
2008-08-06	64.53
2008-08-07	63.46
2008-08-08	62.40
2008-08-09	61.36
2008-08-10	60.34
2008-08-11	59.33
2008-08-12	58.34
2008-08-13	57.37
2008-08-14	56.41
2008-08-15	55.47
2008-08-16	54.55
2008-08-17	53.64
2008-08-18	52.75
2008-08-19	51.87
2008-08-20	51.00
2008-08-21	50.15
2008-08-22	49.32
2008-08-23	48.49
2008-08-24	47.69
2008-08-25	46.89
2008-08-26	46.11
2008-08-27	45.34
2008-08-28	44.59
2008-08-29	43.84
2008-08-30	43.11
2008-08-31	42.39
2008-09-01	41.69
2008-09-02	40.99
2008-09-03	40.31
2008-09-04	39.64
2008-09-05	38.98
2008-09-06	38.33
2008-09-07	37.69
2008-09-08	37.06
2008-09-09	36.44
2008-09-10	35.83
2008-09-11	35.24
2008-09-12	34.65
2008-09-13	34.07
2008-09-14	33.50
2008-09-15	32.95
2008-09-16	32.40
2008-09-17	31.86
2008-09-18	31.33
2008-09-19	30.80
2008-09-20	30.29
2008-09-21	29.79
2008-09-22	29.29
2008-09-23	28.80
2008-09-24	28.32
2008-09-25	27.85
2008-09-26	27.38
2008-09-27	26.93
2008-09-28	26.48
2008-09-29	26.04
2008-09-30	25.60
2008-10-01	25.18
2008-10-02	24.76
2008-10-03	24.35
2008-10-04	23.94
2008-10-05	23.54
2008-10-06	23.15
2008-10-07	22.76
2008-10-08	22.38
2008-10-09	22.01
2008-10-10	21.64
2008-10-11	21.28
2008-10-12	20.93
2008-10-13	20.58
2008-10-14	20.24
2008-10-15	19.90
2008-10-16	19.57
2008-10-17	19.24
2008-10-18	18.92
2008-10-19	18.60
2008-10-20	18.29
2008-10-21	17.99
2008-10-22	17.69
2008-10-23	17.40
2008-10-24	17.11
2008-10-25	16.82
2008-10-26	16.54
2008-10-27	16.26
2008-10-28	15.99
2008-10-29	15.73
2008-10-30	15.46
2008-10-31	15.21
2008-11-01	14.95
2008-11-02	14.70
2008-11-03	14.46
2008-11-04	14.22
2008-11-05	13.98
2008-11-06	13.75
2008-11-07	13.52
2008-11-08	13.29
2008-11-09	13.07
2008-11-10	12.85
2008-11-11	12.64
2008-11-12	12.43
2008-11-13	12.22
2008-11-14	12.02
2008-11-15	11.82
2008-11-16	11.62
2008-11-17	11.43
2008-11-18	11.24
2008-11-19	11.05
2008-11-20	10.87
2008-11-21	10.68
2008-11-22	10.51
2008-11-23	10.33
2008-11-24	10.16
2008-11-25	9.99
2008-11-26	9.82
2008-11-27	9.66
2008-11-28	9.50
2008-11-29	9.34
2008-11-30	9.18
2008-12-01	9.03
2008-12-02	8.88
2008-12-03	8.73
2008-12-04	8.59
2008-12-05	8.44
2008-12-06	8.30
2008-12-07	8.17
2008-12-08	8.03
2008-12-09	7.90
2008-12-10	7.76
2008-12-11	7.63
2008-12-12	7.51
2008-12-13	7.38
2008-12-14	7.26
2008-12-15	7.14
2008-12-16	7.02
2008-12-17	6.90
2008-12-18	6.79
2008-12-19	6.67
2008-12-20	6.56
2008-12-21	6.45
2008-12-22	6.35
2008-12-23	6.24
2008-12-24	6.14
2008-12-25	6.03
2008-12-26	5.93
2008-12-27	5.83
2008-12-28	5.74
2008-12-29	5.64
2008-12-30	5.55
2008-12-31	5.45
2009-01-01	5.36
2009-01-02	5.50
2009-01-03	53.46
2009-01-04	16.08
2009-01-05	25.12
2009-01-06	6.16
2009-01-07	6.06
2009-01-08	5.95
2009-01-09	5.86
2009-01-10	5.76
2009-01-11	5.66
2009-01-12	5.57
2009-01-13	5.47
2009-01-14	5.38
2009-01-15	5.29
2009-01-16	166.18
2009-01-17	7.71
2009-01-18	12.36
2009-01-19	92.99
2009-01-20	8.79
2009-01-21	8.64
2009-01-22	44.13
2009-01-23	8.93
2009-01-24	8.78
2009-01-25	8.63
2009-01-26	8.49
2009-01-27	339.22
2009-01-28	13.54
2009-01-29	13.32
2009-01-30	13.10
2009-01-31	12.88
2009-02-01	12.66
2009-02-02	12.45
2009-02-03	12.24
2009-02-04	12.04
2009-02-05	11.84
2009-02-06	11.64
2009-02-07	11.45
2009-02-08	11.26
2009-02-09	11.07
2009-02-10	10.89
2009-02-11	10.70
2009-02-12	814.97
2009-02-13	23.42
2009-02-14	22.93
2009-02-15	22.55
2009-02-16	22.17
2009-02-17	682.20
2009-02-18	2395.20
2009-02-19	69.64
2009-02-20	68.48
2009-02-21	67.34
2009-02-22	66.22
2009-02-23	65.12
2009-02-24	64.03
2009-02-25	62.96
2009-02-26	61.91
2009-02-27	60.88
2009-02-28	59.87
2009-03-01	71.51
2009-03-02	1103.08
2009-03-03	73.97
2009-03-04	203.44
2009-03-05	73.92
2009-03-06	72.41
2009-03-07	71.20
2009-03-08	70.02
2009-03-09	69.34
2009-03-10	193.13
2009-03-11	68.60
2009-03-12	1187.90
2009-03-13	104.59
2009-03-14	83.32
2009-03-15	81.93
2009-03-16	80.56
2009-03-17	3987.41
2009-03-18	5258.84
2009-03-19	221.05
2009-03-20	217.37
2009-03-21	213.75
2009-03-22	210.34
2009-03-23	209.68
2009-03-24	203.29
2009-03-25	199.90
2009-03-26	196.57
2009-03-27	193.29
2009-03-28	190.07
2009-03-29	186.90
2009-03-30	184.35
2009-03-31	180.73
2009-04-01	177.72
2009-04-02	217.33
2009-04-03	1885.58
2009-04-04	9385.02
2009-04-05	342.09
2009-04-06	336.39
2009-04-07	330.78
2009-04-08	335.65
2009-04-09	320.11
2009-04-10	314.69
2009-04-11	309.44
2009-04-12	304.28
2009-04-13	516.88
2009-04-14	297.73
2009-04-15	292.77
2009-04-16	287.89
2009-04-17	283.09
2009-04-18	278.38
2009-04-19	273.74
2009-04-20	269.17
2009-04-21	264.69
2009-04-22	260.28
2009-04-23	255.94
2009-04-24	251.67
2009-04-25	247.48
2009-04-26	243.35
2009-04-27	239.30
2009-04-28	235.31
2009-04-29	416.17
2009-04-30	494.23
2009-05-01	230.92
2009-05-02	227.07
2009-05-03	223.29
2009-05-04	219.56
2009-05-05	238.91
2009-05-06	212.68
2009-05-07	209.13
2009-05-08	205.65
2009-05-09	202.22
2009-05-10	198.85
2009-05-11	195.54
2009-05-12	192.28
2009-05-13	189.07
2009-05-14	185.92
2009-05-15	182.82
2009-05-16	179.77
2009-05-17	176.78
2009-05-18	173.83
2009-05-19	170.93
2009-05-20	168.09
2009-05-21	165.28
2009-05-22	162.53
2009-05-23	159.82
2009-05-24	157.16
2009-05-25	154.54
2009-05-26	151.96
2009-05-27	163.54
2009-05-28	148.57
2009-05-29	161.07
2009-05-30	313.72
2009-05-31	2030.77
2009-06-01	1678.59
2009-06-02	800.87
2009-06-03	326.08
2009-06-04	197.80
2009-06-05	194.50
2009-06-06	191.26
2009-06-07	188.07
2009-06-08	184.94
2009-06-09	181.86
2009-06-10	178.83
2009-06-11	175.85
2009-06-12	172.91
2009-06-13	170.03
2009-06-14	167.20
2009-06-15	164.41
2009-06-16	297.27
2009-06-17	163.49
2009-06-18	168.01
2009-06-19	158.40
2009-06-20	155.56
2009-06-21	152.91
2009-06-22	202.50
2009-06-23	423.47
2009-06-24	148.86
2009-06-25	146.38
2009-06-26	143.94
2009-06-27	141.54
2009-06-28	139.19
2009-06-29	136.87
2009-06-30	134.58
2009-07-01	132.34
2009-07-02	130.14
2009-07-03	127.97
2009-07-04	125.83
2009-07-05	123.74
2009-07-06	121.67
2009-07-07	119.65
2009-07-08	117.65
2009-07-09	115.69
2009-07-10	113.76
2009-07-11	111.87
2009-07-12	110.00
2009-07-13	108.17
2009-07-14	106.37
2009-07-15	104.59
2009-07-16	102.85
2009-07-17	103.56
2009-07-18	149.05
2009-07-19	148.07
2009-07-20	97.78
2009-07-21	171.91
2009-07-22	636.41
2009-07-23	342.51
2009-07-24	267.28
2009-07-25	296.25
2009-07-26	381.01
2009-07-27	246.10
2009-07-28	234.16
2009-07-29	428.05
2009-07-30	701.73
2009-07-31	925.06
2009-08-01	851.79
2009-08-02	790.19
2009-08-03	664.30
2009-08-04	225.21
2009-08-05	154.00
2009-08-06	151.43
2009-08-07	150.65
2009-08-08	158.28
2009-08-09	144.50
2009-08-10	388.89
2009-08-11	755.28
2009-08-12	519.21
2009-08-13	353.91
2009-08-14	360.64
2009-08-15	619.76
2009-08-16	928.02
2009-08-17	507.96
2009-08-18	293.76
2009-08-19	189.67
2009-08-20	169.37
2009-08-21	166.55
2009-08-22	163.77
2009-08-23	161.04
2009-08-24	158.36
2009-08-25	155.72
2009-08-26	153.12
2009-08-27	150.57
2009-08-28	148.06
2009-08-29	145.59
2009-08-30	143.17
2009-08-31	140.78
2009-09-01	138.44
2009-09-02	136.13
2009-09-03	133.86
2009-09-04	131.63
2009-09-05	129.43
2009-09-06	127.28
2009-09-07	125.16
2009-09-08	123.07
2009-09-09	121.02
2009-09-10	119.00
2009-09-11	117.02
2009-09-12	115.07
2009-09-13	113.15
2009-09-14	111.26
2009-09-15	109.41
2009-09-16	108.56
2009-09-17	105.81
2009-09-18	104.05
2009-09-19	102.31
2009-09-20	101.02
2009-09-21	98.94
2009-09-22	97.29
2009-09-23	95.67
2009-09-24	94.07
2009-09-25	92.50
2009-09-26	90.96
2009-09-27	89.45
2009-09-28	87.96
2009-09-29	86.49
2009-09-30	85.05
2009-10-01	85.03
2009-10-02	147.67
2009-10-03	214.48
2009-10-04	82.71
2009-10-05	81.33
2009-10-06	79.98
2009-10-07	78.65
2009-10-08	77.34
2009-10-09	317.41
2009-10-10	1079.83
2009-10-11	1478.15
2009-10-12	765.76
2009-10-13	122.86
2009-10-14	120.81
2009-10-15	118.80
2009-10-16	116.82
2009-10-17	114.87
2009-10-18	112.96
2009-10-19	111.07
2009-10-20	109.22
2009-10-21	107.68
2009-10-22	423.47
2009-10-23	108.98
2009-10-24	107.16
2009-10-25	105.38
2009-10-26	103.62
2009-10-27	101.89
2009-10-28	100.20
2009-10-29	98.53
2009-10-30	96.88
2009-10-31	95.27
2009-11-01	93.68
2009-11-02	92.12
2009-11-03	90.58
2009-11-04	555.05
2009-11-05	1283.45
2009-11-06	1610.38
2009-11-07	134.94
2009-11-08	132.69
2009-11-09	130.48
2009-11-10	128.30
2009-11-11	126.17
2009-11-12	124.06
2009-11-13	121.99
2009-11-14	119.96
2009-11-15	117.96
2009-11-16	116.00
2009-11-17	114.06
2009-11-18	112.16
2009-11-19	110.29
2009-11-20	108.45
2009-11-21	151.81
2009-11-22	105.60
2009-11-23	451.24
2009-11-24	520.40
2009-11-25	112.56
2009-11-26	110.69
2009-11-27	108.84
2009-11-28	107.03
2009-11-29	5446.98
2009-11-30	3481.09
2009-12-01	591.41
2009-12-02	4044.45
2009-12-03	298.47
2009-12-04	293.50
2009-12-05	288.61
2009-12-06	4495.27
2009-12-07	632.28
2009-12-08	345.77
2009-12-09	340.01
2009-12-10	334.34
2009-12-11	328.77
2009-12-12	3633.56
2009-12-13	910.53
2009-12-14	618.57
2009-12-15	371.51
2009-12-16	365.30
2009-12-17	359.21
2009-12-18	5232.56
2009-12-19	1044.81
2009-12-20	456.30
2009-12-21	425.42
2009-12-22	415.18
2009-12-23	412.75
2009-12-24	410.12
2009-12-25	405.30
2009-12-26	388.56
2009-12-27	382.08
2009-12-28	375.71
2009-12-29	369.45
2009-12-30	363.29
2009-12-31	357.24
2010-01-01	351.28
2010-01-02	345.43
2010-01-03	339.67
2010-01-04	334.01
2010-01-05	328.44
2010-01-06	322.97
2010-01-07	1547.82
2010-01-08	4387.83
2010-01-09	391.97
2010-01-10	385.44
2010-01-11	421.49
2010-01-12	447.34
2010-01-13	6147.80
2010-01-14	2640.52
2010-01-15	483.01
2010-01-16	474.96
2010-01-17	954.44
2010-01-18	467.12
2010-01-19	3390.65
2010-01-20	2889.01
2010-01-21	529.14
2010-01-22	520.32
2010-01-23	511.65
2010-01-24	503.12
2010-01-25	494.74
2010-01-26	486.49
2010-01-27	478.39
2010-01-28	470.41
2010-01-29	462.57
2010-01-30	454.86
2010-01-31	447.28
2010-02-01	4587.37
2010-02-02	499.86
2010-02-03	491.04
2010-02-04	482.86
2010-02-05	474.92
2010-02-06	2700.18
2010-02-07	495.12
2010-02-08	486.87
2010-02-09	478.75
2010-02-10	470.77
2010-02-11	474.66
2010-02-12	455.40
2010-02-13	447.81
2010-02-14	442.86
2010-02-15	433.05
2010-02-16	425.83
2010-02-17	418.73
2010-02-18	654.08
2010-02-19	2539.61
2010-02-20	436.33
2010-02-21	429.06
2010-02-22	421.91
2010-02-23	414.88
2010-02-24	407.96
2010-02-25	401.16
2010-02-26	394.48
2010-02-27	439.46
2010-02-28	394.73
2010-03-01	376.10
2010-03-02	369.83
2010-03-03	745.24
2010-03-04	2385.94
2010-03-05	1668.46
2010-03-06	404.39
2010-03-07	429.06
2010-03-08	609.03
2010-03-09	393.62
2010-03-10	382.12
2010-03-11	375.75
2010-03-12	369.49
2010-03-13	363.33
2010-03-14	357.27
2010-03-15	1526.92
2010-03-16	364.41
2010-03-17	358.34
2010-03-18	352.37
2010-03-19	346.50
2010-03-20	340.78
2010-03-21	335.04
2010-03-22	329.46
2010-03-23	323.97
2010-03-24	318.57
2010-03-25	313.26
2010-03-26	308.04
2010-03-27	302.90
2010-03-28	782.92
2010-03-29	399.30
2010-03-30	297.29
2010-03-31	292.33
2010-04-01	4489.83
2010-04-02	1156.81
2010-04-03	357.57
2010-04-04	995.22
2010-04-05	356.13
2010-04-06	350.19
2010-04-07	3540.96
2010-04-08	1115.24
2010-04-09	395.33
2010-04-10	388.74
2010-04-11	382.26
2010-04-12	375.89
2010-04-13	369.63
2010-04-14	363.47
2010-04-15	357.41
2010-04-16	351.45
2010-04-17	345.60
2010-04-18	339.84
2010-04-19	3069.72
2010-04-20	392.35
2010-04-21	737.74
2010-04-22	1167.98
2010-04-23	389.83
2010-04-24	883.83
2010-04-25	12237.47
2010-04-26	2931.47
2010-04-27	583.93
2010-04-28	574.20
2010-04-29	564.63
2010-04-30	555.21
2010-05-01	545.96
2010-05-02	536.86
2010-05-03	527.91
2010-05-04	519.12
2010-05-05	510.46
2010-05-06	501.96
2010-05-07	493.59
2010-05-08	485.36
2010-05-09	477.27
2010-05-10	469.32
2010-05-11	461.50
2010-05-12	453.81
2010-05-13	446.24
2010-05-14	438.81
2010-05-15	431.49
2010-05-16	424.30
2010-05-17	417.23
2010-05-18	410.27
2010-05-19	403.44
2010-05-20	396.71
2010-05-21	390.10
2010-05-22	383.60
2010-05-23	377.21
2010-05-24	370.92
2010-05-25	364.74
2010-05-26	358.66
2010-05-27	352.68
2010-05-28	346.80
2010-05-29	341.02
2010-05-30	335.34
2010-05-31	329.75
2010-06-01	324.25
2010-06-02	318.85
2010-06-03	313.54
2010-06-04	308.31
2010-06-05	303.17
2010-06-06	298.12
2010-06-07	293.15
2010-06-08	288.26
2010-06-09	283.46
2010-06-10	278.74
2010-06-11	274.09
2010-06-12	269.52
2010-06-13	265.03
2010-06-14	260.61
2010-06-15	256.27
2010-06-16	252.00
2010-06-17	247.80
2010-06-18	243.67
2010-06-19	239.61
2010-06-20	235.61
2010-06-21	231.69
2010-06-22	227.82
2010-06-23	224.03
2010-06-24	220.29
2010-06-25	216.62
2010-06-26	213.01
2010-06-27	209.46
2010-06-28	205.97
2010-06-29	202.54
2010-06-30	199.16
2010-07-01	195.84
2010-07-02	192.58
2010-07-03	189.37
2010-07-04	186.21
2010-07-05	183.11
2010-07-06	180.06
2010-07-07	177.06
2010-07-08	174.11
2010-07-09	171.20
2010-07-10	168.35
2010-07-11	165.54
2010-07-12	162.79
2010-07-13	160.07
2010-07-14	157.40
2010-07-15	154.78
2010-07-16	152.20
2010-07-17	149.67
2010-07-18	147.17
2010-07-19	144.72
2010-07-20	142.31
2010-07-21	139.93
2010-07-22	137.60
2010-07-23	135.31
2010-07-24	133.05
2010-07-25	130.84
2010-07-26	128.66
2010-07-27	126.51
2010-07-28	124.40
2010-07-29	122.33
2010-07-30	120.29
2010-07-31	118.29
2010-08-01	116.31
2010-08-02	114.38
2010-08-03	112.47
2010-08-04	110.59
2010-08-05	108.75
2010-08-06	106.94
2010-08-07	105.16
2010-08-08	103.40
2010-08-09	101.68
2010-08-10	99.99
2010-08-11	98.32
2010-08-12	96.68
2010-08-13	95.07
2010-08-14	93.48
2010-08-15	91.93
2010-08-16	90.39
2010-08-17	88.89
2010-08-18	87.41
2010-08-19	85.95
2010-08-20	84.52
2010-08-21	83.11
2010-08-22	81.72
2010-08-23	80.36
2010-08-24	79.02
2010-08-25	77.71
2010-08-26	76.41
2010-08-27	75.14
2010-08-28	73.88
2010-08-29	72.65
2010-08-30	71.44
2010-08-31	70.25
2010-09-01	69.08
2010-09-02	67.93
2010-09-03	66.80
2010-09-04	65.68
2010-09-05	64.59
2010-09-06	63.51
2010-09-07	62.45
2010-09-08	61.41
2010-09-09	60.39
2010-09-10	59.38
2010-09-11	58.39
2010-09-12	57.42
2010-09-13	56.46
2010-09-14	55.52
2010-09-15	54.60
2010-09-16	53.69
2010-09-17	52.79
2010-09-18	51.91
2010-09-19	51.05
2010-09-20	50.20
2010-09-21	49.36
2010-09-22	48.54
2010-09-23	47.73
2010-09-24	46.93
2010-09-25	46.15
2010-09-26	45.38
2010-09-27	44.62
2010-09-28	43.88
2010-09-29	43.15
2010-09-30	42.43
2010-10-01	41.72
2010-10-02	41.03
2010-10-03	41.91
2010-10-04	39.70
2010-10-05	39.04
2010-10-06	38.38
2010-10-07	39.25
2010-10-08	37.14
2010-10-09	36.52
2010-10-10	35.91
2010-10-11	35.31
2010-10-12	34.73
2010-10-13	34.15
2010-10-14	33.58
2010-10-15	33.02
2010-10-16	32.47
2010-10-17	31.93
2010-10-18	31.39
2010-10-19	30.87
2010-10-20	30.36
2010-10-21	29.85
2010-10-22	29.35
2010-10-23	28.86
2010-10-24	28.38
2010-10-25	27.91
2010-10-26	27.44
2010-10-27	26.99
2010-10-28	26.54
2010-10-29	26.10
2010-10-30	25.66
2010-10-31	25.23
2010-11-01	24.81
2010-11-02	24.40
2010-11-03	23.99
2010-11-04	23.59
2010-11-05	23.20
2010-11-06	22.81
2010-11-07	22.43
2010-11-08	22.06
2010-11-09	21.69
2010-11-10	21.33
2010-11-11	20.97
2010-11-12	20.62
2010-11-13	20.28
2010-11-14	19.94
2010-11-15	19.61
2010-11-16	19.28
2010-11-17	18.96
2010-11-18	18.65
2010-11-19	18.33
2010-11-20	18.03
2010-11-21	17.73
2010-11-22	17.43
2010-11-23	17.14
2010-11-24	16.86
2010-11-25	16.58
2010-11-26	16.30
2010-11-27	16.03
2010-11-28	15.76
2010-11-29	15.50
2010-11-30	109.60
2010-12-01	123.86
2010-12-02	17.96
2010-12-03	17.66
2010-12-04	17.37
2010-12-05	17.08
2010-12-06	16.79
2010-12-07	16.51
2010-12-08	16.24
2010-12-09	15.97
2010-12-10	15.70
2010-12-11	15.44
2010-12-12	15.18
2010-12-13	14.93
2010-12-14	14.68
2010-12-15	14.44
2010-12-16	14.20
2010-12-17	108.37
2010-12-18	15.25
2010-12-19	14.99
2010-12-20	14.74
2010-12-21	14.61
2010-12-22	582.76
2010-12-23	294.10
2010-12-24	604.47
2010-12-25	1041.41
2010-12-26	107.82
2010-12-27	51.67
2010-12-28	50.81
2010-12-29	49.96
2010-12-30	49.13
2010-12-31	168.73
2011-01-01	1776.73
2011-01-02	122.65
2011-01-03	75.94
2011-01-04	74.67
2011-01-05	73.43
2011-01-06	72.20
2011-01-07	71.00
2011-01-08	69.82
2011-01-09	68.65
2011-01-10	382.52
2011-01-11	115.91
2011-01-12	70.99
2011-01-13	2914.86
2011-01-14	6443.00
2011-01-15	328.02
2011-01-16	212.86
2011-01-17	209.32
2011-01-18	1228.49
2011-01-19	1756.44
2011-01-20	2786.65
2011-01-21	8172.57
2011-01-22	1507.91
2011-01-23	410.93
2011-01-24	404.08
2011-01-25	397.35
2011-01-26	390.73
2011-01-27	384.22
2011-01-28	377.81
2011-01-29	371.52
2011-01-30	365.69
2011-01-31	933.03
2011-02-01	435.56
2011-02-02	357.64
2011-02-03	351.68
2011-02-04	345.82
2011-02-05	943.87
2011-02-06	2464.02
2011-02-07	372.56
2011-02-08	366.35
2011-02-09	360.24
2011-02-10	354.24
2011-02-11	348.33
2011-02-12	342.53
2011-02-13	336.82
2011-02-14	4842.63
2011-02-15	398.55
2011-02-16	391.77
2011-02-17	385.24
2011-02-18	379.33
2011-02-19	374.93
2011-02-20	370.40
2011-02-21	1991.09
2011-02-22	381.53
2011-02-23	374.26
2011-02-24	1171.10
2011-02-25	4023.21
2011-02-26	525.04
2011-02-27	987.79
2011-02-28	423.94
2011-03-01	416.88
2011-03-02	409.93
2011-03-03	404.78
2011-03-04	396.41
2011-03-05	554.13
2011-03-06	936.66
2011-03-07	439.60
2011-03-08	385.51
2011-03-09	457.40
2011-03-10	371.45
2011-03-11	365.26
2011-03-12	359.17
2011-03-13	353.18
2011-03-14	435.52
2011-03-15	2161.92
2011-03-16	366.54
2011-03-17	2458.97
2011-03-18	2226.65
2011-03-19	411.42
2011-03-20	404.56
2011-03-21	397.82
2011-03-22	1394.50
2011-03-23	6236.09
2011-03-24	488.22
2011-03-25	480.09
2011-03-26	472.09
2011-03-27	464.22
2011-03-28	456.48
2011-03-29	448.87
2011-03-30	441.39
2011-03-31	434.03
2011-04-01	426.80
2011-04-02	419.69
2011-04-03	412.69
2011-04-04	405.81
2011-04-05	399.05
2011-04-06	1447.03
2011-04-07	402.86
2011-04-08	396.15
2011-04-09	389.54
2011-04-10	838.11
2011-04-11	384.00
2011-04-12	377.60
2011-04-13	371.31
2011-04-14	365.12
2011-04-15	1563.32
2011-04-16	372.47
2011-04-17	366.26
2011-04-18	360.15
2011-04-19	354.15
2011-04-20	348.25
2011-04-21	342.44
2011-04-22	336.74
2011-04-23	331.12
2011-04-24	325.61
2011-04-25	320.18
2011-04-26	688.20
2011-04-27	315.61
2011-04-28	310.35
2011-04-29	305.18
2011-04-30	300.09
2011-05-01	295.09
2011-05-02	290.17
2011-05-03	285.34
2011-05-04	280.58
2011-05-05	275.91
2011-05-06	271.31
2011-05-07	266.79
2011-05-08	262.34
2011-05-09	257.97
2011-05-10	253.67
2011-05-11	249.44
2011-05-12	245.28
2011-05-13	241.19
2011-05-14	237.17
2011-05-15	233.22
2011-05-16	229.33
2011-05-17	225.51
2011-05-18	221.75
2011-05-19	218.06
2011-05-20	214.42
2011-05-21	210.85
2011-05-22	207.34
2011-05-23	203.88
2011-05-24	200.48
2011-05-25	197.14
2011-05-26	193.86
2011-05-27	190.62
2011-05-28	187.45
2011-05-29	184.32
2011-05-30	181.25
2011-05-31	178.23
2011-06-01	175.26
2011-06-02	172.34
2011-06-03	169.81
2011-06-04	166.65
2011-06-05	163.87
2011-06-06	161.14
2011-06-07	158.45
2011-06-08	155.81
2011-06-09	153.22
2011-06-10	155.67
2011-06-11	148.23
2011-06-12	145.76
2011-06-13	143.33
2011-06-14	140.94
2011-06-15	138.59
2011-06-16	136.28
2011-06-17	134.01
2011-06-18	131.78
2011-06-19	129.58
2011-06-20	127.42
2011-06-21	125.30
2011-06-22	123.21
2011-06-23	121.16
2011-06-24	119.14
2011-06-25	117.15
2011-06-26	115.20
2011-06-27	113.28
2011-06-28	111.39
2011-06-29	109.54
2011-06-30	107.71
2011-07-01	105.91
2011-07-02	104.15
2011-07-03	102.41
2011-07-04	100.71
2011-07-05	99.03
2011-07-06	97.38
2011-07-07	95.75
2011-07-08	94.16
2011-07-09	92.59
2011-07-10	91.05
2011-07-11	89.53
2011-07-12	88.04
2011-07-13	86.57
2011-07-14	85.13
2011-07-15	83.71
2011-07-16	82.31
2011-07-17	80.94
2011-07-18	79.59
2011-07-19	78.27
2011-07-20	76.96
2011-07-21	75.68
2011-07-22	74.42
2011-07-23	73.18
2011-07-24	71.96
2011-07-25	70.76
2011-07-26	69.58
2011-07-27	68.42
2011-07-28	67.28
2011-07-29	66.16
2011-07-30	65.05
2011-07-31	63.97
2011-08-01	62.90
2011-08-02	61.86
2011-08-03	60.82
2011-08-04	59.81
2011-08-05	59.93
2011-08-06	89.88
2011-08-07	79.99
2011-08-08	72.86
2011-08-09	56.12
2011-08-10	55.19
2011-08-11	54.27
2011-08-12	53.36
2011-08-13	108.93
2011-08-14	92.57
2011-08-15	52.28
2011-08-16	51.41
2011-08-17	50.55
2011-08-18	50.50
2011-08-19	48.89
2011-08-20	48.08
2011-08-21	47.28
2011-08-22	46.49
2011-08-23	45.71
2011-08-24	44.95
2011-08-25	48.35
2011-08-26	43.53
2011-08-27	42.81
2011-08-28	42.09
2011-08-29	41.39
2011-08-30	40.70
2011-08-31	40.03
2011-09-01	39.36
2011-09-02	38.70
2011-09-03	38.06
2011-09-04	37.42
2011-09-05	36.80
2011-09-06	36.19
2011-09-07	35.58
2011-09-08	34.99
2011-09-09	34.50
2011-09-10	77.71
2011-09-11	213.30
2011-09-12	108.71
2011-09-13	152.19
2011-09-14	71.51
2011-09-15	38.01
2011-09-16	37.38
2011-09-17	36.76
2011-09-18	36.46
2011-09-19	35.55
2011-09-20	41.04
2011-09-21	34.47
2011-09-22	86.37
2011-09-23	75.84
2011-09-24	34.28
2011-09-25	33.71
2011-09-26	33.28
2011-09-27	32.59
2011-09-28	32.05
2011-09-29	31.52
2011-09-30	30.99
2011-10-01	30.48
2011-10-02	29.97
2011-10-03	33.23
2011-10-04	38.98
2011-10-05	49.95
2011-10-06	147.32
2011-10-07	30.02
2011-10-08	29.51
2011-10-09	29.02
2011-10-10	28.54
2011-10-11	28.06
2011-10-12	27.60
2011-10-13	27.14
2011-10-14	1212.59
2011-10-15	1742.63
2011-10-16	71.96
2011-10-17	70.76
2011-10-18	69.58
2011-10-19	68.42
2011-10-20	67.28
2011-10-21	66.16
2011-10-22	65.06
2011-10-23	63.97
2011-10-24	62.91
2011-10-25	61.86
2011-10-26	60.83
2011-10-27	59.81
2011-10-28	58.82
2011-10-29	57.84
2011-10-30	56.87
2011-10-31	55.92
2011-11-01	54.99
2011-11-02	54.08
2011-11-03	53.17
2011-11-04	52.29
2011-11-05	51.42
2011-11-06	50.56
2011-11-07	49.72
2011-11-08	48.89
2011-11-09	48.07
2011-11-10	47.27
2011-11-11	46.49
2011-11-12	50.72
2011-11-13	48.85
2011-11-14	44.34
2011-11-15	43.60
2011-11-16	44.07
2011-11-17	1299.49
2011-11-18	453.38
2011-11-19	106.56
2011-11-20	85.99
2011-11-21	133.19
2011-11-22	65.96
2011-11-23	76.99
2011-11-24	63.77
2011-11-25	62.71
2011-11-26	61.67
2011-11-27	60.64
2011-11-28	59.63
2011-11-29	58.63
2011-11-30	57.66
2011-12-01	56.69
2011-12-02	55.75
2011-12-03	58.97
2011-12-04	59.19
2011-12-05	386.76
2011-12-06	1139.78
2011-12-07	2617.04
2011-12-08	3959.55
2011-12-09	222.67
2011-12-10	171.87
2011-12-11	169.01
2011-12-12	166.19
2011-12-13	163.95
2011-12-14	1640.74
2011-12-15	181.88
2011-12-16	187.94
2011-12-17	538.41
2011-12-18	178.93
2011-12-19	1258.57
2011-12-20	190.46
2011-12-21	187.29
2011-12-22	184.17
2011-12-23	181.10
2011-12-24	178.08
2011-12-25	175.11
2011-12-26	172.19
2011-12-27	169.77
2011-12-28	166.51
2011-12-29	163.73
2011-12-30	161.00
2011-12-31	158.32
2012-01-01	155.68
2012-01-02	153.09
2012-01-03	1749.99
2012-01-04	215.57
2012-01-05	171.59
2012-01-06	2980.37
2012-01-07	211.24
2012-01-08	207.72
2012-01-09	204.26
2012-01-10	201.36
2012-01-11	2975.24
2012-01-12	5243.20
2012-01-13	322.62
2012-01-14	310.54
2012-01-15	377.48
2012-01-16	334.56
2012-01-17	296.94
2012-01-18	291.99
2012-01-19	287.13
2012-01-20	282.34
2012-01-21	286.86
2012-01-22	273.16
2012-01-23	268.61
2012-01-24	264.13
2012-01-25	259.73
2012-01-26	255.40
2012-01-27	251.14
2012-01-28	246.96
2012-01-29	242.84
2012-01-30	238.79
2012-01-31	234.81
2012-02-01	320.28
2012-02-02	250.36
2012-02-03	225.04
2012-02-04	221.28
2012-02-05	217.60
2012-02-06	213.97
2012-02-07	274.91
2012-02-08	305.00
2012-02-09	206.04
2012-02-10	202.60
2012-02-11	199.23
2012-02-12	195.91
2012-02-13	192.64
2012-02-14	189.43
2012-02-15	1756.92
2012-02-16	208.49
2012-02-17	205.01
2012-02-18	208.10
2012-02-19	198.34
2012-02-20	5498.54
2012-02-21	617.47
2012-02-22	3657.96
2012-02-23	327.99
2012-02-24	415.41
2012-02-25	2031.40
2012-02-26	3814.08
2012-02-27	3389.80
2012-02-28	957.12
2012-02-29	552.08
2012-03-01	506.59
2012-03-02	423.06
2012-03-03	416.01
2012-03-04	409.07
2012-03-05	1237.39
2012-03-06	409.01
2012-03-07	402.20
2012-03-08	395.49
2012-03-09	2035.55
2012-03-10	408.96
2012-03-11	402.15
2012-03-12	395.45
2012-03-13	718.25
2012-03-14	1605.19
2012-03-15	400.85
2012-03-16	394.17
2012-03-17	387.60
2012-03-18	381.14
2012-03-19	395.68
2012-03-20	368.88
2012-03-21	362.73
2012-03-22	356.68
2012-03-23	350.74
2012-03-24	344.89
2012-03-25	339.15
2012-03-26	333.49
2012-03-27	366.15
2012-03-28	1459.01
2012-03-29	417.38
2012-03-30	334.12
2012-03-31	327.52
2012-04-01	320.82
2012-04-02	315.47
2012-04-03	310.21
2012-04-04	305.04
2012-04-05	299.96
2012-04-06	294.96
2012-04-07	290.04
2012-04-08	285.21
2012-04-09	280.45
2012-04-10	275.78
2012-04-11	271.18
2012-04-12	381.57
2012-04-13	264.07
2012-04-14	259.67
2012-04-15	255.34
2012-04-16	251.09
2012-04-17	246.90
2012-04-18	513.58
2012-04-19	243.11
2012-04-20	239.05
2012-04-21	235.07
2012-04-22	231.15
2012-04-23	227.30
2012-04-24	223.51
2012-04-25	219.79
2012-04-26	216.12
2012-04-27	212.74
2012-04-28	208.98
2012-04-29	205.50
2012-04-30	202.07
2012-05-01	198.71
2012-05-02	195.40
2012-05-03	192.14
2012-05-04	188.94
2012-05-05	185.79
2012-05-06	182.69
2012-05-07	179.65
2012-05-08	176.65
2012-05-09	173.71
2012-05-10	184.69
2012-05-11	2727.10
2012-05-12	6104.56
2012-05-13	4266.27
2012-05-14	516.98
2012-05-15	3619.27
2012-05-16	2709.34
2012-05-17	431.16
2012-05-18	423.98
2012-05-19	416.91
2012-05-20	409.96
2012-05-21	403.13
2012-05-22	396.41
2012-05-23	389.80
2012-05-24	383.31
2012-05-25	376.92
2012-05-26	370.64
2012-05-27	364.46
2012-05-28	358.39
2012-05-29	352.41
2012-05-30	346.54
2012-05-31	340.76
2012-06-01	335.32
2012-06-02	329.50
2012-06-03	325.40
2012-06-04	318.63
2012-06-05	313.32
2012-06-06	322.06
2012-06-07	699.84
2012-06-08	304.53
2012-06-09	300.69
2012-06-10	294.48
2012-06-11	289.58
2012-06-12	284.75
2012-06-13	283.81
2012-06-14	561.48
2012-06-15	276.90
2012-06-16	319.71
2012-06-17	273.60
2012-06-18	262.78
2012-06-19	395.94
2012-06-20	319.79
2012-06-21	253.17
2012-06-22	248.85
2012-06-23	244.71
2012-06-24	253.64
2012-06-25	236.82
2012-06-26	232.87
2012-06-27	230.20
2012-06-28	279.31
2012-06-29	267.67
2012-06-30	418.90
2012-07-01	538.32
2012-07-02	516.06
2012-07-03	386.94
2012-07-04	400.73
2012-07-05	486.64
2012-07-06	220.34
2012-07-07	216.67
2012-07-08	213.06
2012-07-09	209.51
2012-07-10	206.02
2012-07-11	202.58
2012-07-12	199.21
2012-07-13	195.89
2012-07-14	195.92
2012-07-15	189.46
2012-07-16	186.31
2012-07-17	183.20
2012-07-18	180.15
2012-07-19	177.15
2012-07-20	174.19
2012-07-21	171.29
2012-07-22	168.44
2012-07-23	165.63
2012-07-24	162.87
2012-07-25	160.15
2012-07-26	157.48
2012-07-27	154.86
2012-07-28	152.28
2012-07-29	149.74
2012-07-30	147.24
2012-07-31	144.79
2012-08-01	142.38
2012-08-02	140.00
2012-08-03	138.44
2012-08-04	135.39
2012-08-05	133.13
2012-08-06	130.91
2012-08-07	128.73
2012-08-08	126.59
2012-08-09	124.48
2012-08-10	122.40
2012-08-11	120.36
2012-08-12	133.53
2012-08-13	116.63
2012-08-14	129.64
2012-08-15	113.01
2012-08-16	111.13
2012-08-17	109.28
2012-08-18	107.46
2012-08-19	105.67
2012-08-20	103.90
2012-08-21	102.17
2012-08-22	100.47
2012-08-23	98.80
2012-08-24	97.15
2012-08-25	95.53
2012-08-26	93.94
2012-08-27	92.37
2012-08-28	90.83
2012-08-29	89.32
2012-08-30	87.83
2012-08-31	86.37
2012-09-01	84.93
2012-09-02	83.51
2012-09-03	82.12
2012-09-04	80.75
2012-09-05	79.40
2012-09-06	78.08
2012-09-07	76.78
2012-09-08	75.50
2012-09-09	74.24
2012-09-10	73.00
2012-09-11	71.79
2012-09-12	70.59
2012-09-13	69.41
2012-09-14	68.26
2012-09-15	67.12
2012-09-16	66.00
2012-09-17	64.90
2012-09-18	63.82
2012-09-19	86.10
2012-09-20	70.25
2012-09-21	61.18
2012-09-22	60.16
2012-09-23	64.05
2012-09-24	58.33
2012-09-25	57.28
2012-09-26	61.38
2012-09-27	212.26
2012-09-28	931.93
2012-09-29	531.88
2012-09-30	176.61
2012-10-01	76.84
2012-10-02	75.56
2012-10-03	74.30
2012-10-04	73.06
2012-10-05	71.84
2012-10-06	70.64
2012-10-07	69.47
2012-10-08	68.31
2012-10-09	67.17
2012-10-10	66.05
2012-10-11	64.95
2012-10-12	63.87
2012-10-13	62.80
2012-10-14	61.76
2012-10-15	60.73
2012-10-16	59.71
2012-10-17	68.85
2012-10-18	57.90
2012-10-19	56.94
2012-10-20	55.99
2012-10-21	55.06
2012-10-22	54.14
2012-10-23	424.73
2012-10-24	177.73
2012-10-25	59.29
2012-10-26	95.73
2012-10-27	287.23
2012-10-28	60.66
2012-10-29	59.65
2012-10-30	71.96
2012-10-31	280.52
2012-11-01	60.52
2012-11-02	59.51
2012-11-03	58.52
2012-11-04	57.54
2012-11-05	56.59
2012-11-06	55.64
2012-11-07	54.71
2012-11-08	53.80
2012-11-09	52.91
2012-11-10	52.02
2012-11-11	51.16
2012-11-12	50.30
2012-11-13	49.47
2012-11-14	48.64
2012-11-15	666.62
2012-11-16	445.48
2012-11-17	62.61
2012-11-18	61.29
2012-11-19	60.27
2012-11-20	59.26
2012-11-21	58.27
2012-11-22	57.30
2012-11-23	460.30
2012-11-24	278.89
2012-11-25	64.39
2012-11-26	63.31
2012-11-27	62.26
2012-11-28	61.22
2012-11-29	336.86
2012-11-30	63.66
2012-12-01	63.92
2012-12-02	179.41
2012-12-03	62.45
2012-12-04	61.41
2012-12-05	69.44
2012-12-06	59.52
2012-12-07	342.58
2012-12-08	1531.21
2012-12-09	84.99
2012-12-10	2031.53
2012-12-11	4496.97
2012-12-12	200.87
2012-12-13	1085.64
2012-12-14	215.19
2012-12-15	188.25
2012-12-16	185.11
2012-12-17	1496.01
2012-12-18	3223.53
2012-12-19	245.57
2012-12-20	241.48
2012-12-21	4773.48
2012-12-22	306.62
2012-12-23	301.51
2012-12-24	296.49
2012-12-25	291.54
2012-12-26	286.69
2012-12-27	301.56
2012-12-28	431.35
2012-12-29	294.80
2012-12-30	368.98
2012-12-31	583.78
2013-01-01	268.78
2013-01-02	1484.86
2013-01-03	279.57
2013-01-04	274.91
2013-01-05	270.33
2013-01-06	1251.56
2013-01-07	1369.84
2013-01-08	290.28
2013-01-09	285.44
2013-01-10	280.68
2013-01-11	2710.32
2013-01-12	2448.80
2013-01-13	339.93
2013-01-14	334.27
2013-01-15	328.70
2013-01-16	3914.36
2013-01-17	3571.60
2013-01-18	483.62
2013-01-19	1464.75
2013-01-20	1654.50
2013-01-21	437.72
2013-01-22	430.42
2013-01-23	423.25
2013-01-24	417.01
2013-01-25	410.68
2013-01-26	404.63
2013-01-27	396.09
2013-01-28	389.21
2013-01-29	382.72
2013-01-30	376.34
2013-01-31	370.07
2013-02-01	363.90
2013-02-02	357.84
2013-02-03	549.67
2013-02-04	354.63
2013-02-05	343.46
2013-02-06	337.74
2013-02-07	332.11
2013-02-08	326.57
2013-02-09	321.13
2013-02-10	315.78
2013-02-11	310.52
2013-02-12	305.34
2013-02-13	300.25
2013-02-14	330.57
2013-02-15	894.98
2013-02-16	7951.20
2013-02-17	4559.98
2013-02-18	474.19
2013-02-19	466.29
2013-02-20	458.51
2013-02-21	571.06
2013-02-22	459.67
2013-02-23	438.11
2013-02-24	430.80
2013-02-25	423.62
2013-02-26	416.56
2013-02-27	409.62
2013-02-28	406.16
2013-03-01	396.13
2013-03-02	389.53
2013-03-03	383.04
2013-03-04	538.65
2013-03-05	474.94
2013-03-06	373.26
2013-03-07	392.47
2013-03-08	356.80
2013-03-09	350.85
2013-03-10	345.01
2013-03-11	340.49
2013-03-12	400.06
2013-03-13	329.13
2013-03-14	323.65
2013-03-15	318.25
2013-03-16	312.95
2013-03-17	307.73
2013-03-18	302.60
2013-03-19	334.19
2013-03-20	293.19
2013-03-21	288.31
2013-03-22	283.50
2013-03-23	424.11
2013-03-24	276.47
2013-03-25	271.86
2013-03-26	267.33
2013-03-27	262.88
2013-03-28	258.50
2013-03-29	254.19
2013-03-30	249.95
2013-03-31	245.79
2013-04-01	241.69
2013-04-02	237.66
2013-04-03	233.70
2013-04-04	229.80
2013-04-05	225.97
2013-04-06	222.21
2013-04-07	218.51
2013-04-08	438.15
2013-04-09	214.88
2013-04-10	211.30
2013-04-11	210.34
2013-04-12	204.36
2013-04-13	200.95
2013-04-14	197.60
2013-04-15	194.31
2013-04-16	191.07
2013-04-17	187.89
2013-04-18	184.75
2013-04-19	181.67
2013-04-20	178.65
2013-04-21	175.67
2013-04-22	172.74
2013-04-23	169.86
2013-04-24	167.03
2013-04-25	164.25
2013-04-26	161.51
2013-04-27	158.82
2013-04-28	156.17
2013-04-29	155.42
2013-04-30	151.04
2013-05-01	148.52
2013-05-02	146.05
2013-05-03	143.61
2013-05-04	141.22
2013-05-05	138.87
2013-05-06	622.62
2013-05-07	148.85
2013-05-08	629.10
2013-05-09	145.41
2013-05-10	142.98
2013-05-11	176.51
2013-05-12	139.35
2013-05-13	248.71
2013-05-14	136.06
2013-05-15	133.79
2013-05-16	131.56
2013-05-17	129.37
2013-05-18	127.22
2013-05-19	125.10
2013-05-20	123.01
2013-05-21	120.96
2013-05-22	118.94
2013-05-23	116.96
2013-05-24	115.01
2013-05-25	113.10
2013-05-26	111.21
2013-05-27	109.36
2013-05-28	107.53
2013-05-29	105.74
2013-05-30	103.98
2013-05-31	102.25
2013-06-01	100.54
2013-06-02	98.87
2013-06-03	97.22
2013-06-04	95.60
2013-06-05	94.01
2013-06-06	92.44
2013-06-07	90.90
2013-06-08	89.38
2013-06-09	87.89
2013-06-10	86.43
2013-06-11	84.99
2013-06-12	83.57
2013-06-13	82.18
2013-06-14	80.81
2013-06-15	79.46
2013-06-16	78.14
2013-06-17	76.84
2013-06-18	75.56
2013-06-19	74.30
2013-06-20	73.06
2013-06-21	71.84
2013-06-22	70.64
2013-06-23	69.47
2013-06-24	68.31
2013-06-25	67.17
2013-06-26	66.05
2013-06-27	64.95
2013-06-28	63.87
2013-06-29	62.80
2013-06-30	61.76
2013-07-01	60.73
2013-07-02	59.71
2013-07-03	58.72
2013-07-04	57.74
2013-07-05	56.78
2013-07-06	55.83
2013-07-07	54.90
2013-07-08	53.99
2013-07-09	53.09
2013-07-10	52.20
2013-07-11	51.33
2013-07-12	50.48
2013-07-13	49.63
2013-07-14	48.81
2013-07-15	47.99
2013-07-16	47.19
2013-07-17	46.41
2013-07-18	45.63
2013-07-19	44.87
2013-07-20	44.13
2013-07-21	43.39
2013-07-22	42.67
2013-07-23	41.96
2013-07-24	41.26
2013-07-25	40.57
2013-07-26	39.89
2013-07-27	39.23
2013-07-28	38.57
2013-07-29	37.93
2013-07-30	37.30
2013-07-31	36.68
2013-08-01	36.07
2013-08-02	35.46
2013-08-03	34.87
2013-08-04	34.29
2013-08-05	33.72
2013-08-06	33.16
2013-08-07	32.61
2013-08-08	32.06
2013-08-09	31.53
2013-08-10	31.00
2013-08-11	30.49
2013-08-12	29.98
2013-08-13	29.48
2013-08-14	28.99
2013-08-15	28.50
2013-08-16	28.03
2013-08-17	27.56
2013-08-18	27.10
2013-08-19	26.65
2013-08-20	26.21
2013-08-21	25.77
2013-08-22	25.34
2013-08-23	24.92
2013-08-24	24.50
2013-08-25	24.09
2013-08-26	23.69
2013-08-27	23.30
2013-08-28	22.91
2013-08-29	22.53
2013-08-30	22.15
2013-08-31	21.78
2013-09-01	21.42
2013-09-02	21.06
2013-09-03	20.71
2013-09-04	20.37
2013-09-05	20.03
2013-09-06	19.69
2013-09-07	19.37
2013-09-08	19.04
2013-09-09	18.73
2013-09-10	18.41
2013-09-11	18.11
2013-09-12	17.80
2013-09-13	17.51
2013-09-14	17.22
2013-09-15	16.93
2013-09-16	16.65
2013-09-17	16.37
2013-09-18	16.10
2013-09-19	15.83
2013-09-20	15.56
2013-09-21	15.31
2013-09-22	15.05
2013-09-23	14.80
2013-09-24	14.55
2013-09-25	14.31
2013-09-26	14.07
2013-09-27	13.84
2013-09-28	13.61
2013-09-29	13.38
2013-09-30	13.16
2013-10-01	12.94
2013-10-02	12.72
2013-10-03	12.51
2013-10-04	12.30
2013-10-05	12.10
2013-10-06	11.89
2013-10-07	11.70
2013-10-08	11.50
2013-10-09	11.31
2013-10-10	11.12
2013-10-11	10.94
2013-10-12	10.75
2013-10-13	10.57
2013-10-14	10.40
2013-10-15	10.22
2013-10-16	10.05
2013-10-17	9.89
2013-10-18	9.72
2013-10-19	9.56
2013-10-20	9.40
2013-10-21	9.24
2013-10-22	9.09
2013-10-23	8.94
2013-10-24	8.79
2013-10-25	8.64
2013-10-26	8.50
2013-10-27	8.36
2013-10-28	8.22
2013-10-29	8.08
2013-10-30	7.95
2013-10-31	7.81
2013-11-01	7.68
2013-11-02	7.56
2013-11-03	7.43
2013-11-04	7.31
2013-11-05	7.18
2013-11-06	7.06
2013-11-07	6.95
2013-11-08	6.83
2013-11-09	6.72
2013-11-10	6.61
2013-11-11	6.49
2013-11-12	6.39
2013-11-13	6.28
2013-11-14	6.18
2013-11-15	6.07
2013-11-16	5.97
2013-11-17	5.87
2013-11-18	5.77
2013-11-19	5.68
2013-11-20	5.58
2013-11-21	5.49
2013-11-22	5.40
2013-11-23	5.31
2013-11-24	5.22
2013-11-25	5.13
2013-11-26	5.05
2013-11-27	4.96
2013-11-28	4.88
2013-11-29	4.80
2013-11-30	4.72
2013-12-01	4.64
2013-12-02	4.56
2013-12-03	4.49
2013-12-04	4.41
2013-12-05	4.34
2013-12-06	4.27
2013-12-07	4.20
2013-12-08	4.13
2013-12-09	4.06
2013-12-10	3.99
2013-12-11	3.92
2013-12-12	3.86
2013-12-13	3.79
2013-12-14	3.73
2013-12-15	3.67
2013-12-16	3.61
2013-12-17	3.55
2013-12-18	3.49
2013-12-19	3.43
2013-12-20	3.37
2013-12-21	3.32
2013-12-22	228.27
2013-12-23	620.07
2013-12-24	16.61
2013-12-25	16.33
2013-12-26	139.05
2013-12-27	389.95
2013-12-28	333.32
2013-12-29	310.29
2013-12-30	205.07
2013-12-31	110.17
2014-01-01	35.06
2014-01-02	34.47
2014-01-03	90.38
2014-01-04	34.25
2014-01-05	33.67
2014-01-06	33.11
2014-01-07	32.56
2014-01-08	53.87
2014-01-09	161.64
2014-01-10	33.40
2014-01-11	230.73
2014-01-12	3321.23
2014-01-13	87.86
2014-01-14	86.40
2014-01-15	84.96
2014-01-16	83.54
2014-01-17	82.15
2014-01-18	1477.62
2014-01-19	112.12
2014-01-20	100.41
2014-01-21	98.74
2014-01-22	97.10
2014-01-23	95.48
2014-01-24	94.47
2014-01-25	96.30
2014-01-26	147.97
2014-01-27	257.37
2014-01-28	2170.99
2014-01-29	1041.13
2014-01-30	373.10
2014-01-31	137.74
2014-02-01	135.65
2014-02-02	155.42
2014-02-03	160.60
2014-02-04	129.81
2014-02-05	127.45
2014-02-06	125.33
2014-02-07	123.24
2014-02-08	121.18
2014-02-09	119.16
2014-02-10	117.18
2014-02-11	115.23
2014-02-12	113.30
2014-02-13	126.97
2014-02-14	374.06
2014-02-15	991.32
2014-02-16	5589.94
2014-02-17	1685.78
2014-02-18	1024.52
2014-02-19	1615.56
2014-02-20	257.97
2014-02-21	258.33
2014-02-22	249.52
2014-02-23	247.77
2014-02-24	297.21
2014-02-25	262.27
2014-02-26	353.21
2014-02-27	565.92
2014-02-28	448.74
2014-03-01	233.66
2014-03-02	229.77
2014-03-03	1890.06
2014-03-04	958.31
2014-03-05	256.28
2014-03-06	252.01
2014-03-07	247.81
2014-03-08	243.68
2014-03-09	239.62
2014-03-10	235.63
2014-03-11	231.70
2014-03-12	227.84
2014-03-13	225.33
2014-03-14	1092.38
2014-03-15	453.67
2014-03-16	230.46
2014-03-17	226.62
2014-03-18	404.68
2014-03-19	222.06
2014-03-20	218.36
2014-03-21	214.72
2014-03-22	211.14
2014-03-23	207.62
2014-03-24	204.16
2014-03-25	200.76
2014-03-26	197.41
2014-03-27	194.12
2014-03-28	190.89
2014-03-29	540.09
2014-03-30	1120.02
2014-03-31	466.04
2014-04-01	202.96
2014-04-02	199.58
2014-04-03	196.25
2014-04-04	192.98
2014-04-05	189.77
2014-04-06	186.60
2014-04-07	183.49
2014-04-08	180.43
2014-04-09	2721.25
2014-04-10	5084.81
2014-04-11	290.38
2014-04-12	1057.56
2014-04-13	293.23
2014-04-14	288.34
2014-04-15	283.53
2014-04-16	3658.96
2014-04-17	328.65
2014-04-18	323.17
2014-04-19	317.79
2014-04-20	312.49
2014-04-21	731.38
2014-04-22	309.00
2014-04-23	303.85
2014-04-24	298.78
2014-04-25	339.75
2014-04-26	289.65
2014-04-27	284.82
2014-04-28	280.07
2014-04-29	275.41
2014-04-30	270.82
2014-05-01	266.30
2014-05-02	261.86
2014-05-03	257.50
2014-05-04	253.21
2014-05-05	248.99
2014-05-06	286.75
2014-05-07	286.45
2014-05-08	284.92
2014-05-09	469.78
2014-05-10	525.98
2014-05-11	265.89
2014-05-12	233.48
2014-05-13	228.29
2014-05-14	225.42
2014-05-15	220.76
2014-05-16	217.08
2014-05-17	213.46
2014-05-18	209.90
2014-05-19	206.40
2014-05-20	202.96
2014-05-21	199.58
2014-05-22	200.13
2014-05-23	193.04
2014-05-24	189.83
2014-05-25	186.66
2014-05-26	183.55
2014-05-27	180.49
2014-05-28	177.49
2014-05-29	174.53
2014-05-30	171.62
2014-05-31	168.76
2014-06-01	165.95
2014-06-02	163.18
2014-06-03	160.46
2014-06-04	157.79
2014-06-05	155.16
2014-06-06	152.57
2014-06-07	150.03
2014-06-08	147.53
2014-06-09	145.07
2014-06-10	153.13
2014-06-11	140.44
2014-06-12	138.10
2014-06-13	135.80
2014-06-14	133.54
2014-06-15	131.31
2014-06-16	129.12
2014-06-17	126.97
2014-06-18	125.75
2014-06-19	122.79
2014-06-20	120.74
2014-06-21	118.73
2014-06-22	149.19
2014-06-23	384.05
2014-06-24	204.38
2014-06-25	117.17
2014-06-26	182.37
2014-06-27	116.09
2014-06-28	112.50
2014-06-29	110.63
2014-06-30	115.34
2014-07-01	190.20
2014-07-02	297.85
2014-07-03	494.40
2014-07-04	333.06
2014-07-05	227.73
2014-07-06	113.98
2014-07-07	112.08
2014-07-08	110.22
2014-07-09	108.38
2014-07-10	106.57
2014-07-11	104.80
2014-07-12	103.05
2014-07-13	101.33
2014-07-14	99.64
2014-07-15	97.98
2014-07-16	96.35
2014-07-17	94.74
2014-07-18	93.16
2014-07-19	91.61
2014-07-20	90.08
2014-07-21	88.58
2014-07-22	87.11
2014-07-23	85.66
2014-07-24	84.23
2014-07-25	82.82
2014-07-26	81.44
2014-07-27	80.09
2014-07-28	78.75
2014-07-29	77.44
2014-07-30	76.15
2014-07-31	74.88
2014-08-01	73.63
2014-08-02	72.40
2014-08-03	71.20
2014-08-04	70.01
2014-08-05	68.84
2014-08-06	67.70
2014-08-07	66.57
2014-08-08	65.46
2014-08-09	64.37
2014-08-10	63.29
2014-08-11	62.24
2014-08-12	61.20
2014-08-13	60.18
2014-08-14	59.18
2014-08-15	58.19
2014-08-16	57.22
2014-08-17	56.27
2014-08-18	55.33
2014-08-19	54.41
2014-08-20	53.50
2014-08-21	52.61
2014-08-22	51.73
2014-08-23	50.87
2014-08-24	50.02
2014-08-25	49.19
2014-08-26	48.37
2014-08-27	47.56
2014-08-28	46.77
2014-08-29	45.99
2014-08-30	45.23
2014-08-31	44.47
2014-09-01	43.73
2014-09-02	43.00
2014-09-03	42.28
2014-09-04	41.58
2014-09-05	40.89
2014-09-06	40.21
2014-09-07	39.54
2014-09-08	38.88
2014-09-09	38.23
2014-09-10	37.59
2014-09-11	36.97
2014-09-12	36.35
2014-09-13	35.74
2014-09-14	35.15
2014-09-15	34.56
2014-09-16	33.99
2014-09-17	33.42
2014-09-18	32.86
2014-09-19	32.31
2014-09-20	31.78
2014-09-21	31.25
2014-09-22	30.73
2014-09-23	30.21
2014-09-24	29.71
2014-09-25	29.21
2014-09-26	28.73
2014-09-27	28.25
2014-09-28	27.78
2014-09-29	27.32
2014-09-30	26.86
2014-10-01	26.41
2014-10-02	25.97
2014-10-03	25.54
2014-10-04	25.11
2014-10-05	24.70
2014-10-06	24.28
2014-10-07	23.88
2014-10-08	23.48
2014-10-09	23.09
2014-10-10	22.70
2014-10-11	22.33
2014-10-12	21.95
2014-10-13	21.59
2014-10-14	21.23
2014-10-15	20.87
2014-10-16	20.53
2014-10-17	20.18
2014-10-18	19.85
2014-10-19	19.52
2014-10-20	19.19
2014-10-21	18.87
2014-10-22	18.56
2014-10-23	18.25
2014-10-24	17.94
2014-10-25	17.65
2014-10-26	17.35
2014-10-27	17.06
2014-10-28	35.91
2014-10-29	16.81
2014-10-30	16.53
2014-10-31	16.25
2014-11-01	15.98
2014-11-02	15.71
2014-11-03	65.04
2014-11-04	15.99
2014-11-05	15.73
2014-11-06	15.46
2014-11-07	15.21
2014-11-08	14.95
2014-11-09	14.70
2014-11-10	21.96
2014-11-11	46.62
2014-11-12	14.62
2014-11-13	14.38
2014-11-14	14.14
2014-11-15	13.90
2014-11-16	13.67
2014-11-17	13.44
2014-11-18	13.22
2014-11-19	13.00
2014-11-20	12.78
2014-11-21	51.46
2014-11-22	182.04
2014-11-23	520.08
2014-11-24	23.37
2014-11-25	22.98
2014-11-26	22.60
2014-11-27	22.23
2014-11-28	261.36
2014-11-29	25.35
2014-11-30	24.93
2014-12-01	24.51
2014-12-02	24.10
2014-12-03	23.70
2014-12-04	23.30
2014-12-05	566.47
2014-12-06	1300.74
2014-12-07	51.24
2014-12-08	50.38
2014-12-09	49.54
2014-12-10	48.72
2014-12-11	47.91
2014-12-12	288.42
2014-12-13	54.22
2014-12-14	49.44
2014-12-15	48.62
2014-12-16	47.81
2014-12-17	47.01
2014-12-18	46.23
2014-12-19	45.46
2014-12-20	44.70
2014-12-21	43.95
2014-12-22	43.22
2014-12-23	42.50
2014-12-24	41.79
2014-12-25	41.10
2014-12-26	40.41
2014-12-27	39.74
2014-12-28	39.08
2014-12-29	38.42
2014-12-30	37.78
2014-12-31	38.79
2015-01-01	36.56
2015-01-02	35.95
2015-01-03	35.35
2015-01-04	34.76
2015-01-05	50.53
2015-01-06	33.88
2015-01-07	33.31
2015-01-08	40.33
2015-01-09	2196.72
2015-01-10	1118.31
2015-01-11	82.53
2015-01-12	81.15
2015-01-13	79.80
2015-01-14	1920.24
2015-01-15	106.85
2015-01-16	249.97
2015-01-17	1126.09
2015-01-18	201.92
2015-01-19	128.89
2015-01-20	156.14
2015-01-21	1571.01
2015-01-22	145.50
2015-01-23	135.79
2015-01-24	133.53
2015-01-25	131.30
2015-01-26	129.11
2015-01-27	126.96
2015-01-28	1980.54
2015-01-29	3864.32
2015-01-30	1234.96
2015-01-31	223.97
2015-02-01	219.29
2015-02-02	215.63
2015-02-03	1917.17
2015-02-04	7895.84
2015-02-05	901.92
2015-02-06	358.42
2015-02-07	352.45
2015-02-08	346.57
2015-02-09	340.80
2015-02-10	335.12
2015-02-11	732.13
2015-02-12	415.74
2015-02-13	410.98
2015-02-14	6794.11
2015-02-15	1227.31
2015-02-16	455.07
2015-02-17	3292.73
2015-02-18	2486.76
2015-02-19	484.87
2015-02-20	476.79
2015-02-21	513.51
2015-02-22	461.75
2015-02-23	454.06
2015-02-24	449.13
2015-02-25	4242.02
2015-02-26	493.07
2015-02-27	484.86
2015-02-28	476.78
2015-03-01	468.83
2015-03-02	461.02
2015-03-03	453.33
2015-03-04	462.99
2015-03-05	438.62
2015-03-06	7034.58
2015-03-07	725.10
2015-03-08	524.86
2015-03-09	516.12
2015-03-10	507.51
2015-03-11	499.06
2015-03-12	490.74
2015-03-13	482.56
2015-03-14	474.52
2015-03-15	3102.28
2015-03-16	501.32
2015-03-17	492.96
2015-03-18	484.75
2015-03-19	1424.88
2015-03-20	484.85
2015-03-21	475.96
2015-03-22	468.02
2015-03-23	460.22
2015-03-24	2048.79
2015-03-25	488.12
2015-03-26	463.18
2015-03-27	455.46
2015-03-28	686.67
2015-03-29	3515.19
2015-03-30	927.19
2015-03-31	485.35
2015-04-01	477.26
2015-04-02	8822.41
2015-04-03	845.30
2015-04-04	590.22
2015-04-05	580.38
2015-04-06	570.71
2015-04-07	561.20
2015-04-08	551.85
2015-04-09	542.65
2015-04-10	533.60
2015-04-11	2360.24
2015-04-12	545.55
2015-04-13	536.46
2015-04-14	788.81
2015-04-15	898.31
2015-04-16	520.28
2015-04-17	511.61
2015-04-18	503.08
2015-04-19	494.69
2015-04-20	486.45
2015-04-21	521.06
2015-04-22	471.06
2015-04-23	463.21
2015-04-24	455.49
2015-04-25	447.90
2015-04-26	440.43
2015-04-27	433.09
2015-04-28	425.87
2015-04-29	418.77
2015-04-30	411.79
2015-05-01	404.93
2015-05-02	398.18
2015-05-03	391.55
2015-05-04	537.69
2015-05-05	381.06
2015-05-06	374.95
2015-05-07	368.47
2015-05-08	362.33
2015-05-09	5022.89
2015-05-10	8818.56
2015-05-11	582.82
2015-05-12	2115.33
2015-05-13	2201.52
2015-05-14	3732.14
2015-05-15	2187.43
2015-05-16	915.80
2015-05-17	4738.45
2015-05-18	2050.36
2015-05-19	694.85
2015-05-20	683.27
2015-05-21	671.88
2015-05-22	854.33
2015-05-23	2158.54
2015-05-24	680.97
2015-05-25	655.32
2015-05-26	644.40
2015-05-27	633.66
2015-05-28	623.10
2015-05-29	612.71
2015-05-30	602.50
2015-05-31	592.46
2015-06-01	582.58
2015-06-02	572.87
2015-06-03	563.33
2015-06-04	553.94
2015-06-05	544.71
2015-06-06	535.63
2015-06-07	526.70
2015-06-08	517.92
2015-06-09	509.29
2015-06-10	500.80
2015-06-11	492.45
2015-06-12	484.25
2015-06-13	476.18
2015-06-14	468.24
2015-06-15	460.44
2015-06-16	452.76
2015-06-17	445.22
2015-06-18	437.80
2015-06-19	1749.44
2015-06-20	1719.44
2015-06-21	1499.61
2015-06-22	575.47
2015-06-23	464.22
2015-06-24	568.36
2015-06-25	655.16
2015-06-26	471.37
2015-06-27	436.49
2015-06-28	429.21
2015-06-29	422.06
2015-06-30	415.02
2015-07-01	408.11
2015-07-02	401.30
2015-07-03	394.62
2015-07-04	388.04
2015-07-05	381.57
2015-07-06	647.66
2015-07-07	572.43
2015-07-08	370.34
2015-07-09	364.16
2015-07-10	358.10
2015-07-11	358.54
2015-07-12	762.63
2015-07-13	625.72
2015-07-14	376.97
2015-07-15	348.27
2015-07-16	344.52
2015-07-17	373.57
2015-07-18	392.76
2015-07-19	429.18
2015-07-20	372.02
2015-07-21	312.64
2015-07-22	307.42
2015-07-23	302.30
2015-07-24	297.26
2015-07-25	292.31
2015-07-26	287.44
2015-07-27	282.65
2015-07-28	277.94
2015-07-29	273.30
2015-07-30	268.75
2015-07-31	264.27
2015-08-01	259.86
2015-08-02	255.53
2015-08-03	252.34
2015-08-04	285.74
2015-08-05	293.57
2015-08-06	240.35
2015-08-07	236.35
2015-08-08	232.41
2015-08-09	228.53
2015-08-10	251.35
2015-08-11	331.43
2015-08-12	307.16
2015-08-13	238.01
2015-08-14	284.75
2015-08-15	285.11
2015-08-16	243.88
2015-08-17	206.27
2015-08-18	202.83
2015-08-19	199.45
2015-08-20	196.13
2015-08-21	192.86
2015-08-22	189.64
2015-08-23	186.48
2015-08-24	183.38
2015-08-25	180.32
2015-08-26	177.31
2015-08-27	174.36
2015-08-28	171.45
2015-08-29	168.60
2015-08-30	165.79
2015-08-31	163.02
2015-09-01	160.31
2015-09-02	161.63
2015-09-03	268.02
2015-09-04	411.27
2015-09-05	1900.61
2015-09-06	188.63
2015-09-07	178.50
2015-09-08	358.62
2015-09-09	471.16
2015-09-10	358.99
2015-09-11	474.57
2015-09-12	187.18
2015-09-13	176.34
2015-09-14	173.40
2015-09-15	170.51
2015-09-16	167.67
2015-09-17	164.87
2015-09-18	162.12
2015-09-19	162.68
2015-09-20	282.97
2015-09-21	156.24
2015-09-22	153.63
2015-09-23	151.07
2015-09-24	148.56
2015-09-25	146.08
2015-09-26	143.64
2015-09-27	141.25
2015-09-28	138.90
2015-09-29	136.58
2015-09-30	134.30
2015-10-01	132.07
2015-10-02	129.87
2015-10-03	127.70
2015-10-04	125.57
2015-10-05	123.48
2015-10-06	121.42
2015-10-07	119.40
2015-10-08	117.41
2015-10-09	115.45
2015-10-10	113.53
2015-10-11	111.63
2015-10-12	109.77
2015-10-13	107.94
2015-10-14	106.15
2015-10-15	104.38
2015-10-16	102.64
2015-10-17	100.93
2015-10-18	99.24
2015-10-19	97.59
2015-10-20	95.96
2015-10-21	94.36
2015-10-22	92.79
2015-10-23	91.25
2015-10-24	89.74
2015-10-25	103.62
2015-10-26	87.01
2015-10-27	85.56
2015-10-28	84.13
2015-10-29	82.73
2015-10-30	81.35
2015-10-31	79.99
2015-11-01	78.66
2015-11-02	77.35
2015-11-03	76.06
2015-11-04	96.72
2015-11-05	73.90
2015-11-06	72.67
2015-11-07	71.46
2015-11-08	70.27
2015-11-09	69.09
2015-11-10	67.94
2015-11-11	66.81
2015-11-12	65.70
2015-11-13	64.60
2015-11-14	63.53
2015-11-15	62.47
2015-11-16	61.43
2015-11-17	60.40
2015-11-18	59.40
2015-11-19	58.41
2015-11-20	57.43
2015-11-21	56.47
2015-11-22	55.53
2015-11-23	54.61
2015-11-24	53.70
2015-11-25	52.80
2015-11-26	51.92
2015-11-27	52.09
2015-11-28	52.29
2015-11-29	49.42
2015-11-30	48.60
2015-12-01	47.79
2015-12-02	46.99
2015-12-03	46.21
2015-12-04	45.44
2015-12-05	63.56
2015-12-06	425.45
2015-12-07	49.65
2015-12-08	48.82
2015-12-09	48.01
2015-12-10	47.21
2015-12-11	46.42
2015-12-12	45.64
2015-12-13	44.88
2015-12-14	44.14
2015-12-15	966.59
2015-12-16	57.56
2015-12-17	56.60
2015-12-18	55.66
2015-12-19	338.25
2015-12-20	1603.24
2015-12-21	87.41
2015-12-22	750.80
2015-12-23	90.47
2015-12-24	887.66
2015-12-25	1488.03
2015-12-26	121.06
2015-12-27	119.04
2015-12-28	910.68
2015-12-29	127.90
2015-12-30	125.76
2015-12-31	123.67
