date	count
1975-01-01	1.00
1975-01-02	1.00
1975-01-03	1.00
1975-01-04	1.00
1975-01-05	1.00
1975-01-06	1.00
1975-01-07	1.00
1975-01-08	1.00
1975-01-09	1.00
1975-01-10	1.00
1975-01-11	1.00
1975-01-12	1.00
1975-01-13	1.00
1975-01-14	1.00
1975-01-15	1.00
1975-01-16	1.00
1975-01-17	1.00
1975-01-18	1.00
1975-01-19	1.00
1975-01-20	1.00
1975-01-21	1.00
1975-01-22	1.00
1975-01-23	1.00
1975-01-24	1.00
1975-01-25	1.00
1975-01-26	1.00
1975-01-27	1.00
1975-01-28	1.00
1975-01-29	1.00
1975-01-30	1.00
1975-01-31	1.00
1975-02-01	1.00
1975-02-02	1.00
1975-02-03	1.00
1975-02-04	1.00
1975-02-05	1.00
1975-02-06	1.00
1975-02-07	1.00
1975-02-08	1.00
1975-02-09	1.00
1975-02-10	1.00
1975-02-11	1.00
1975-02-12	1.00
1975-02-13	1.00
1975-02-14	1.00
1975-02-15	1.00
1975-02-16	1.00
1975-02-17	1.00
1975-02-18	1.00
1975-02-19	1.00
1975-02-20	1.00
1975-02-21	1.00
1975-02-22	1.00
1975-02-23	1.00
1975-02-24	1.00
1975-02-25	1.00
1975-02-26	1.00
1975-02-27	1.00
1975-02-28	1.00
1975-03-01	1.00
1975-03-02	1.00
1975-03-03	1.00
1975-03-04	1.00
1975-03-05	1.00
1975-03-06	1.00
1975-03-07	1.00
1975-03-08	1.00
1975-03-09	1.00
1975-03-10	1.00
1975-03-11	1.00
1975-03-12	1.00
1975-03-13	1.00
1975-03-14	1.00
1975-03-15	1.00
1975-03-16	1.00
1975-03-17	1.00
1975-03-18	1.00
1975-03-19	1.00
1975-03-20	1.00
1975-03-21	1.00
1975-03-22	1.00
1975-03-23	1.00
1975-03-24	1.00
1975-03-25	1.00
1975-03-26	1.00
1975-03-27	1.00
1975-03-28	1.00
1975-03-29	1.00
1975-03-30	1.00
1975-03-31	1.00
1975-04-01	1.00
1975-04-02	1.00
1975-04-03	1.00
1975-04-04	1.00
1975-04-05	1.00
1975-04-06	1.00
1975-04-07	1.00
1975-04-08	1.00
1975-04-09	1.00
1975-04-10	1.00
1975-04-11	1.00
1975-04-12	1.00
1975-04-13	1.00
1975-04-14	1.00
1975-04-15	1.00
1975-04-16	1.00
1975-04-17	1.00
1975-04-18	1.00
1975-04-19	1.00
1975-04-20	1.00
1975-04-21	1.00
1975-04-22	1.00
1975-04-23	1.00
1975-04-24	1.00
1975-04-25	1.00
1975-04-26	1.00
1975-04-27	1.00
1975-04-28	1.00
1975-04-29	1.00
1975-04-30	1.00
1975-05-01	1.00
1975-05-02	1.00
1975-05-03	1.00
1975-05-04	1.00
1975-05-05	1.00
1975-05-06	1.00
1975-05-07	1.00
1975-05-08	1.00
1975-05-09	1.00
1975-05-10	1.00
1975-05-11	1.00
1975-05-12	1.00
1975-05-13	1.00
1975-05-14	0.96
1975-05-15	0.96
1975-05-16	1.00
1975-05-17	0.96
1975-05-18	0.96
1975-05-19	0.96
1975-05-20	0.96
1975-05-21	0.95
1975-05-22	0.95
1975-05-23	0.95
1975-05-24	0.94
1975-05-25	1.00
1975-05-26	1.00
1975-05-27	1.00
1975-05-28	1.00
1975-05-29	1.00
1975-05-30	1.00
1975-05-31	1.00
1975-06-01	1.00
1975-06-02	1.00
1975-06-03	0.97
1975-06-04	0.95
1975-06-05	0.93
1975-06-06	0.95
1975-06-07	1.00
1975-06-08	1.00
1975-06-09	0.96
1975-06-10	0.95
1975-06-11	0.93
1975-06-12	0.93
1975-06-13	0.94
1975-06-14	0.95
1975-06-15	0.95
1975-06-16	0.94
1975-06-17	0.92
1975-06-18	0.91
1975-06-19	0.93
1975-06-20	1.00
1975-06-21	1.00
1975-06-22	1.00
1975-06-23	0.96
1975-06-24	0.92
1975-06-25	0.93
1975-06-26	0.96
1975-06-27	0.96
1975-06-28	1.00
1975-06-29	1.00
1975-06-30	1.00
1975-07-01	1.00
1975-07-02	0.95
1975-07-03	0.94
1975-07-04	0.93
1975-07-05	0.93
1975-07-06	0.92
1975-07-07	0.92
1975-07-08	0.92
1975-07-09	0.91
1975-07-10	0.91
1975-07-11	0.90
1975-07-12	0.91
1975-07-13	0.93
1975-07-14	0.95
1975-07-15	0.95
1975-07-16	0.93
1975-07-17	0.91
1975-07-18	0.90
1975-07-19	0.91
1975-07-20	0.92
1975-07-21	0.91
1975-07-22	0.92
1975-07-23	0.94
1975-07-24	0.93
1975-07-25	0.93
1975-07-26	0.93
1975-07-27	0.95
1975-07-28	0.96
1975-07-29	0.95
1975-07-30	0.96
1975-07-31	1.00
1975-08-01	1.00
1975-08-02	0.96
1975-08-03	0.94
1975-08-04	0.93
1975-08-05	0.93
1975-08-06	0.93
1975-08-07	0.92
1975-08-08	0.94
1975-08-09	0.93
1975-08-10	0.93
1975-08-11	0.92
1975-08-12	0.95
1975-08-13	1.00
1975-08-14	1.00
1975-08-15	0.96
1975-08-16	0.95
1975-08-17	0.95
1975-08-18	0.95
1975-08-19	0.96
1975-08-20	0.95
1975-08-21	0.95
1975-08-22	0.96
1975-08-23	0.96
1975-08-24	0.96
1975-08-25	0.97
1975-08-26	0.96
1975-08-27	0.96
1975-08-28	0.96
1975-08-29	1.00
1975-08-30	1.00
1975-08-31	0.96
1975-09-01	0.96
1975-09-02	0.96
1975-09-03	0.97
1975-09-04	1.00
1975-09-05	0.97
1975-09-06	1.00
1975-09-07	1.00
1975-09-08	1.00
1975-09-09	1.00
1975-09-10	0.97
1975-09-11	0.95
1975-09-12	1.00
1975-09-13	1.00
1975-09-14	0.96
1975-09-15	0.95
1975-09-16	0.95
1975-09-17	0.96
1975-09-18	0.96
1975-09-19	0.95
1975-09-20	0.95
1975-09-21	0.95
1975-09-22	0.95
1975-09-23	0.95
1975-09-24	0.96
1975-09-25	1.00
1975-09-26	1.00
1975-09-27	1.00
1975-09-28	1.00
1975-09-29	1.00
1975-09-30	1.00
1975-10-01	0.97
1975-10-02	0.97
1975-10-03	0.97
1975-10-04	1.00
1975-10-05	1.00
1975-10-06	1.00
1975-10-07	1.00
1975-10-08	1.00
1975-10-09	1.00
1975-10-10	1.00
1975-10-11	1.00
1975-10-12	1.00
1975-10-13	1.00
1975-10-14	1.00
1975-10-15	1.00
1975-10-16	1.00
1975-10-17	1.00
1975-10-18	1.00
1975-10-19	1.00
1975-10-20	1.00
1975-10-21	1.00
1975-10-22	1.00
1975-10-23	1.00
1975-10-24	1.00
1975-10-25	1.00
1975-10-26	1.00
1975-10-27	1.00
1975-10-28	1.00
1975-10-29	1.00
1975-10-30	1.00
1975-10-31	1.00
1975-11-01	1.00
1975-11-02	1.00
1975-11-03	1.00
1975-11-04	1.00
1975-11-05	1.00
1975-11-06	1.00
1975-11-07	1.00
1975-11-08	1.00
1975-11-09	1.00
1975-11-10	1.00
1975-11-11	1.00
1975-11-12	1.00
1975-11-13	1.00
1975-11-14	1.00
1975-11-15	1.00
1975-11-16	1.00
1975-11-17	1.00
1975-11-18	1.00
1975-11-19	0.97
1975-11-20	1.00
1975-11-21	1.00
1975-11-22	1.00
1975-11-23	1.00
1975-11-24	1.00
1975-11-25	1.00
1975-11-26	1.00
1975-11-27	1.00
1975-11-28	1.00
1975-11-29	1.00
1975-11-30	1.00
1975-12-01	1.00
1975-12-02	1.00
1975-12-03	1.00
1975-12-04	1.00
1975-12-05	1.00
1975-12-06	1.00
1975-12-07	1.00
1975-12-08	1.00
1975-12-09	1.00
1975-12-10	1.00
1975-12-11	1.00
1975-12-12	1.00
1975-12-13	1.00
1975-12-14	1.00
1975-12-15	1.00
1975-12-16	1.00
1975-12-17	1.00
1975-12-18	1.00
1975-12-19	1.00
1975-12-20	1.00
1975-12-21	1.00
1975-12-22	1.00
1975-12-23	1.00
1975-12-24	1.00
1975-12-25	1.00
1975-12-26	1.00
1975-12-27	1.00
1975-12-28	1.00
1975-12-29	1.00
1975-12-30	1.00
1975-12-31	1.00
1976-01-01	1.00
1976-01-02	1.00
1976-01-03	1.00
1976-01-04	1.00
1976-01-05	1.00
1976-01-06	1.00
1976-01-07	1.00
1976-01-08	1.00
1976-01-09	1.00
1976-01-10	1.00
1976-01-11	1.00
1976-01-12	1.00
1976-01-13	1.00
1976-01-14	1.00
1976-01-15	1.00
1976-01-16	1.00
1976-01-17	1.00
1976-01-18	1.00
1976-01-19	1.00
1976-01-20	1.00
1976-01-21	1.00
1976-01-22	1.00
1976-01-23	1.00
1976-01-24	1.00
1976-01-25	1.00
1976-01-26	1.00
1976-01-27	1.00
1976-01-28	1.00
1976-01-29	1.00
1976-01-30	1.00
1976-01-31	1.00
1976-02-01	1.00
1976-02-02	1.00
1976-02-03	1.00
1976-02-04	1.00
1976-02-05	1.00
1976-02-06	1.00
1976-02-07	1.00
1976-02-08	1.00
1976-02-09	1.00
1976-02-10	1.00
1976-02-11	1.00
1976-02-12	1.00
1976-02-13	1.00
1976-02-14	1.00
1976-02-15	1.00
1976-02-16	1.00
1976-02-17	1.00
1976-02-18	1.00
1976-02-19	1.00
1976-02-20	1.00
1976-02-21	1.00
1976-02-22	1.00
1976-02-23	1.00
1976-02-24	1.00
1976-02-25	1.00
1976-02-26	1.00
1976-02-27	1.00
1976-02-28	1.00
1976-02-29	1.00
1976-03-01	1.00
1976-03-02	1.00
1976-03-03	1.00
1976-03-04	1.00
1976-03-05	1.00
1976-03-06	1.00
1976-03-07	1.00
1976-03-08	1.00
1976-03-09	1.00
1976-03-10	1.00
1976-03-11	1.00
1976-03-12	1.00
1976-03-13	1.00
1976-03-14	1.00
1976-03-15	1.00
1976-03-16	1.00
1976-03-17	1.00
1976-03-18	1.00
1976-03-19	1.00
1976-03-20	1.00
1976-03-21	1.00
1976-03-22	1.00
1976-03-23	1.00
1976-03-24	1.00
1976-03-25	1.00
1976-03-26	1.00
1976-03-27	1.00
1976-03-28	1.00
1976-03-29	1.00
1976-03-30	1.00
1976-03-31	1.00
1976-04-01	1.00
1976-04-02	1.00
1976-04-03	1.00
1976-04-04	1.00
1976-04-05	1.00
1976-04-06	1.00
1976-04-07	1.00
1976-04-08	1.00
1976-04-09	1.00
1976-04-10	1.00
1976-04-11	1.00
1976-04-12	1.00
1976-04-13	1.00
1976-04-14	1.00
1976-04-15	1.00
1976-04-16	1.00
1976-04-17	1.00
1976-04-18	1.00
1976-04-19	1.00
1976-04-20	1.00
1976-04-21	1.00
1976-04-22	1.00
1976-04-23	1.00
1976-04-24	1.00
1976-04-25	1.00
1976-04-26	1.00
1976-04-27	1.00
1976-04-28	1.00
1976-04-29	1.00
1976-04-30	1.00
1976-05-01	1.00
1976-05-02	1.00
1976-05-03	1.00
1976-05-04	1.00
1976-05-05	1.00
1976-05-06	1.00
1976-05-07	1.00
1976-05-08	1.00
1976-05-09	1.00
1976-05-10	1.00
1976-05-11	1.00
1976-05-12	0.97
1976-05-13	0.97
1976-05-14	1.00
1976-05-15	1.00
1976-05-16	1.00
1976-05-17	1.00
1976-05-18	1.00
1976-05-19	1.00
1976-05-20	1.00
1976-05-21	1.00
1976-05-22	1.00
1976-05-23	0.97
1976-05-24	1.00
1976-05-25	0.96
1976-05-26	0.95
1976-05-27	0.95
1976-05-28	0.95
1976-05-29	0.95
1976-05-30	0.95
1976-05-31	0.95
1976-06-01	0.94
1976-06-02	0.96
1976-06-03	1.00
1976-06-04	1.00
1976-06-05	0.95
1976-06-06	0.94
1976-06-07	0.93
1976-06-08	0.93
1976-06-09	0.93
1976-06-10	0.96
1976-06-11	1.00
1976-06-12	0.96
1976-06-13	0.93
1976-06-14	0.92
1976-06-15	0.92
1976-06-16	0.94
1976-06-17	0.94
1976-06-18	0.91
1976-06-19	0.92
1976-06-20	0.93
1976-06-21	0.92
1976-06-22	0.95
1976-06-23	1.00
1976-06-24	1.00
1976-06-25	1.00
1976-06-26	1.00
1976-06-27	1.00
1976-06-28	1.00
1976-06-29	1.00
1976-06-30	0.95
1976-07-01	0.94
1976-07-02	0.96
1976-07-03	0.96
1976-07-04	0.95
1976-07-05	0.93
1976-07-06	0.94
1976-07-07	0.96
1976-07-08	0.95
1976-07-09	0.92
1976-07-10	0.92
1976-07-11	0.93
1976-07-12	0.95
1976-07-13	0.94
1976-07-14	0.93
1976-07-15	0.93
1976-07-16	0.93
1976-07-17	0.92
1976-07-18	0.92
1976-07-19	0.93
1976-07-20	0.94
1976-07-21	0.93
1976-07-22	0.92
1976-07-23	0.92
1976-07-24	0.91
1976-07-25	0.92
1976-07-26	0.93
1976-07-27	0.93
1976-07-28	0.93
1976-07-29	0.94
1976-07-30	0.93
1976-07-31	0.92
1976-08-01	0.93
1976-08-02	0.93
1976-08-03	0.93
1976-08-04	0.93
1976-08-05	0.93
1976-08-06	0.94
1976-08-07	0.92
1976-08-08	0.93
1976-08-09	0.93
1976-08-10	0.95
1976-08-11	0.96
1976-08-12	0.96
1976-08-13	0.96
1976-08-14	0.95
1976-08-15	0.95
1976-08-16	0.95
1976-08-17	0.95
1976-08-18	0.93
1976-08-19	0.94
1976-08-20	0.95
1976-08-21	0.96
1976-08-22	0.94
1976-08-23	0.94
1976-08-24	0.93
1976-08-25	0.94
1976-08-26	1.00
1976-08-27	1.00
1976-08-28	0.96
1976-08-29	1.00
1976-08-30	1.00
1976-08-31	1.00
1976-09-01	1.00
1976-09-02	0.96
1976-09-03	0.95
1976-09-04	0.95
1976-09-05	0.94
1976-09-06	0.95
1976-09-07	0.94
1976-09-08	0.94
1976-09-09	1.00
1976-09-10	1.00
1976-09-11	1.00
1976-09-12	1.00
1976-09-13	1.00
1976-09-14	0.95
1976-09-15	0.93
1976-09-16	0.96
1976-09-17	1.00
1976-09-18	1.00
1976-09-19	1.00
1976-09-20	0.95
1976-09-21	0.94
1976-09-22	0.94
1976-09-23	0.96
1976-09-24	1.00
1976-09-25	0.95
1976-09-26	0.96
1976-09-27	1.00
1976-09-28	1.00
1976-09-29	1.00
1976-09-30	1.00
1976-10-01	1.00
1976-10-02	1.00
1976-10-03	1.00
1976-10-04	1.00
1976-10-05	1.00
1976-10-06	0.97
1976-10-07	0.96
1976-10-08	0.97
1976-10-09	0.95
1976-10-10	0.94
1976-10-11	0.94
1976-10-12	0.96
1976-10-13	1.00
1976-10-14	1.00
1976-10-15	1.00
1976-10-16	1.00
1976-10-17	1.00
1976-10-18	1.00
1976-10-19	1.00
1976-10-20	1.00
1976-10-21	1.00
1976-10-22	1.00
1976-10-23	1.00
1976-10-24	1.00
1976-10-25	1.00
1976-10-26	1.00
1976-10-27	1.00
1976-10-28	1.00
1976-10-29	1.00
1976-10-30	1.00
1976-10-31	1.00
1976-11-01	1.00
1976-11-02	1.00
1976-11-03	1.00
1976-11-04	1.00
1976-11-05	1.00
1976-11-06	1.00
1976-11-07	1.00
1976-11-08	1.00
1976-11-09	1.00
1976-11-10	1.00
1976-11-11	1.00
1976-11-12	1.00
1976-11-13	1.00
1976-11-14	1.00
1976-11-15	1.00
1976-11-16	1.00
1976-11-17	1.00
1976-11-18	1.00
1976-11-19	1.00
1976-11-20	1.00
1976-11-21	1.00
1976-11-22	1.00
1976-11-23	1.00
1976-11-24	1.00
1976-11-25	1.00
1976-11-26	1.00
1976-11-27	1.00
1976-11-28	1.00
1976-11-29	1.00
1976-11-30	1.00
1976-12-01	1.00
1976-12-02	1.00
1976-12-03	1.00
1976-12-04	1.00
1976-12-05	1.00
1976-12-06	1.00
1976-12-07	1.00
1976-12-08	1.00
1976-12-09	1.00
1976-12-10	1.00
1976-12-11	1.00
1976-12-12	1.00
1976-12-13	1.00
1976-12-14	1.00
1976-12-15	1.00
1976-12-16	1.00
1976-12-17	1.00
1976-12-18	1.00
1976-12-19	1.00
1976-12-20	1.00
1976-12-21	1.00
1976-12-22	1.00
1976-12-23	1.00
1976-12-24	1.00
1976-12-25	1.00
1976-12-26	1.00
1976-12-27	1.00
1976-12-28	1.00
1976-12-29	1.00
1976-12-30	1.00
1976-12-31	1.00
1977-01-01	1.00
1977-01-02	1.00
1977-01-03	1.00
1977-01-04	1.00
1977-01-05	1.00
1977-01-06	1.00
1977-01-07	1.00
1977-01-08	1.00
1977-01-09	1.00
1977-01-10	1.00
1977-01-11	1.00
1977-01-12	1.00
1977-01-13	1.00
1977-01-14	1.00
1977-01-15	1.00
1977-01-16	1.00
1977-01-17	1.00
1977-01-18	1.00
1977-01-19	1.00
1977-01-20	1.00
1977-01-21	1.00
1977-01-22	1.00
1977-01-23	1.00
1977-01-24	1.00
1977-01-25	1.00
1977-01-26	1.00
1977-01-27	1.00
1977-01-28	1.00
1977-01-29	1.00
1977-01-30	1.00
1977-01-31	1.00
1977-02-01	1.00
1977-02-02	1.00
1977-02-03	1.00
1977-02-04	1.00
1977-02-05	1.00
1977-02-06	1.00
1977-02-07	1.00
1977-02-08	1.00
1977-02-09	1.00
1977-02-10	1.00
1977-02-11	1.00
1977-02-12	1.00
1977-02-13	1.00
1977-02-14	1.00
1977-02-15	1.00
1977-02-16	1.00
1977-02-17	1.00
1977-02-18	1.00
1977-02-19	1.00
1977-02-20	1.00
1977-02-21	1.00
1977-02-22	1.00
1977-02-23	1.00
1977-02-24	1.00
1977-02-25	1.00
1977-02-26	1.00
1977-02-27	1.00
1977-02-28	1.00
1977-03-01	1.00
1977-03-02	1.00
1977-03-03	1.00
1977-03-04	1.00
1977-03-05	1.00
1977-03-06	1.00
1977-03-07	1.00
1977-03-08	1.00
1977-03-09	1.00
1977-03-10	1.00
1977-03-11	1.00
1977-03-12	1.00
1977-03-13	1.00
1977-03-14	1.00
1977-03-15	1.00
1977-03-16	1.00
1977-03-17	1.00
1977-03-18	1.00
1977-03-19	1.00
1977-03-20	1.00
1977-03-21	1.00
1977-03-22	1.00
1977-03-23	1.00
1977-03-24	1.00
1977-03-25	1.00
1977-03-26	1.00
1977-03-27	1.00
1977-03-28	1.00
1977-03-29	1.00
1977-03-30	1.00
1977-03-31	1.00
1977-04-01	1.00
1977-04-02	1.00
1977-04-03	1.00
1977-04-04	1.00
1977-04-05	1.00
1977-04-06	1.00
1977-04-07	1.00
1977-04-08	1.00
1977-04-09	1.00
1977-04-10	1.00
1977-04-11	1.00
1977-04-12	1.00
1977-04-13	1.00
1977-04-14	1.00
1977-04-15	1.00
1977-04-16	1.00
1977-04-17	1.00
1977-04-18	1.00
1977-04-19	1.00
1977-04-20	1.00
1977-04-21	1.00
1977-04-22	1.00
1977-04-23	1.00
1977-04-24	1.00
1977-04-25	1.00
1977-04-26	1.00
1977-04-27	1.00
1977-04-28	1.00
1977-04-29	1.00
1977-04-30	1.00
1977-05-01	1.00
1977-05-02	0.97
1977-05-03	1.00
1977-05-04	1.00
1977-05-05	1.00
1977-05-06	1.00
1977-05-07	1.00
1977-05-08	1.00
1977-05-09	1.00
1977-05-10	1.00
1977-05-11	1.00
1977-05-12	1.00
1977-05-13	1.00
1977-05-14	1.00
1977-05-15	1.00
1977-05-16	1.00
1977-05-17	1.00
1977-05-18	1.00
1977-05-19	1.00
1977-05-20	1.00
1977-05-21	1.00
1977-05-22	1.00
1977-05-23	0.97
1977-05-24	0.96
1977-05-25	0.96
1977-05-26	0.96
1977-05-27	0.96
1977-05-28	1.00
1977-05-29	1.00
1977-05-30	0.96
1977-05-31	0.95
1977-06-01	0.96
1977-06-02	0.95
1977-06-03	0.95
1977-06-04	0.95
1977-06-05	0.94
1977-06-06	1.00
1977-06-07	1.00
1977-06-08	1.00
1977-06-09	1.00
1977-06-10	1.00
1977-06-11	1.00
1977-06-12	1.00
1977-06-13	0.96
1977-06-14	0.96
1977-06-15	1.00
1977-06-16	0.96
1977-06-17	0.94
1977-06-18	0.95
1977-06-19	1.00
1977-06-20	0.95
1977-06-21	0.94
1977-06-22	0.95
1977-06-23	0.93
1977-06-24	0.93
1977-06-25	0.92
1977-06-26	0.91
1977-06-27	0.91
1977-06-28	0.92
1977-06-29	0.92
1977-06-30	0.92
1977-07-01	0.92
1977-07-02	0.92
1977-07-03	0.92
1977-07-04	0.96
1977-07-05	1.00
1977-07-06	0.96
1977-07-07	0.96
1977-07-08	0.95
1977-07-09	0.95
1977-07-10	0.94
1977-07-11	0.93
1977-07-12	0.92
1977-07-13	0.93
1977-07-14	0.96
1977-07-15	0.96
1977-07-16	0.96
1977-07-17	0.94
1977-07-18	0.94
1977-07-19	0.94
1977-07-20	0.94
1977-07-21	0.93
1977-07-22	0.93
1977-07-23	0.93
1977-07-24	0.93
1977-07-25	0.93
1977-07-26	0.96
1977-07-27	0.97
1977-07-28	0.96
1977-07-29	0.95
1977-07-30	0.95
1977-07-31	0.95
1977-08-01	1.00
1977-08-02	1.00
1977-08-03	0.96
1977-08-04	0.94
1977-08-05	0.92
1977-08-06	0.93
1977-08-07	0.94
1977-08-08	0.93
1977-08-09	0.93
1977-08-10	0.93
1977-08-11	0.93
1977-08-12	0.93
1977-08-13	0.94
1977-08-14	0.95
1977-08-15	0.92
1977-08-16	0.95
1977-08-17	1.00
1977-08-18	1.00
1977-08-19	0.97
1977-08-20	0.96
1977-08-21	0.94
1977-08-22	0.96
1977-08-23	1.00
1977-08-24	0.96
1977-08-25	0.94
1977-08-26	0.93
1977-08-27	0.93
1977-08-28	0.93
1977-08-29	1.00
1977-08-30	1.00
1977-08-31	1.00
1977-09-01	1.00
1977-09-02	0.96
1977-09-03	0.96
1977-09-04	1.00
1977-09-05	1.00
1977-09-06	1.00
1977-09-07	1.00
1977-09-08	1.00
1977-09-09	0.95
1977-09-10	0.95
1977-09-11	1.00
1977-09-12	1.00
1977-09-13	1.00
1977-09-14	1.00
1977-09-15	1.00
1977-09-16	1.00
1977-09-17	1.00
1977-09-18	1.00
1977-09-19	1.00
1977-09-20	1.00
1977-09-21	1.00
1977-09-22	1.00
1977-09-23	1.00
1977-09-24	1.00
1977-09-25	1.00
1977-09-26	1.00
1977-09-27	0.97
1977-09-28	0.95
1977-09-29	0.96
1977-09-30	1.00
1977-10-01	1.00
1977-10-02	1.00
1977-10-03	1.00
1977-10-04	1.00
1977-10-05	1.00
1977-10-06	1.00
1977-10-07	1.00
1977-10-08	1.00
1977-10-09	1.00
1977-10-10	1.00
1977-10-11	1.00
1977-10-12	1.00
1977-10-13	1.00
1977-10-14	1.00
1977-10-15	1.00
1977-10-16	1.00
1977-10-17	0.96
1977-10-18	0.96
1977-10-19	1.00
1977-10-20	1.00
1977-10-21	0.96
1977-10-22	0.97
1977-10-23	0.96
1977-10-24	0.97
1977-10-25	0.96
1977-10-26	0.96
1977-10-27	1.00
1977-10-28	1.00
1977-10-29	1.00
1977-10-30	1.00
1977-10-31	1.00
1977-11-01	1.00
1977-11-02	1.00
1977-11-03	1.00
1977-11-04	1.00
1977-11-05	1.00
1977-11-06	1.00
1977-11-07	1.00
1977-11-08	1.00
1977-11-09	1.00
1977-11-10	1.00
1977-11-11	1.00
1977-11-12	1.00
1977-11-13	1.00
1977-11-14	1.00
1977-11-15	1.00
1977-11-16	1.00
1977-11-17	1.00
1977-11-18	1.00
1977-11-19	1.00
1977-11-20	1.00
1977-11-21	1.00
1977-11-22	1.00
1977-11-23	1.00
1977-11-24	1.00
1977-11-25	1.00
1977-11-26	1.00
1977-11-27	1.00
1977-11-28	1.00
1977-11-29	1.00
1977-11-30	1.00
1977-12-01	1.00
1977-12-02	1.00
1977-12-03	1.00
1977-12-04	1.00
1977-12-05	1.00
1977-12-06	1.00
1977-12-07	1.00
1977-12-08	1.00
1977-12-09	1.00
1977-12-10	1.00
1977-12-11	1.00
1977-12-12	1.00
1977-12-13	1.00
1977-12-14	1.00
1977-12-15	1.00
1977-12-16	1.00
1977-12-17	1.00
1977-12-18	1.00
1977-12-19	1.00
1977-12-20	1.00
1977-12-21	1.00
1977-12-22	1.00
1977-12-23	1.00
1977-12-24	1.00
1977-12-25	1.00
1977-12-26	1.00
1977-12-27	1.00
1977-12-28	1.00
1977-12-29	1.00
1977-12-30	1.00
1977-12-31	1.00
1978-01-01	1.00
1978-01-02	1.00
1978-01-03	1.00
1978-01-04	1.00
1978-01-05	1.00
1978-01-06	1.00
1978-01-07	1.00
1978-01-08	1.00
1978-01-09	1.00
1978-01-10	1.00
1978-01-11	1.00
1978-01-12	1.00
1978-01-13	1.00
1978-01-14	1.00
1978-01-15	1.00
1978-01-16	1.00
1978-01-17	1.00
1978-01-18	1.00
1978-01-19	1.00
1978-01-20	1.00
1978-01-21	1.00
1978-01-22	1.00
1978-01-23	1.00
1978-01-24	1.00
1978-01-25	1.00
1978-01-26	1.00
1978-01-27	1.00
1978-01-28	1.00
1978-01-29	1.00
1978-01-30	1.00
1978-01-31	1.00
1978-02-01	1.00
1978-02-02	1.00
1978-02-03	1.00
1978-02-04	1.00
1978-02-05	1.00
1978-02-06	1.00
1978-02-07	1.00
1978-02-08	1.00
1978-02-09	1.00
1978-02-10	1.00
1978-02-11	1.00
1978-02-12	1.00
1978-02-13	1.00
1978-02-14	1.00
1978-02-15	1.00
1978-02-16	1.00
1978-02-17	1.00
1978-02-18	1.00
1978-02-19	1.00
1978-02-20	1.00
1978-02-21	1.00
1978-02-22	1.00
1978-02-23	1.00
1978-02-24	1.00
1978-02-25	1.00
1978-02-26	1.00
1978-02-27	1.00
1978-02-28	1.00
1978-03-01	1.00
1978-03-02	1.00
1978-03-03	1.00
1978-03-04	1.00
1978-03-05	1.00
1978-03-06	1.00
1978-03-07	1.00
1978-03-08	1.00
1978-03-09	1.00
1978-03-10	1.00
1978-03-11	1.00
1978-03-12	1.00
1978-03-13	1.00
1978-03-14	1.00
1978-03-15	1.00
1978-03-16	1.00
1978-03-17	1.00
1978-03-18	1.00
1978-03-19	1.00
1978-03-20	1.00
1978-03-21	1.00
1978-03-22	1.00
1978-03-23	1.00
1978-03-24	1.00
1978-03-25	1.00
1978-03-26	1.00
1978-03-27	1.00
1978-03-28	1.00
1978-03-29	1.00
1978-03-30	1.00
1978-03-31	1.00
1978-04-01	1.00
1978-04-02	1.00
1978-04-03	1.00
1978-04-04	1.00
1978-04-05	1.00
1978-04-06	1.00
1978-04-07	1.00
1978-04-08	1.00
1978-04-09	1.00
1978-04-10	1.00
1978-04-11	1.00
1978-04-12	1.00
1978-04-13	1.00
1978-04-14	1.00
1978-04-15	1.00
1978-04-16	1.00
1978-04-17	1.00
1978-04-18	1.00
1978-04-19	1.00
1978-04-20	1.00
1978-04-21	1.00
1978-04-22	1.00
1978-04-23	1.00
1978-04-24	1.00
1978-04-25	1.00
1978-04-26	1.00
1978-04-27	1.00
1978-04-28	1.00
1978-04-29	1.00
1978-04-30	1.00
1978-05-01	1.00
1978-05-02	1.00
1978-05-03	1.00
1978-05-04	1.00
1978-05-05	1.00
1978-05-06	1.00
1978-05-07	1.00
1978-05-08	0.95
1978-05-09	0.95
1978-05-10	0.95
1978-05-11	0.95
1978-05-12	1.00
1978-05-13	1.00
1978-05-14	1.00
1978-05-15	1.00
1978-05-16	0.97
1978-05-17	0.95
1978-05-18	1.00
1978-05-19	1.00
1978-05-20	1.00
1978-05-21	0.96
1978-05-22	1.00
1978-05-23	1.00
1978-05-24	0.96
1978-05-25	0.95
1978-05-26	0.95
1978-05-27	0.96
1978-05-28	0.97
1978-05-29	1.00
1978-05-30	1.00
1978-05-31	1.00
1978-06-01	1.00
1978-06-02	1.00
1978-06-03	1.00
1978-06-04	1.00
1978-06-05	1.00
1978-06-06	0.96
1978-06-07	1.00
1978-06-08	0.95
1978-06-09	1.00
1978-06-10	1.00
1978-06-11	1.00
1978-06-12	0.96
1978-06-13	1.00
1978-06-14	0.95
1978-06-15	0.95
1978-06-16	1.00
1978-06-17	0.97
1978-06-18	0.92
1978-06-19	0.92
1978-06-20	0.92
1978-06-21	1.00
1978-06-22	1.00
1978-06-23	1.00
1978-06-24	1.00
1978-06-25	1.00
1978-06-26	1.00
1978-06-27	0.95
1978-06-28	0.97
1978-06-29	1.00
1978-06-30	0.97
1978-07-01	0.96
1978-07-02	0.96
1978-07-03	0.94
1978-07-04	0.92
1978-07-05	0.92
1978-07-06	0.92
1978-07-07	0.93
1978-07-08	0.92
1978-07-09	0.92
1978-07-10	0.92
1978-07-11	0.92
1978-07-12	0.92
1978-07-13	0.92
1978-07-14	0.93
1978-07-15	0.92
1978-07-16	0.92
1978-07-17	0.91
1978-07-18	0.91
1978-07-19	0.90
1978-07-20	0.91
1978-07-21	0.91
1978-07-22	0.92
1978-07-23	0.93
1978-07-24	0.94
1978-07-25	0.92
1978-07-26	0.92
1978-07-27	0.92
1978-07-28	0.91
1978-07-29	0.91
1978-07-30	0.91
1978-07-31	0.91
1978-08-01	0.92
1978-08-02	0.93
1978-08-03	0.95
1978-08-04	0.93
1978-08-05	0.92
1978-08-06	0.92
1978-08-07	0.92
1978-08-08	0.92
1978-08-09	0.92
1978-08-10	0.92
1978-08-11	0.92
1978-08-12	0.92
1978-08-13	0.92
1978-08-14	0.92
1978-08-15	0.92
1978-08-16	0.92
1978-08-17	0.93
1978-08-18	0.96
1978-08-19	0.95
1978-08-20	0.95
1978-08-21	0.96
1978-08-22	0.96
1978-08-23	0.93
1978-08-24	0.92
1978-08-25	0.92
1978-08-26	0.93
1978-08-27	0.93
1978-08-28	0.92
1978-08-29	0.95
1978-08-30	0.95
1978-08-31	0.94
1978-09-01	1.00
1978-09-02	1.00
1978-09-03	1.00
1978-09-04	1.00
1978-09-05	0.96
1978-09-06	0.95
1978-09-07	0.96
1978-09-08	0.96
1978-09-09	0.96
1978-09-10	1.00
1978-09-11	1.00
1978-09-12	1.00
1978-09-13	0.95
1978-09-14	0.95
1978-09-15	0.95
1978-09-16	1.00
1978-09-17	1.00
1978-09-18	0.96
1978-09-19	0.95
1978-09-20	0.95
1978-09-21	1.00
1978-09-22	1.00
1978-09-23	0.96
1978-09-24	0.96
1978-09-25	0.96
1978-09-26	1.00
1978-09-27	0.96
1978-09-28	0.95
1978-09-29	0.95
1978-09-30	0.95
1978-10-01	1.00
1978-10-02	1.00
1978-10-03	1.00
1978-10-04	1.00
1978-10-05	1.00
1978-10-06	1.00
1978-10-07	1.00
1978-10-08	1.00
1978-10-09	1.00
1978-10-10	1.00
1978-10-11	1.00
1978-10-12	1.00
1978-10-13	1.00
1978-10-14	1.00
1978-10-15	1.00
1978-10-16	1.00
1978-10-17	1.00
1978-10-18	1.00
1978-10-19	1.00
1978-10-20	1.00
1978-10-21	1.00
1978-10-22	1.00
1978-10-23	1.00
1978-10-24	1.00
1978-10-25	1.00
1978-10-26	1.00
1978-10-27	1.00
1978-10-28	1.00
1978-10-29	1.00
1978-10-30	1.00
1978-10-31	1.00
1978-11-01	1.00
1978-11-02	1.00
1978-11-03	1.00
1978-11-04	1.00
1978-11-05	1.00
1978-11-06	1.00
1978-11-07	1.00
1978-11-08	1.00
1978-11-09	1.00
1978-11-10	1.00
1978-11-11	1.00
1978-11-12	1.00
1978-11-13	1.00
1978-11-14	1.00
1978-11-15	1.00
1978-11-16	1.00
1978-11-17	1.00
1978-11-18	1.00
1978-11-19	1.00
1978-11-20	1.00
1978-11-21	1.00
1978-11-22	1.00
1978-11-23	1.00
1978-11-24	1.00
1978-11-25	1.00
1978-11-26	1.00
1978-11-27	1.00
1978-11-28	1.00
1978-11-29	1.00
1978-11-30	1.00
1978-12-01	1.00
1978-12-02	1.00
1978-12-03	1.00
1978-12-04	1.00
1978-12-05	1.00
1978-12-06	1.00
1978-12-07	1.00
1978-12-08	1.00
1978-12-09	1.00
1978-12-10	1.00
1978-12-11	1.00
1978-12-12	1.00
1978-12-13	1.00
1978-12-14	1.00
1978-12-15	1.00
1978-12-16	1.00
1978-12-17	1.00
1978-12-18	1.00
1978-12-19	1.00
1978-12-20	1.00
1978-12-21	1.00
1978-12-22	1.00
1978-12-23	1.00
1978-12-24	1.00
1978-12-25	1.00
1978-12-26	1.00
1978-12-27	1.00
1978-12-28	1.00
1978-12-29	1.00
1978-12-30	1.00
1978-12-31	1.00
1979-01-01	1.00
1979-01-02	1.00
1979-01-03	1.00
1979-01-04	1.00
1979-01-05	1.00
1979-01-06	1.00
1979-01-07	1.00
1979-01-08	1.00
1979-01-09	1.00
1979-01-10	1.00
1979-01-11	1.00
1979-01-12	1.00
1979-01-13	1.00
1979-01-14	1.00
1979-01-15	1.00
1979-01-16	1.00
1979-01-17	1.00
1979-01-18	1.00
1979-01-19	1.00
1979-01-20	1.00
1979-01-21	1.00
1979-01-22	1.00
1979-01-23	1.00
1979-01-24	1.00
1979-01-25	1.00
1979-01-26	1.00
1979-01-27	1.00
1979-01-28	1.00
1979-01-29	1.00
1979-01-30	1.00
1979-01-31	1.00
1979-02-01	1.00
1979-02-02	1.00
1979-02-03	1.00
1979-02-04	1.00
1979-02-05	1.00
1979-02-06	1.00
1979-02-07	1.00
1979-02-08	1.00
1979-02-09	1.00
1979-02-10	1.00
1979-02-11	1.00
1979-02-12	1.00
1979-02-13	1.00
1979-02-14	1.00
1979-02-15	1.00
1979-02-16	1.00
1979-02-17	1.00
1979-02-18	1.00
1979-02-19	1.00
1979-02-20	1.00
1979-02-21	1.00
1979-02-22	1.00
1979-02-23	1.00
1979-02-24	1.00
1979-02-25	1.00
1979-02-26	1.00
1979-02-27	1.00
1979-02-28	1.00
1979-03-01	1.00
1979-03-02	1.00
1979-03-03	1.00
1979-03-04	1.00
1979-03-05	1.00
1979-03-06	1.00
1979-03-07	1.00
1979-03-08	1.00
1979-03-09	1.00
1979-03-10	1.00
1979-03-11	1.00
1979-03-12	1.00
1979-03-13	1.00
1979-03-14	1.00
1979-03-15	1.00
1979-03-16	1.00
1979-03-17	1.00
1979-03-18	1.00
1979-03-19	1.00
1979-03-20	1.00
1979-03-21	1.00
1979-03-22	1.00
1979-03-23	1.00
1979-03-24	1.00
1979-03-25	1.00
1979-03-26	1.00
1979-03-27	1.00
1979-03-28	1.00
1979-03-29	1.00
1979-03-30	1.00
1979-03-31	1.00
1979-04-01	1.00
1979-04-02	1.00
1979-04-03	1.00
1979-04-04	1.00
1979-04-05	1.00
1979-04-06	1.00
1979-04-07	1.00
1979-04-08	1.00
1979-04-09	1.00
1979-04-10	1.00
1979-04-11	1.00
1979-04-12	1.00
1979-04-13	1.00
1979-04-14	1.00
1979-04-15	1.00
1979-04-16	1.00
1979-04-17	1.00
1979-04-18	1.00
1979-04-19	1.00
1979-04-20	1.00
1979-04-21	1.00
1979-04-22	1.00
1979-04-23	1.00
1979-04-24	1.00
1979-04-25	1.00
1979-04-26	1.00
1979-04-27	1.00
1979-04-28	1.00
1979-04-29	1.00
1979-04-30	1.00
1979-05-01	1.00
1979-05-02	1.00
1979-05-03	1.00
1979-05-04	1.00
1979-05-05	1.00
1979-05-06	1.00
1979-05-07	1.00
1979-05-08	1.00
1979-05-09	1.00
1979-05-10	0.97
1979-05-11	0.96
1979-05-12	1.00
1979-05-13	0.97
1979-05-14	1.00
1979-05-15	1.00
1979-05-16	1.00
1979-05-17	1.00
1979-05-18	1.00
1979-05-19	0.95
1979-05-20	1.00
1979-05-21	1.00
1979-05-22	1.00
1979-05-23	1.00
1979-05-24	1.00
1979-05-25	1.00
1979-05-26	0.96
1979-05-27	1.00
1979-05-28	1.00
1979-05-29	0.96
1979-05-30	0.96
1979-05-31	0.96
1979-06-01	0.95
1979-06-02	0.96
1979-06-03	0.96
1979-06-04	0.94
1979-06-05	0.94
1979-06-06	1.00
1979-06-07	1.00
1979-06-08	0.96
1979-06-09	0.97
1979-06-10	0.96
1979-06-11	0.96
1979-06-12	0.93
1979-06-13	1.00
1979-06-14	1.00
1979-06-15	1.00
1979-06-16	1.00
1979-06-17	0.96
1979-06-18	0.95
1979-06-19	0.94
1979-06-20	0.95
1979-06-21	1.00
1979-06-22	1.00
1979-06-23	0.92
1979-06-24	0.92
1979-06-25	0.92
1979-06-26	0.95
1979-06-27	0.96
1979-06-28	0.95
1979-06-29	0.95
1979-06-30	0.95
1979-07-01	0.95
1979-07-02	0.95
1979-07-03	0.96
1979-07-04	0.95
1979-07-05	0.95
1979-07-06	0.94
1979-07-07	0.93
1979-07-08	0.92
1979-07-09	0.92
1979-07-10	0.93
1979-07-11	0.94
1979-07-12	0.93
1979-07-13	1.00
1979-07-14	1.00
1979-07-15	1.00
1979-07-16	0.92
1979-07-17	0.92
1979-07-18	0.94
1979-07-19	0.95
1979-07-20	0.92
1979-07-21	0.91
1979-07-22	0.92
1979-07-23	0.92
1979-07-24	0.95
1979-07-25	1.00
1979-07-26	0.96
1979-07-27	0.95
1979-07-28	0.94
1979-07-29	0.93
1979-07-30	0.93
1979-07-31	0.92
1979-08-01	0.93
1979-08-02	0.93
1979-08-03	0.93
1979-08-04	0.93
1979-08-05	0.93
1979-08-06	0.93
1979-08-07	0.93
1979-08-08	0.93
1979-08-09	0.93
1979-08-10	1.00
1979-08-11	1.00
1979-08-12	0.97
1979-08-13	0.97
1979-08-14	1.00
1979-08-15	1.00
1979-08-16	1.00
1979-08-17	1.00
1979-08-18	1.00
1979-08-19	0.96
1979-08-20	0.95
1979-08-21	0.96
1979-08-22	1.00
1979-08-23	1.00
1979-08-24	1.00
1979-08-25	0.97
1979-08-26	0.96
1979-08-27	0.95
1979-08-28	0.95
1979-08-29	0.95
1979-08-30	0.95
1979-08-31	0.95
1979-09-01	0.94
1979-09-02	0.94
1979-09-03	0.95
1979-09-04	0.96
1979-09-05	1.00
1979-09-06	1.00
1979-09-07	1.00
1979-09-08	1.00
1979-09-09	1.00
1979-09-10	1.00
1979-09-11	1.00
1979-09-12	1.00
1979-09-13	1.00
1979-09-14	1.00
1979-09-15	1.00
1979-09-16	1.00
1979-09-17	1.00
1979-09-18	1.00
1979-09-19	1.00
1979-09-20	1.00
1979-09-21	1.00
1979-09-22	1.00
1979-09-23	0.95
1979-09-24	1.00
1979-09-25	1.00
1979-09-26	1.00
1979-09-27	1.00
1979-09-28	1.00
1979-09-29	1.00
1979-09-30	1.00
1979-10-01	1.00
1979-10-02	1.00
1979-10-03	1.00
1979-10-04	1.00
1979-10-05	1.00
1979-10-06	1.00
1979-10-07	1.00
1979-10-08	1.00
1979-10-09	1.00
1979-10-10	1.00
1979-10-11	1.00
1979-10-12	1.00
1979-10-13	1.00
1979-10-14	1.00
1979-10-15	1.00
1979-10-16	1.00
1979-10-17	1.00
1979-10-18	1.00
1979-10-19	1.00
1979-10-20	1.00
1979-10-21	1.00
1979-10-22	1.00
1979-10-23	1.00
1979-10-24	1.00
1979-10-25	1.00
1979-10-26	1.00
1979-10-27	1.00
1979-10-28	1.00
1979-10-29	1.00
1979-10-30	1.00
1979-10-31	1.00
1979-11-01	1.00
1979-11-02	1.00
1979-11-03	1.00
1979-11-04	1.00
1979-11-05	1.00
1979-11-06	1.00
1979-11-07	1.00
1979-11-08	1.00
1979-11-09	1.00
1979-11-10	1.00
1979-11-11	1.00
1979-11-12	1.00
1979-11-13	1.00
1979-11-14	1.00
1979-11-15	1.00
1979-11-16	1.00
1979-11-17	1.00
1979-11-18	1.00
1979-11-19	1.00
1979-11-20	1.00
1979-11-21	1.00
1979-11-22	1.00
1979-11-23	1.00
1979-11-24	0.97
1979-11-25	0.96
1979-11-26	1.00
1979-11-27	1.00
1979-11-28	1.00
1979-11-29	1.00
1979-11-30	1.00
1979-12-01	1.00
1979-12-02	1.00
1979-12-03	1.00
1979-12-04	1.00
1979-12-05	1.00
1979-12-06	1.00
1979-12-07	1.00
1979-12-08	1.00
1979-12-09	1.00
1979-12-10	1.00
1979-12-11	1.00
1979-12-12	1.00
1979-12-13	1.00
1979-12-14	1.00
1979-12-15	1.00
1979-12-16	1.00
1979-12-17	1.00
1979-12-18	1.00
1979-12-19	1.00
1979-12-20	1.00
1979-12-21	1.00
1979-12-22	1.00
1979-12-23	1.00
1979-12-24	1.00
1979-12-25	1.00
1979-12-26	1.00
1979-12-27	1.00
1979-12-28	1.00
1979-12-29	1.00
1979-12-30	1.00
1979-12-31	1.00
1980-01-01	1.00
1980-01-02	1.00
1980-01-03	1.00
1980-01-04	1.00
1980-01-05	1.00
1980-01-06	1.00
1980-01-07	1.00
1980-01-08	1.00
1980-01-09	1.00
1980-01-10	1.00
1980-01-11	1.00
1980-01-12	1.00
1980-01-13	1.00
1980-01-14	1.00
1980-01-15	1.00
1980-01-16	1.00
1980-01-17	1.00
1980-01-18	1.00
1980-01-19	1.00
1980-01-20	1.00
1980-01-21	1.00
1980-01-22	1.00
1980-01-23	1.00
1980-01-24	1.00
1980-01-25	1.00
1980-01-26	1.00
1980-01-27	1.00
1980-01-28	1.00
1980-01-29	1.00
1980-01-30	1.00
1980-01-31	1.00
1980-02-01	1.00
1980-02-02	1.00
1980-02-03	1.00
1980-02-04	1.00
1980-02-05	1.00
1980-02-06	1.00
1980-02-07	1.00
1980-02-08	1.00
1980-02-09	1.00
1980-02-10	1.00
1980-02-11	1.00
1980-02-12	1.00
1980-02-13	1.00
1980-02-14	1.00
1980-02-15	1.00
1980-02-16	1.00
1980-02-17	1.00
1980-02-18	1.00
1980-02-19	1.00
1980-02-20	1.00
1980-02-21	1.00
1980-02-22	1.00
1980-02-23	1.00
1980-02-24	1.00
1980-02-25	1.00
1980-02-26	1.00
1980-02-27	1.00
1980-02-28	1.00
1980-02-29	1.00
1980-03-01	1.00
1980-03-02	1.00
1980-03-03	1.00
1980-03-04	1.00
1980-03-05	1.00
1980-03-06	1.00
1980-03-07	1.00
1980-03-08	1.00
1980-03-09	1.00
1980-03-10	1.00
1980-03-11	1.00
1980-03-12	1.00
1980-03-13	1.00
1980-03-14	1.00
1980-03-15	1.00
1980-03-16	1.00
1980-03-17	1.00
1980-03-18	1.00
1980-03-19	1.00
1980-03-20	1.00
1980-03-21	1.00
1980-03-22	1.00
1980-03-23	1.00
1980-03-24	1.00
1980-03-25	1.00
1980-03-26	1.00
1980-03-27	1.00
1980-03-28	1.00
1980-03-29	1.00
1980-03-30	1.00
1980-03-31	1.00
1980-04-01	1.00
1980-04-02	1.00
1980-04-03	1.00
1980-04-04	1.00
1980-04-05	1.00
1980-04-06	1.00
1980-04-07	1.00
1980-04-08	1.00
1980-04-09	1.00
1980-04-10	1.00
1980-04-11	1.00
1980-04-12	1.00
1980-04-13	1.00
1980-04-14	1.00
1980-04-15	1.00
1980-04-16	1.00
1980-04-17	1.00
1980-04-18	1.00
1980-04-19	1.00
1980-04-20	1.00
1980-04-21	1.00
1980-04-22	1.00
1980-04-23	1.00
1980-04-24	1.00
1980-04-25	1.00
1980-04-26	0.96
1980-04-27	0.97
1980-04-28	1.00
1980-04-29	1.00
1980-04-30	1.00
1980-05-01	1.00
1980-05-02	1.00
1980-05-03	1.00
1980-05-04	1.00
1980-05-05	1.00
1980-05-06	1.00
1980-05-07	1.00
1980-05-08	1.00
1980-05-09	1.00
1980-05-10	1.00
1980-05-11	1.00
1980-05-12	1.00
1980-05-13	1.00
1980-05-14	1.00
1980-05-15	1.00
1980-05-16	1.00
1980-05-17	1.00
1980-05-18	1.00
1980-05-19	1.00
1980-05-20	1.00
1980-05-21	0.96
1980-05-22	1.00
1980-05-23	1.00
1980-05-24	1.00
1980-05-25	1.00
1980-05-26	0.94
1980-05-27	0.93
1980-05-28	0.94
1980-05-29	0.97
1980-05-30	1.00
1980-05-31	1.00
1980-06-01	0.97
1980-06-02	0.94
1980-06-03	0.95
1980-06-04	0.96
1980-06-05	0.95
1980-06-06	0.95
1980-06-07	0.93
1980-06-08	0.96
1980-06-09	1.00
1980-06-10	1.00
1980-06-11	0.95
1980-06-12	0.93
1980-06-13	0.93
1980-06-14	0.97
1980-06-15	1.00
1980-06-16	1.00
1980-06-17	0.97
1980-06-18	0.93
1980-06-19	0.92
1980-06-20	0.92
1980-06-21	0.92
1980-06-22	0.92
1980-06-23	0.93
1980-06-24	0.92
1980-06-25	0.92
1980-06-26	0.93
1980-06-27	0.92
1980-06-28	0.93
1980-06-29	0.93
1980-06-30	0.93
1980-07-01	0.96
1980-07-02	0.96
1980-07-03	0.95
1980-07-04	0.94
1980-07-05	0.93
1980-07-06	0.93
1980-07-07	0.93
1980-07-08	0.94
1980-07-09	0.93
1980-07-10	0.94
1980-07-11	0.95
1980-07-12	0.96
1980-07-13	0.97
1980-07-14	0.96
1980-07-15	0.95
1980-07-16	0.95
1980-07-17	0.95
1980-07-18	0.95
1980-07-19	0.93
1980-07-20	0.94
1980-07-21	0.96
1980-07-22	0.96
1980-07-23	0.95
1980-07-24	0.94
1980-07-25	0.97
1980-07-26	1.00
1980-07-27	1.00
1980-07-28	0.96
1980-07-29	0.95
1980-07-30	0.95
1980-07-31	0.94
1980-08-01	0.93
1980-08-02	0.92
1980-08-03	0.92
1980-08-04	0.92
1980-08-05	0.92
1980-08-06	0.95
1980-08-07	1.00
1980-08-08	0.96
1980-08-09	0.94
1980-08-10	0.96
1980-08-11	0.96
1980-08-12	0.95
1980-08-13	0.95
1980-08-14	0.95
1980-08-15	0.95
1980-08-16	0.95
1980-08-17	0.95
1980-08-18	0.94
1980-08-19	0.94
1980-08-20	0.93
1980-08-21	0.93
1980-08-22	0.96
1980-08-23	1.00
1980-08-24	1.00
1980-08-25	0.96
1980-08-26	0.95
1980-08-27	0.94
1980-08-28	0.94
1980-08-29	0.94
1980-08-30	0.93
1980-08-31	0.93
1980-09-01	0.94
1980-09-02	0.94
1980-09-03	0.94
1980-09-04	0.95
1980-09-05	0.97
1980-09-06	1.00
1980-09-07	0.96
1980-09-08	0.96
1980-09-09	0.95
1980-09-10	0.95
1980-09-11	0.96
1980-09-12	0.96
1980-09-13	1.00
1980-09-14	1.00
1980-09-15	1.00
1980-09-16	1.00
1980-09-17	1.00
1980-09-18	1.00
1980-09-19	1.00
1980-09-20	1.00
1980-09-21	1.00
1980-09-22	1.00
1980-09-23	0.96
1980-09-24	0.96
1980-09-25	0.97
1980-09-26	0.97
1980-09-27	1.00
1980-09-28	1.00
1980-09-29	1.00
1980-09-30	1.00
1980-10-01	1.00
1980-10-02	1.00
1980-10-03	1.00
1980-10-04	1.00
1980-10-05	1.00
1980-10-06	1.00
1980-10-07	1.00
1980-10-08	1.00
1980-10-09	1.00
1980-10-10	1.00
1980-10-11	1.00
1980-10-12	1.00
1980-10-13	1.00
1980-10-14	1.00
1980-10-15	1.00
1980-10-16	1.00
1980-10-17	1.00
1980-10-18	1.00
1980-10-19	1.00
1980-10-20	1.00
1980-10-21	1.00
1980-10-22	1.00
1980-10-23	1.00
1980-10-24	1.00
1980-10-25	1.00
1980-10-26	1.00
1980-10-27	1.00
1980-10-28	1.00
1980-10-29	1.00
1980-10-30	1.00
1980-10-31	1.00
1980-11-01	1.00
1980-11-02	1.00
1980-11-03	1.00
1980-11-04	1.00
1980-11-05	1.00
1980-11-06	1.00
1980-11-07	1.00
1980-11-08	1.00
1980-11-09	1.00
1980-11-10	1.00
1980-11-11	1.00
1980-11-12	1.00
1980-11-13	1.00
1980-11-14	1.00
1980-11-15	1.00
1980-11-16	1.00
1980-11-17	1.00
1980-11-18	1.00
1980-11-19	1.00
1980-11-20	1.00
1980-11-21	1.00
1980-11-22	1.00
1980-11-23	1.00
1980-11-24	1.00
1980-11-25	1.00
1980-11-26	1.00
1980-11-27	1.00
1980-11-28	1.00
1980-11-29	1.00
1980-11-30	1.00
1980-12-01	1.00
1980-12-02	1.00
1980-12-03	1.00
1980-12-04	1.00
1980-12-05	0.96
1980-12-06	1.00
1980-12-07	1.00
1980-12-08	0.96
1980-12-09	1.00
1980-12-10	1.00
1980-12-11	1.00
1980-12-12	1.00
1980-12-13	1.00
1980-12-14	1.00
1980-12-15	1.00
1980-12-16	1.00
1980-12-17	1.00
1980-12-18	1.00
1980-12-19	1.00
1980-12-20	1.00
1980-12-21	1.00
1980-12-22	1.00
1980-12-23	1.00
1980-12-24	1.00
1980-12-25	1.00
1980-12-26	1.00
1980-12-27	1.00
1980-12-28	1.00
1980-12-29	1.00
1980-12-30	1.00
1980-12-31	1.00
1981-01-01	1.00
1981-01-02	1.00
1981-01-03	1.00
1981-01-04	1.00
1981-01-05	1.00
1981-01-06	1.00
1981-01-07	1.00
1981-01-08	1.00
1981-01-09	1.00
1981-01-10	1.00
1981-01-11	1.00
1981-01-12	1.00
1981-01-13	1.00
1981-01-14	1.00
1981-01-15	1.00
1981-01-16	1.00
1981-01-17	1.00
1981-01-18	1.00
1981-01-19	1.00
1981-01-20	1.00
1981-01-21	1.00
1981-01-22	1.00
1981-01-23	1.00
1981-01-24	1.00
1981-01-25	1.00
1981-01-26	1.00
1981-01-27	1.00
1981-01-28	1.00
1981-01-29	1.00
1981-01-30	1.00
1981-01-31	1.00
1981-02-01	1.00
1981-02-02	1.00
1981-02-03	1.00
1981-02-04	1.00
1981-02-05	1.00
1981-02-06	1.00
1981-02-07	1.00
1981-02-08	1.00
1981-02-09	1.00
1981-02-10	1.00
1981-02-11	1.00
1981-02-12	1.00
1981-02-13	1.00
1981-02-14	1.00
1981-02-15	1.00
1981-02-16	1.00
1981-02-17	1.00
1981-02-18	1.00
1981-02-19	1.00
1981-02-20	1.00
1981-02-21	1.00
1981-02-22	1.00
1981-02-23	1.00
1981-02-24	1.00
1981-02-25	1.00
1981-02-26	1.00
1981-02-27	1.00
1981-02-28	1.00
1981-03-01	1.00
1981-03-02	1.00
1981-03-03	1.00
1981-03-04	1.00
1981-03-05	1.00
1981-03-06	1.00
1981-03-07	1.00
1981-03-08	1.00
1981-03-09	1.00
1981-03-10	1.00
1981-03-11	1.00
1981-03-12	1.00
1981-03-13	1.00
1981-03-14	1.00
1981-03-15	1.00
1981-03-16	1.00
1981-03-17	1.00
1981-03-18	1.00
1981-03-19	1.00
1981-03-20	1.00
1981-03-21	1.00
1981-03-22	1.00
1981-03-23	1.00
1981-03-24	1.00
1981-03-25	1.00
1981-03-26	1.00
1981-03-27	1.00
1981-03-28	1.00
1981-03-29	1.00
1981-03-30	1.00
1981-03-31	1.00
1981-04-01	1.00
1981-04-02	1.00
1981-04-03	1.00
1981-04-04	1.00
1981-04-05	1.00
1981-04-06	1.00
1981-04-07	1.00
1981-04-08	1.00
1981-04-09	1.00
1981-04-10	1.00
1981-04-11	1.00
1981-04-12	1.00
1981-04-13	1.00
1981-04-14	1.00
1981-04-15	1.00
1981-04-16	1.00
1981-04-17	1.00
1981-04-18	1.00
1981-04-19	0.97
1981-04-20	1.00
1981-04-21	1.00
1981-04-22	1.00
1981-04-23	1.00
1981-04-24	1.00
1981-04-25	1.00
1981-04-26	1.00
1981-04-27	1.00
1981-04-28	0.97
1981-04-29	0.96
1981-04-30	0.96
1981-05-01	0.97
1981-05-02	0.96
1981-05-03	1.00
1981-05-04	1.00
1981-05-05	0.96
1981-05-06	0.96
1981-05-07	0.97
1981-05-08	1.00
1981-05-09	1.00
1981-05-10	1.00
1981-05-11	1.00
1981-05-12	1.00
1981-05-13	1.00
1981-05-14	1.00
1981-05-15	1.00
1981-05-16	1.00
1981-05-17	1.00
1981-05-18	1.00
1981-05-19	1.00
1981-05-20	1.00
1981-05-21	1.00
1981-05-22	1.00
1981-05-23	1.00
1981-05-24	1.00
1981-05-25	1.00
1981-05-26	1.00
1981-05-27	1.00
1981-05-28	1.00
1981-05-29	1.00
1981-05-30	1.00
1981-05-31	1.00
1981-06-01	1.00
1981-06-02	1.00
1981-06-03	0.95
1981-06-04	0.96
1981-06-05	0.96
1981-06-06	0.95
1981-06-07	1.00
1981-06-08	0.97
1981-06-09	0.94
1981-06-10	0.95
1981-06-11	0.96
1981-06-12	1.00
1981-06-13	1.00
1981-06-14	0.94
1981-06-15	0.94
1981-06-16	0.93
1981-06-17	0.93
1981-06-18	1.00
1981-06-19	1.00
1981-06-20	1.00
1981-06-21	1.00
1981-06-22	1.00
1981-06-23	0.96
1981-06-24	0.96
1981-06-25	0.95
1981-06-26	0.94
1981-06-27	0.94
1981-06-28	0.94
1981-06-29	0.94
1981-06-30	1.00
1981-07-01	1.00
1981-07-02	1.00
1981-07-03	1.00
1981-07-04	0.97
1981-07-05	0.95
1981-07-06	0.94
1981-07-07	0.94
1981-07-08	0.94
1981-07-09	0.93
1981-07-10	0.93
1981-07-11	0.93
1981-07-12	0.95
1981-07-13	0.96
1981-07-14	0.95
1981-07-15	0.93
1981-07-16	0.96
1981-07-17	0.96
1981-07-18	0.96
1981-07-19	0.96
1981-07-20	0.95
1981-07-21	0.94
1981-07-22	1.00
1981-07-23	1.00
1981-07-24	0.96
1981-07-25	1.00
1981-07-26	0.96
1981-07-27	0.95
1981-07-28	1.00
1981-07-29	1.00
1981-07-30	1.00
1981-07-31	1.00
1981-08-01	0.96
1981-08-02	0.95
1981-08-03	0.94
1981-08-04	0.94
1981-08-05	0.93
1981-08-06	0.92
1981-08-07	0.92
1981-08-08	0.92
1981-08-09	0.92
1981-08-10	0.92
1981-08-11	0.92
1981-08-12	0.92
1981-08-13	0.92
1981-08-14	0.92
1981-08-15	0.92
1981-08-16	0.92
1981-08-17	0.92
1981-08-18	0.92
1981-08-19	0.92
1981-08-20	0.92
1981-08-21	0.92
1981-08-22	0.93
1981-08-23	0.95
1981-08-24	0.95
1981-08-25	0.94
1981-08-26	0.92
1981-08-27	0.94
1981-08-28	0.92
1981-08-29	0.92
1981-08-30	0.93
1981-08-31	0.93
1981-09-01	1.00
1981-09-02	1.00
1981-09-03	1.00
1981-09-04	1.00
1981-09-05	0.97
1981-09-06	0.95
1981-09-07	0.94
1981-09-08	0.94
1981-09-09	0.93
1981-09-10	0.94
1981-09-11	0.94
1981-09-12	0.93
1981-09-13	0.93
1981-09-14	0.94
1981-09-15	0.97
1981-09-16	1.00
1981-09-17	1.00
1981-09-18	1.00
1981-09-19	0.96
1981-09-20	0.95
1981-09-21	0.95
1981-09-22	0.95
1981-09-23	0.95
1981-09-24	0.96
1981-09-25	1.00
1981-09-26	1.00
1981-09-27	1.00
1981-09-28	1.00
1981-09-29	1.00
1981-09-30	1.00
1981-10-01	1.00
1981-10-02	1.00
1981-10-03	1.00
1981-10-04	1.00
1981-10-05	1.00
1981-10-06	1.00
1981-10-07	1.00
1981-10-08	1.00
1981-10-09	1.00
1981-10-10	1.00
1981-10-11	1.00
1981-10-12	1.00
1981-10-13	1.00
1981-10-14	1.00
1981-10-15	1.00
1981-10-16	1.00
1981-10-17	1.00
1981-10-18	1.00
1981-10-19	1.00
1981-10-20	1.00
1981-10-21	1.00
1981-10-22	1.00
1981-10-23	1.00
1981-10-24	1.00
1981-10-25	1.00
1981-10-26	1.00
1981-10-27	1.00
1981-10-28	1.00
1981-10-29	1.00
1981-10-30	1.00
1981-10-31	1.00
1981-11-01	1.00
1981-11-02	1.00
1981-11-03	1.00
1981-11-04	1.00
1981-11-05	1.00
1981-11-06	1.00
1981-11-07	1.00
1981-11-08	1.00
1981-11-09	1.00
1981-11-10	0.96
1981-11-11	0.96
1981-11-12	0.96
1981-11-13	1.00
1981-11-14	1.00
1981-11-15	1.00
1981-11-16	1.00
1981-11-17	1.00
1981-11-18	1.00
1981-11-19	1.00
1981-11-20	1.00
1981-11-21	1.00
1981-11-22	1.00
1981-11-23	1.00
1981-11-24	1.00
1981-11-25	1.00
1981-11-26	1.00
1981-11-27	1.00
1981-11-28	1.00
1981-11-29	1.00
1981-11-30	1.00
1981-12-01	1.00
1981-12-02	1.00
1981-12-03	1.00
1981-12-04	1.00
1981-12-05	1.00
1981-12-06	1.00
1981-12-07	1.00
1981-12-08	1.00
1981-12-09	1.00
1981-12-10	1.00
1981-12-11	1.00
1981-12-12	1.00
1981-12-13	1.00
1981-12-14	1.00
1981-12-15	1.00
1981-12-16	1.00
1981-12-17	1.00
1981-12-18	1.00
1981-12-19	1.00
1981-12-20	1.00
1981-12-21	1.00
1981-12-22	1.00
1981-12-23	1.00
1981-12-24	1.00
1981-12-25	1.00
1981-12-26	1.00
1981-12-27	1.00
1981-12-28	1.00
1981-12-29	1.00
1981-12-30	1.00
1981-12-31	1.00
1982-01-01	1.00
1982-01-02	1.00
1982-01-03	1.00
1982-01-04	1.00
1982-01-05	1.00
1982-01-06	1.00
1982-01-07	1.00
1982-01-08	1.00
1982-01-09	1.00
1982-01-10	1.00
1982-01-11	1.00
1982-01-12	1.00
1982-01-13	1.00
1982-01-14	1.00
1982-01-15	1.00
1982-01-16	1.00
1982-01-17	1.00
1982-01-18	1.00
1982-01-19	1.00
1982-01-20	1.00
1982-01-21	1.00
1982-01-22	1.00
1982-01-23	1.00
1982-01-24	1.00
1982-01-25	1.00
1982-01-26	1.00
1982-01-27	1.00
1982-01-28	1.00
1982-01-29	1.00
1982-01-30	1.00
1982-01-31	1.00
1982-02-01	1.00
1982-02-02	1.00
1982-02-03	1.00
1982-02-04	1.00
1982-02-05	1.00
1982-02-06	1.00
1982-02-07	1.00
1982-02-08	1.00
1982-02-09	1.00
1982-02-10	1.00
1982-02-11	1.00
1982-02-12	1.00
1982-02-13	1.00
1982-02-14	1.00
1982-02-15	1.00
1982-02-16	1.00
1982-02-17	1.00
1982-02-18	1.00
1982-02-19	1.00
1982-02-20	1.00
1982-02-21	1.00
1982-02-22	1.00
1982-02-23	1.00
1982-02-24	1.00
1982-02-25	1.00
1982-02-26	1.00
1982-02-27	1.00
1982-02-28	1.00
1982-03-01	1.00
1982-03-02	1.00
1982-03-03	1.00
1982-03-04	1.00
1982-03-05	1.00
1982-03-06	1.00
1982-03-07	1.00
1982-03-08	1.00
1982-03-09	1.00
1982-03-10	1.00
1982-03-11	1.00
1982-03-12	1.00
1982-03-13	1.00
1982-03-14	1.00
1982-03-15	1.00
1982-03-16	1.00
1982-03-17	1.00
1982-03-18	1.00
1982-03-19	1.00
1982-03-20	1.00
1982-03-21	1.00
1982-03-22	1.00
1982-03-23	1.00
1982-03-24	1.00
1982-03-25	1.00
1982-03-26	1.00
1982-03-27	1.00
1982-03-28	1.00
1982-03-29	1.00
1982-03-30	1.00
1982-03-31	1.00
1982-04-01	1.00
1982-04-02	1.00
1982-04-03	1.00
1982-04-04	1.00
1982-04-05	1.00
1982-04-06	1.00
1982-04-07	1.00
1982-04-08	1.00
1982-04-09	1.00
1982-04-10	1.00
1982-04-11	1.00
1982-04-12	1.00
1982-04-13	1.00
1982-04-14	1.00
1982-04-15	1.00
1982-04-16	1.00
1982-04-17	1.00
1982-04-18	1.00
1982-04-19	1.00
1982-04-20	1.00
1982-04-21	1.00
1982-04-22	1.00
1982-04-23	1.00
1982-04-24	1.00
1982-04-25	1.00
1982-04-26	1.00
1982-04-27	1.00
1982-04-28	1.00
1982-04-29	1.00
1982-04-30	1.00
1982-05-01	1.00
1982-05-02	1.00
1982-05-03	1.00
1982-05-04	1.00
1982-05-05	1.00
1982-05-06	1.00
1982-05-07	1.00
1982-05-08	1.00
1982-05-09	1.00
1982-05-10	1.00
1982-05-11	1.00
1982-05-12	1.00
1982-05-13	1.00
1982-05-14	1.00
1982-05-15	1.00
1982-05-16	1.00
1982-05-17	1.00
1982-05-18	1.00
1982-05-19	0.96
1982-05-20	0.96
1982-05-21	0.96
1982-05-22	0.95
1982-05-23	0.95
1982-05-24	0.96
1982-05-25	0.96
1982-05-26	1.00
1982-05-27	1.00
1982-05-28	0.94
1982-05-29	0.96
1982-05-30	1.00
1982-05-31	1.00
1982-06-01	1.00
1982-06-02	1.00
1982-06-03	0.95
1982-06-04	0.96
1982-06-05	1.00
1982-06-06	1.00
1982-06-07	1.00
1982-06-08	1.00
1982-06-09	0.96
1982-06-10	0.96
1982-06-11	0.95
1982-06-12	0.95
1982-06-13	0.94
1982-06-14	0.93
1982-06-15	0.94
1982-06-16	0.96
1982-06-17	0.95
1982-06-18	0.95
1982-06-19	0.94
1982-06-20	0.93
1982-06-21	0.92
1982-06-22	0.95
1982-06-23	0.96
1982-06-24	0.95
1982-06-25	0.93
1982-06-26	0.93
1982-06-27	0.93
1982-06-28	0.93
1982-06-29	0.96
1982-06-30	1.00
1982-07-01	1.00
1982-07-02	0.96
1982-07-03	0.95
1982-07-04	0.94
1982-07-05	0.94
1982-07-06	0.94
1982-07-07	0.93
1982-07-08	0.92
1982-07-09	0.92
1982-07-10	0.93
1982-07-11	0.93
1982-07-12	0.93
1982-07-13	0.95
1982-07-14	0.95
1982-07-15	0.96
1982-07-16	0.96
1982-07-17	0.96
1982-07-18	0.94
1982-07-19	0.95
1982-07-20	0.95
1982-07-21	0.96
1982-07-22	0.96
1982-07-23	0.95
1982-07-24	0.94
1982-07-25	0.93
1982-07-26	0.92
1982-07-27	0.93
1982-07-28	0.93
1982-07-29	0.93
1982-07-30	0.93
1982-07-31	0.93
1982-08-01	0.92
1982-08-02	0.92
1982-08-03	0.92
1982-08-04	0.92
1982-08-05	0.92
1982-08-06	0.93
1982-08-07	0.95
1982-08-08	0.94
1982-08-09	0.93
1982-08-10	0.93
1982-08-11	0.92
1982-08-12	0.92
1982-08-13	0.92
1982-08-14	0.92
1982-08-15	0.92
1982-08-16	0.93
1982-08-17	0.92
1982-08-18	0.93
1982-08-19	0.95
1982-08-20	1.00
1982-08-21	1.00
1982-08-22	1.00
1982-08-23	0.94
1982-08-24	0.93
1982-08-25	0.92
1982-08-26	0.92
1982-08-27	0.93
1982-08-28	0.96
1982-08-29	1.00
1982-08-30	0.97
1982-08-31	0.95
1982-09-01	0.97
1982-09-02	1.00
1982-09-03	0.96
1982-09-04	0.97
1982-09-05	0.97
1982-09-06	1.00
1982-09-07	1.00
1982-09-08	0.95
1982-09-09	0.95
1982-09-10	0.95
1982-09-11	0.95
1982-09-12	0.94
1982-09-13	0.94
1982-09-14	0.95
1982-09-15	1.00
1982-09-16	1.00
1982-09-17	1.00
1982-09-18	1.00
1982-09-19	1.00
1982-09-20	1.00
1982-09-21	0.95
1982-09-22	1.00
1982-09-23	1.00
1982-09-24	1.00
1982-09-25	0.95
1982-09-26	0.96
1982-09-27	0.95
1982-09-28	1.00
1982-09-29	1.00
1982-09-30	1.00
1982-10-01	1.00
1982-10-02	1.00
1982-10-03	1.00
1982-10-04	1.00
1982-10-05	1.00
1982-10-06	1.00
1982-10-07	1.00
1982-10-08	1.00
1982-10-09	1.00
1982-10-10	1.00
1982-10-11	1.00
1982-10-12	1.00
1982-10-13	1.00
1982-10-14	1.00
1982-10-15	1.00
1982-10-16	1.00
1982-10-17	1.00
1982-10-18	1.00
1982-10-19	1.00
1982-10-20	1.00
1982-10-21	1.00
1982-10-22	1.00
1982-10-23	1.00
1982-10-24	1.00
1982-10-25	1.00
1982-10-26	1.00
1982-10-27	1.00
1982-10-28	1.00
1982-10-29	1.00
1982-10-30	1.00
1982-10-31	1.00
1982-11-01	1.00
1982-11-02	1.00
1982-11-03	1.00
1982-11-04	1.00
1982-11-05	1.00
1982-11-06	1.00
1982-11-07	1.00
1982-11-08	1.00
1982-11-09	1.00
1982-11-10	1.00
1982-11-11	1.00
1982-11-12	1.00
1982-11-13	1.00
1982-11-14	1.00
1982-11-15	1.00
1982-11-16	1.00
1982-11-17	1.00
1982-11-18	1.00
1982-11-19	1.00
1982-11-20	1.00
1982-11-21	1.00
1982-11-22	1.00
1982-11-23	1.00
1982-11-24	1.00
1982-11-25	1.00
1982-11-26	1.00
1982-11-27	1.00
1982-11-28	1.00
1982-11-29	1.00
1982-11-30	1.00
1982-12-01	1.00
1982-12-02	1.00
1982-12-03	1.00
1982-12-04	1.00
1982-12-05	1.00
1982-12-06	1.00
1982-12-07	1.00
1982-12-08	1.00
1982-12-09	1.00
1982-12-10	1.00
1982-12-11	1.00
1982-12-12	1.00
1982-12-13	1.00
1982-12-14	1.00
1982-12-15	1.00
1982-12-16	1.00
1982-12-17	1.00
1982-12-18	1.00
1982-12-19	1.00
1982-12-20	1.00
1982-12-21	1.00
1982-12-22	1.00
1982-12-23	1.00
1982-12-24	1.00
1982-12-25	1.00
1982-12-26	1.00
1982-12-27	1.00
1982-12-28	1.00
1982-12-29	1.00
1982-12-30	1.00
1982-12-31	1.00
1983-01-01	1.00
1983-01-02	1.00
1983-01-03	1.00
1983-01-04	1.00
1983-01-05	1.00
1983-01-06	1.00
1983-01-07	1.00
1983-01-08	1.00
1983-01-09	1.00
1983-01-10	1.00
1983-01-11	1.00
1983-01-12	1.00
1983-01-13	1.00
1983-01-14	1.00
1983-01-15	1.00
1983-01-16	1.00
1983-01-17	1.00
1983-01-18	1.00
1983-01-19	1.00
1983-01-20	1.00
1983-01-21	1.00
1983-01-22	1.00
1983-01-23	1.00
1983-01-24	1.00
1983-01-25	1.00
1983-01-26	1.00
1983-01-27	1.00
1983-01-28	1.00
1983-01-29	1.00
1983-01-30	1.00
1983-01-31	1.00
1983-02-01	1.00
1983-02-02	1.00
1983-02-03	1.00
1983-02-04	1.00
1983-02-05	1.00
1983-02-06	1.00
1983-02-07	1.00
1983-02-08	1.00
1983-02-09	1.00
1983-02-10	1.00
1983-02-11	1.00
1983-02-12	1.00
1983-02-13	1.00
1983-02-14	1.00
1983-02-15	1.00
1983-02-16	1.00
1983-02-17	1.00
1983-02-18	1.00
1983-02-19	1.00
1983-02-20	1.00
1983-02-21	1.00
1983-02-22	1.00
1983-02-23	1.00
1983-02-24	1.00
1983-02-25	1.00
1983-02-26	1.00
1983-02-27	1.00
1983-02-28	1.00
1983-03-01	1.00
1983-03-02	1.00
1983-03-03	0.97
1983-03-04	1.00
1983-03-05	1.00
1983-03-06	1.00
1983-03-07	1.00
1983-03-08	1.00
1983-03-09	1.00
1983-03-10	1.00
1983-03-11	1.00
1983-03-12	1.00
1983-03-13	1.00
1983-03-14	1.00
1983-03-15	1.00
1983-03-16	1.00
1983-03-17	1.00
1983-03-18	1.00
1983-03-19	1.00
1983-03-20	1.00
1983-03-21	1.00
1983-03-22	1.00
1983-03-23	1.00
1983-03-24	1.00
1983-03-25	1.00
1983-03-26	1.00
1983-03-27	1.00
1983-03-28	1.00
1983-03-29	1.00
1983-03-30	1.00
1983-03-31	1.00
1983-04-01	1.00
1983-04-02	1.00
1983-04-03	1.00
1983-04-04	1.00
1983-04-05	1.00
1983-04-06	1.00
1983-04-07	1.00
1983-04-08	1.00
1983-04-09	1.00
1983-04-10	1.00
1983-04-11	1.00
1983-04-12	1.00
1983-04-13	1.00
1983-04-14	1.00
1983-04-15	1.00
1983-04-16	1.00
1983-04-17	1.00
1983-04-18	1.00
1983-04-19	1.00
1983-04-20	1.00
1983-04-21	1.00
1983-04-22	1.00
1983-04-23	1.00
1983-04-24	1.00
1983-04-25	1.00
1983-04-26	1.00
1983-04-27	1.00
1983-04-28	1.00
1983-04-29	1.00
1983-04-30	1.00
1983-05-01	1.00
1983-05-02	1.00
1983-05-03	1.00
1983-05-04	1.00
1983-05-05	1.00
1983-05-06	1.00
1983-05-07	1.00
1983-05-08	1.00
1983-05-09	1.00
1983-05-10	1.00
1983-05-11	1.00
1983-05-12	1.00
1983-05-13	1.00
1983-05-14	1.00
1983-05-15	1.00
1983-05-16	1.00
1983-05-17	1.00
1983-05-18	1.00
1983-05-19	1.00
1983-05-20	1.00
1983-05-21	1.00
1983-05-22	1.00
1983-05-23	1.00
1983-05-24	1.00
1983-05-25	1.00
1983-05-26	1.00
1983-05-27	0.97
1983-05-28	0.95
1983-05-29	0.95
1983-05-30	0.97
1983-05-31	1.00
1983-06-01	1.00
1983-06-02	1.00
1983-06-03	1.00
1983-06-04	1.00
1983-06-05	1.00
1983-06-06	0.95
1983-06-07	1.00
1983-06-08	1.00
1983-06-09	1.00
1983-06-10	0.96
1983-06-11	0.96
1983-06-12	1.00
1983-06-13	1.00
1983-06-14	1.00
1983-06-15	1.00
1983-06-16	1.00
1983-06-17	1.00
1983-06-18	1.00
1983-06-19	1.00
1983-06-20	0.97
1983-06-21	0.95
1983-06-22	0.95
1983-06-23	0.94
1983-06-24	0.93
1983-06-25	0.92
1983-06-26	0.96
1983-06-27	0.96
1983-06-28	0.95
1983-06-29	0.94
1983-06-30	0.95
1983-07-01	0.95
1983-07-02	0.92
1983-07-03	0.93
1983-07-04	0.95
1983-07-05	0.95
1983-07-06	0.93
1983-07-07	0.94
1983-07-08	0.95
1983-07-09	0.95
1983-07-10	0.94
1983-07-11	0.94
1983-07-12	0.93
1983-07-13	0.92
1983-07-14	0.92
1983-07-15	0.92
1983-07-16	0.94
1983-07-17	0.93
1983-07-18	0.93
1983-07-19	0.93
1983-07-20	0.93
1983-07-21	0.95
1983-07-22	0.93
1983-07-23	1.00
1983-07-24	1.00
1983-07-25	1.00
1983-07-26	0.97
1983-07-27	0.96
1983-07-28	0.95
1983-07-29	0.95
1983-07-30	0.95
1983-07-31	0.95
1983-08-01	0.94
1983-08-02	0.94
1983-08-03	0.93
1983-08-04	0.95
1983-08-05	0.96
1983-08-06	0.95
1983-08-07	1.00
1983-08-08	1.00
1983-08-09	1.00
1983-08-10	1.00
1983-08-11	0.97
1983-08-12	0.95
1983-08-13	1.00
1983-08-14	1.00
1983-08-15	0.96
1983-08-16	0.97
1983-08-17	0.96
1983-08-18	0.96
1983-08-19	0.96
1983-08-20	0.94
1983-08-21	0.94
1983-08-22	0.96
1983-08-23	0.97
1983-08-24	0.96
1983-08-25	0.95
1983-08-26	0.95
1983-08-27	0.96
1983-08-28	1.00
1983-08-29	1.00
1983-08-30	1.00
1983-08-31	1.00
1983-09-01	0.96
1983-09-02	0.95
1983-09-03	0.95
1983-09-04	0.96
1983-09-05	1.00
1983-09-06	1.00
1983-09-07	1.00
1983-09-08	0.97
1983-09-09	0.96
1983-09-10	0.95
1983-09-11	1.00
1983-09-12	0.96
1983-09-13	1.00
1983-09-14	1.00
1983-09-15	1.00
1983-09-16	1.00
1983-09-17	1.00
1983-09-18	1.00
1983-09-19	0.96
1983-09-20	0.96
1983-09-21	1.00
1983-09-22	1.00
1983-09-23	1.00
1983-09-24	1.00
1983-09-25	1.00
1983-09-26	1.00
1983-09-27	1.00
1983-09-28	1.00
1983-09-29	1.00
1983-09-30	1.00
1983-10-01	1.00
1983-10-02	1.00
1983-10-03	0.97
1983-10-04	0.95
1983-10-05	0.94
1983-10-06	1.00
1983-10-07	1.00
1983-10-08	0.96
1983-10-09	1.00
1983-10-10	1.00
1983-10-11	1.00
1983-10-12	1.00
1983-10-13	1.00
1983-10-14	0.96
1983-10-15	1.00
1983-10-16	1.00
1983-10-17	1.00
1983-10-18	1.00
1983-10-19	1.00
1983-10-20	1.00
1983-10-21	1.00
1983-10-22	1.00
1983-10-23	1.00
1983-10-24	1.00
1983-10-25	1.00
1983-10-26	1.00
1983-10-27	1.00
1983-10-28	1.00
1983-10-29	1.00
1983-10-30	1.00
1983-10-31	1.00
1983-11-01	1.00
1983-11-02	1.00
1983-11-03	1.00
1983-11-04	1.00
1983-11-05	1.00
1983-11-06	1.00
1983-11-07	1.00
1983-11-08	1.00
1983-11-09	1.00
1983-11-10	1.00
1983-11-11	1.00
1983-11-12	1.00
1983-11-13	1.00
1983-11-14	1.00
1983-11-15	1.00
1983-11-16	1.00
1983-11-17	1.00
1983-11-18	1.00
1983-11-19	1.00
1983-11-20	1.00
1983-11-21	1.00
1983-11-22	1.00
1983-11-23	1.00
1983-11-24	1.00
1983-11-25	1.00
1983-11-26	1.00
1983-11-27	1.00
1983-11-28	1.00
1983-11-29	1.00
1983-11-30	1.00
1983-12-01	0.97
1983-12-02	1.00
1983-12-03	1.00
1983-12-04	1.00
1983-12-05	1.00
1983-12-06	1.00
1983-12-07	1.00
1983-12-08	1.00
1983-12-09	1.00
1983-12-10	1.00
1983-12-11	1.00
1983-12-12	1.00
1983-12-13	1.00
1983-12-14	1.00
1983-12-15	1.00
1983-12-16	1.00
1983-12-17	1.00
1983-12-18	1.00
1983-12-19	1.00
1983-12-20	1.00
1983-12-21	1.00
1983-12-22	1.00
1983-12-23	1.00
1983-12-24	1.00
1983-12-25	1.00
1983-12-26	1.00
1983-12-27	1.00
1983-12-28	1.00
1983-12-29	1.00
1983-12-30	1.00
1983-12-31	1.00
1984-01-01	1.00
1984-01-02	1.00
1984-01-03	1.00
1984-01-04	1.00
1984-01-05	1.00
1984-01-06	1.00
1984-01-07	1.00
1984-01-08	1.00
1984-01-09	1.00
1984-01-10	1.00
1984-01-11	1.00
1984-01-12	1.00
1984-01-13	1.00
1984-01-14	1.00
1984-01-15	1.00
1984-01-16	1.00
1984-01-17	1.00
1984-01-18	1.00
1984-01-19	1.00
1984-01-20	1.00
1984-01-21	1.00
1984-01-22	1.00
1984-01-23	1.00
1984-01-24	1.00
1984-01-25	1.00
1984-01-26	1.00
1984-01-27	1.00
1984-01-28	1.00
1984-01-29	1.00
1984-01-30	1.00
1984-01-31	1.00
1984-02-01	1.00
1984-02-02	1.00
1984-02-03	1.00
1984-02-04	1.00
1984-02-05	1.00
1984-02-06	1.00
1984-02-07	1.00
1984-02-08	1.00
1984-02-09	1.00
1984-02-10	1.00
1984-02-11	1.00
1984-02-12	1.00
1984-02-13	1.00
1984-02-14	1.00
1984-02-15	1.00
1984-02-16	1.00
1984-02-17	1.00
1984-02-18	1.00
1984-02-19	1.00
1984-02-20	1.00
1984-02-21	1.00
1984-02-22	1.00
1984-02-23	1.00
1984-02-24	1.00
1984-02-25	1.00
1984-02-26	1.00
1984-02-27	1.00
1984-02-28	1.00
1984-02-29	1.00
1984-03-01	1.00
1984-03-02	1.00
1984-03-03	1.00
1984-03-04	1.00
1984-03-05	1.00
1984-03-06	1.00
1984-03-07	1.00
1984-03-08	1.00
1984-03-09	1.00
1984-03-10	1.00
1984-03-11	1.00
1984-03-12	1.00
1984-03-13	1.00
1984-03-14	1.00
1984-03-15	1.00
1984-03-16	1.00
1984-03-17	1.00
1984-03-18	1.00
1984-03-19	1.00
1984-03-20	1.00
1984-03-21	1.00
1984-03-22	1.00
1984-03-23	1.00
1984-03-24	1.00
1984-03-25	1.00
1984-03-26	1.00
1984-03-27	1.00
1984-03-28	1.00
1984-03-29	1.00
1984-03-30	1.00
1984-03-31	1.00
1984-04-01	1.00
1984-04-02	1.00
1984-04-03	1.00
1984-04-04	1.00
1984-04-05	1.00
1984-04-06	1.00
1984-04-07	1.00
1984-04-08	1.00
1984-04-09	1.00
1984-04-10	1.00
1984-04-11	1.00
1984-04-12	0.96
1984-04-13	1.00
1984-04-14	1.00
1984-04-15	1.00
1984-04-16	1.00
1984-04-17	1.00
1984-04-18	1.00
1984-04-19	1.00
1984-04-20	1.00
1984-04-21	1.00
1984-04-22	1.00
1984-04-23	1.00
1984-04-24	1.00
1984-04-25	1.00
1984-04-26	1.00
1984-04-27	1.00
1984-04-28	1.00
1984-04-29	1.00
1984-04-30	1.00
1984-05-01	1.00
1984-05-02	1.00
1984-05-03	1.00
1984-05-04	1.00
1984-05-05	1.00
1984-05-06	1.00
1984-05-07	1.00
1984-05-08	1.00
1984-05-09	1.00
1984-05-10	1.00
1984-05-11	0.97
1984-05-12	0.97
1984-05-13	0.97
1984-05-14	1.00
1984-05-15	1.00
1984-05-16	1.00
1984-05-17	1.00
1984-05-18	1.00
1984-05-19	1.00
1984-05-20	1.00
1984-05-21	0.96
1984-05-22	0.96
1984-05-23	1.00
1984-05-24	1.00
1984-05-25	1.00
1984-05-26	0.95
1984-05-27	0.95
1984-05-28	0.97
1984-05-29	1.00
1984-05-30	1.00
1984-05-31	1.00
1984-06-01	1.00
1984-06-02	1.00
1984-06-03	0.97
1984-06-04	0.96
1984-06-05	0.96
1984-06-06	0.96
1984-06-07	1.00
1984-06-08	1.00
1984-06-09	0.97
1984-06-10	0.96
1984-06-11	0.96
1984-06-12	0.95
1984-06-13	0.94
1984-06-14	0.93
1984-06-15	0.93
1984-06-16	0.93
1984-06-17	0.93
1984-06-18	0.96
1984-06-19	1.00
1984-06-20	0.96
1984-06-21	0.93
1984-06-22	0.93
1984-06-23	0.94
1984-06-24	0.95
1984-06-25	0.93
1984-06-26	0.95
1984-06-27	1.00
1984-06-28	1.00
1984-06-29	0.96
1984-06-30	0.94
1984-07-01	0.91
1984-07-02	0.91
1984-07-03	0.92
1984-07-04	0.93
1984-07-05	0.92
1984-07-06	0.92
1984-07-07	0.92
1984-07-08	0.92
1984-07-09	0.92
1984-07-10	0.91
1984-07-11	0.91
1984-07-12	0.91
1984-07-13	0.92
1984-07-14	0.92
1984-07-15	0.94
1984-07-16	0.95
1984-07-17	0.92
1984-07-18	0.92
1984-07-19	0.92
1984-07-20	0.92
1984-07-21	0.92
1984-07-22	0.92
1984-07-23	0.92
1984-07-24	0.95
1984-07-25	0.96
1984-07-26	0.95
1984-07-27	0.94
1984-07-28	0.95
1984-07-29	0.94
1984-07-30	0.93
1984-07-31	0.93
1984-08-01	0.94
1984-08-02	0.93
1984-08-03	0.94
1984-08-04	1.00
1984-08-05	1.00
1984-08-06	1.00
1984-08-07	0.97
1984-08-08	0.96
1984-08-09	0.96
1984-08-10	0.95
1984-08-11	0.95
1984-08-12	0.95
1984-08-13	1.00
1984-08-14	1.00
1984-08-15	1.00
1984-08-16	1.00
1984-08-17	1.00
1984-08-18	0.95
1984-08-19	0.95
1984-08-20	0.94
1984-08-21	0.96
1984-08-22	1.00
1984-08-23	0.95
1984-08-24	0.96
1984-08-25	1.00
1984-08-26	1.00
1984-08-27	1.00
1984-08-28	1.00
1984-08-29	1.00
1984-08-30	0.96
1984-08-31	0.95
1984-09-01	1.00
1984-09-02	1.00
1984-09-03	1.00
1984-09-04	1.00
1984-09-05	1.00
1984-09-06	1.00
1984-09-07	0.95
1984-09-08	0.95
1984-09-09	0.95
1984-09-10	0.95
1984-09-11	1.00
1984-09-12	1.00
1984-09-13	1.00
1984-09-14	1.00
1984-09-15	1.00
1984-09-16	1.00
1984-09-17	1.00
1984-09-18	1.00
1984-09-19	1.00
1984-09-20	1.00
1984-09-21	1.00
1984-09-22	1.00
1984-09-23	1.00
1984-09-24	0.96
1984-09-25	1.00
1984-09-26	1.00
1984-09-27	1.00
1984-09-28	0.96
1984-09-29	0.96
1984-09-30	0.96
1984-10-01	0.96
1984-10-02	0.96
1984-10-03	1.00
1984-10-04	1.00
1984-10-05	0.96
1984-10-06	0.95
1984-10-07	1.00
1984-10-08	1.00
1984-10-09	1.00
1984-10-10	1.00
1984-10-11	1.00
1984-10-12	1.00
1984-10-13	1.00
1984-10-14	1.00
1984-10-15	1.00
1984-10-16	1.00
1984-10-17	1.00
1984-10-18	1.00
1984-10-19	1.00
1984-10-20	1.00
1984-10-21	1.00
1984-10-22	1.00
1984-10-23	1.00
1984-10-24	1.00
1984-10-25	1.00
1984-10-26	1.00
1984-10-27	1.00
1984-10-28	1.00
1984-10-29	1.00
1984-10-30	1.00
1984-10-31	1.00
1984-11-01	1.00
1984-11-02	1.00
1984-11-03	1.00
1984-11-04	1.00
1984-11-05	1.00
1984-11-06	1.00
1984-11-07	1.00
1984-11-08	1.00
1984-11-09	1.00
1984-11-10	1.00
1984-11-11	1.00
1984-11-12	1.00
1984-11-13	1.00
1984-11-14	1.00
1984-11-15	1.00
1984-11-16	1.00
1984-11-17	1.00
1984-11-18	1.00
1984-11-19	1.00
1984-11-20	1.00
1984-11-21	1.00
1984-11-22	1.00
1984-11-23	1.00
1984-11-24	1.00
1984-11-25	1.00
1984-11-26	1.00
1984-11-27	1.00
1984-11-28	1.00
1984-11-29	1.00
1984-11-30	1.00
1984-12-01	1.00
1984-12-02	1.00
1984-12-03	1.00
1984-12-04	1.00
1984-12-05	1.00
1984-12-06	1.00
1984-12-07	1.00
1984-12-08	1.00
1984-12-09	1.00
1984-12-10	1.00
1984-12-11	1.00
1984-12-12	1.00
1984-12-13	1.00
1984-12-14	1.00
1984-12-15	1.00
1984-12-16	1.00
1984-12-17	1.00
1984-12-18	1.00
1984-12-19	1.00
1984-12-20	1.00
1984-12-21	1.00
1984-12-22	1.00
1984-12-23	1.00
1984-12-24	1.00
1984-12-25	1.00
1984-12-26	1.00
1984-12-27	1.00
1984-12-28	1.00
1984-12-29	1.00
1984-12-30	1.00
1984-12-31	1.00
1985-01-01	1.00
1985-01-02	1.00
1985-01-03	1.00
1985-01-04	1.00
1985-01-05	1.00
1985-01-06	1.00
1985-01-07	1.00
1985-01-08	1.00
1985-01-09	1.00
1985-01-10	1.00
1985-01-11	1.00
1985-01-12	1.00
1985-01-13	1.00
1985-01-14	1.00
1985-01-15	1.00
1985-01-16	1.00
1985-01-17	1.00
1985-01-18	1.00
1985-01-19	1.00
1985-01-20	1.00
1985-01-21	1.00
1985-01-22	1.00
1985-01-23	1.00
1985-01-24	1.00
1985-01-25	1.00
1985-01-26	1.00
1985-01-27	1.00
1985-01-28	1.00
1985-01-29	1.00
1985-01-30	1.00
1985-01-31	1.00
1985-02-01	1.00
1985-02-02	1.00
1985-02-03	1.00
1985-02-04	1.00
1985-02-05	1.00
1985-02-06	1.00
1985-02-07	1.00
1985-02-08	1.00
1985-02-09	1.00
1985-02-10	1.00
1985-02-11	1.00
1985-02-12	1.00
1985-02-13	1.00
1985-02-14	1.00
1985-02-15	1.00
1985-02-16	1.00
1985-02-17	1.00
1985-02-18	1.00
1985-02-19	1.00
1985-02-20	1.00
1985-02-21	1.00
1985-02-22	1.00
1985-02-23	1.00
1985-02-24	1.00
1985-02-25	1.00
1985-02-26	1.00
1985-02-27	1.00
1985-02-28	1.00
1985-03-01	1.00
1985-03-02	1.00
1985-03-03	1.00
1985-03-04	1.00
1985-03-05	1.00
1985-03-06	1.00
1985-03-07	1.00
1985-03-08	1.00
1985-03-09	1.00
1985-03-10	1.00
1985-03-11	1.00
1985-03-12	1.00
1985-03-13	1.00
1985-03-14	1.00
1985-03-15	1.00
1985-03-16	1.00
1985-03-17	1.00
1985-03-18	1.00
1985-03-19	1.00
1985-03-20	1.00
1985-03-21	1.00
1985-03-22	1.00
1985-03-23	1.00
1985-03-24	1.00
1985-03-25	1.00
1985-03-26	1.00
1985-03-27	1.00
1985-03-28	1.00
1985-03-29	1.00
1985-03-30	1.00
1985-03-31	1.00
1985-04-01	1.00
1985-04-02	1.00
1985-04-03	1.00
1985-04-04	1.00
1985-04-05	1.00
1985-04-06	1.00
1985-04-07	1.00
1985-04-08	1.00
1985-04-09	1.00
1985-04-10	1.00
1985-04-11	1.00
1985-04-12	1.00
1985-04-13	1.00
1985-04-14	1.00
1985-04-15	1.00
1985-04-16	1.00
1985-04-17	1.00
1985-04-18	1.00
1985-04-19	1.00
1985-04-20	1.00
1985-04-21	1.00
1985-04-22	1.00
1985-04-23	1.00
1985-04-24	1.00
1985-04-25	1.00
1985-04-26	1.00
1985-04-27	1.00
1985-04-28	1.00
1985-04-29	1.00
1985-04-30	1.00
1985-05-01	1.00
1985-05-02	1.00
1985-05-03	1.00
1985-05-04	0.96
1985-05-05	0.96
1985-05-06	0.95
1985-05-07	0.96
1985-05-08	1.00
1985-05-09	1.00
1985-05-10	1.00
1985-05-11	1.00
1985-05-12	0.96
1985-05-13	0.96
1985-05-14	0.95
1985-05-15	0.95
1985-05-16	0.95
1985-05-17	0.95
1985-05-18	0.96
1985-05-19	0.96
1985-05-20	0.95
1985-05-21	0.96
1985-05-22	1.00
1985-05-23	1.00
1985-05-24	1.00
1985-05-25	0.96
1985-05-26	1.00
1985-05-27	1.00
1985-05-28	1.00
1985-05-29	0.95
1985-05-30	0.94
1985-05-31	0.93
1985-06-01	0.93
1985-06-02	0.94
1985-06-03	1.00
1985-06-04	1.00
1985-06-05	1.00
1985-06-06	1.00
1985-06-07	1.00
1985-06-08	1.00
1985-06-09	1.00
1985-06-10	1.00
1985-06-11	0.96
1985-06-12	0.96
1985-06-13	0.95
1985-06-14	0.94
1985-06-15	0.93
1985-06-16	0.92
1985-06-17	0.93
1985-06-18	0.92
1985-06-19	0.92
1985-06-20	0.92
1985-06-21	1.00
1985-06-22	1.00
1985-06-23	1.00
1985-06-24	0.96
1985-06-25	0.96
1985-06-26	0.96
1985-06-27	0.94
1985-06-28	0.93
1985-06-29	0.94
1985-06-30	0.93
1985-07-01	0.93
1985-07-02	0.93
1985-07-03	0.92
1985-07-04	0.92
1985-07-05	0.92
1985-07-06	0.92
1985-07-07	0.92
1985-07-08	0.93
1985-07-09	0.96
1985-07-10	0.96
1985-07-11	0.94
1985-07-12	0.93
1985-07-13	0.97
1985-07-14	1.00
1985-07-15	0.97
1985-07-16	0.97
1985-07-17	0.96
1985-07-18	0.96
1985-07-19	0.96
1985-07-20	0.96
1985-07-21	0.97
1985-07-22	0.96
1985-07-23	0.96
1985-07-24	0.96
1985-07-25	0.95
1985-07-26	0.94
1985-07-27	0.93
1985-07-28	0.93
1985-07-29	0.93
1985-07-30	0.93
1985-07-31	0.93
1985-08-01	0.95
1985-08-02	0.93
1985-08-03	0.93
1985-08-04	0.94
1985-08-05	0.96
1985-08-06	1.00
1985-08-07	1.00
1985-08-08	0.97
1985-08-09	0.95
1985-08-10	0.93
1985-08-11	0.93
1985-08-12	0.94
1985-08-13	0.93
1985-08-14	0.95
1985-08-15	0.96
1985-08-16	0.95
1985-08-17	0.96
1985-08-18	0.96
1985-08-19	0.94
1985-08-20	0.93
1985-08-21	0.92
1985-08-22	0.92
1985-08-23	0.96
1985-08-24	1.00
1985-08-25	0.96
1985-08-26	0.93
1985-08-27	0.93
1985-08-28	0.93
1985-08-29	0.93
1985-08-30	0.93
1985-08-31	0.94
1985-09-01	0.94
1985-09-02	0.93
1985-09-03	0.94
1985-09-04	0.95
1985-09-05	0.93
1985-09-06	0.93
1985-09-07	0.95
1985-09-08	0.96
1985-09-09	0.96
1985-09-10	1.00
1985-09-11	1.00
1985-09-12	1.00
1985-09-13	1.00
1985-09-14	1.00
1985-09-15	1.00
1985-09-16	0.96
1985-09-17	0.95
1985-09-18	0.96
1985-09-19	0.96
1985-09-20	0.95
1985-09-21	1.00
1985-09-22	1.00
1985-09-23	1.00
1985-09-24	1.00
1985-09-25	0.97
1985-09-26	0.96
1985-09-27	0.97
1985-09-28	0.96
1985-09-29	1.00
1985-09-30	1.00
1985-10-01	1.00
1985-10-02	1.00
1985-10-03	1.00
1985-10-04	1.00
1985-10-05	1.00
1985-10-06	1.00
1985-10-07	1.00
1985-10-08	1.00
1985-10-09	1.00
1985-10-10	1.00
1985-10-11	1.00
1985-10-12	1.00
1985-10-13	1.00
1985-10-14	1.00
1985-10-15	0.96
1985-10-16	1.00
1985-10-17	1.00
1985-10-18	1.00
1985-10-19	1.00
1985-10-20	1.00
1985-10-21	1.00
1985-10-22	1.00
1985-10-23	1.00
1985-10-24	1.00
1985-10-25	1.00
1985-10-26	0.95
1985-10-27	1.00
1985-10-28	1.00
1985-10-29	1.00
1985-10-30	1.00
1985-10-31	1.00
1985-11-01	0.97
1985-11-02	1.00
1985-11-03	1.00
1985-11-04	1.00
1985-11-05	1.00
1985-11-06	1.00
1985-11-07	1.00
1985-11-08	1.00
1985-11-09	1.00
1985-11-10	1.00
1985-11-11	1.00
1985-11-12	1.00
1985-11-13	1.00
1985-11-14	1.00
1985-11-15	1.00
1985-11-16	1.00
1985-11-17	1.00
1985-11-18	1.00
1985-11-19	1.00
1985-11-20	1.00
1985-11-21	1.00
1985-11-22	1.00
1985-11-23	1.00
1985-11-24	1.00
1985-11-25	1.00
1985-11-26	1.00
1985-11-27	1.00
1985-11-28	1.00
1985-11-29	1.00
1985-11-30	1.00
1985-12-01	1.00
1985-12-02	1.00
1985-12-03	1.00
1985-12-04	1.00
1985-12-05	1.00
1985-12-06	1.00
1985-12-07	1.00
1985-12-08	1.00
1985-12-09	1.00
1985-12-10	1.00
1985-12-11	1.00
1985-12-12	1.00
1985-12-13	1.00
1985-12-14	1.00
1985-12-15	1.00
1985-12-16	1.00
1985-12-17	1.00
1985-12-18	1.00
1985-12-19	1.00
1985-12-20	1.00
1985-12-21	1.00
1985-12-22	1.00
1985-12-23	1.00
1985-12-24	1.00
1985-12-25	1.00
1985-12-26	1.00
1985-12-27	1.00
1985-12-28	1.00
1985-12-29	1.00
1985-12-30	1.00
1985-12-31	1.00
1986-01-01	1.00
1986-01-02	1.00
1986-01-03	1.00
1986-01-04	1.00
1986-01-05	1.00
1986-01-06	1.00
1986-01-07	1.00
1986-01-08	1.00
1986-01-09	1.00
1986-01-10	1.00
1986-01-11	1.00
1986-01-12	1.00
1986-01-13	1.00
1986-01-14	1.00
1986-01-15	1.00
1986-01-16	1.00
1986-01-17	1.00
1986-01-18	1.00
1986-01-19	1.00
1986-01-20	1.00
1986-01-21	1.00
1986-01-22	1.00
1986-01-23	1.00
1986-01-24	1.00
1986-01-25	1.00
1986-01-26	1.00
1986-01-27	1.00
1986-01-28	1.00
1986-01-29	1.00
1986-01-30	1.00
1986-01-31	1.00
1986-02-01	1.00
1986-02-02	1.00
1986-02-03	1.00
1986-02-04	1.00
1986-02-05	1.00
1986-02-06	1.00
1986-02-07	1.00
1986-02-08	1.00
1986-02-09	1.00
1986-02-10	1.00
1986-02-11	1.00
1986-02-12	1.00
1986-02-13	1.00
1986-02-14	1.00
1986-02-15	1.00
1986-02-16	1.00
1986-02-17	1.00
1986-02-18	1.00
1986-02-19	1.00
1986-02-20	1.00
1986-02-21	1.00
1986-02-22	1.00
1986-02-23	1.00
1986-02-24	1.00
1986-02-25	1.00
1986-02-26	1.00
1986-02-27	1.00
1986-02-28	1.00
1986-03-01	1.00
1986-03-02	1.00
1986-03-03	1.00
1986-03-04	1.00
1986-03-05	1.00
1986-03-06	1.00
1986-03-07	1.00
1986-03-08	1.00
1986-03-09	1.00
1986-03-10	1.00
1986-03-11	1.00
1986-03-12	1.00
1986-03-13	1.00
1986-03-14	1.00
1986-03-15	1.00
1986-03-16	1.00
1986-03-17	1.00
1986-03-18	1.00
1986-03-19	1.00
1986-03-20	1.00
1986-03-21	1.00
1986-03-22	1.00
1986-03-23	1.00
1986-03-24	1.00
1986-03-25	1.00
1986-03-26	1.00
1986-03-27	1.00
1986-03-28	1.00
1986-03-29	1.00
1986-03-30	1.00
1986-03-31	1.00
1986-04-01	1.00
1986-04-02	1.00
1986-04-03	1.00
1986-04-04	1.00
1986-04-05	1.00
1986-04-06	1.00
1986-04-07	1.00
1986-04-08	1.00
1986-04-09	1.00
1986-04-10	1.00
1986-04-11	1.00
1986-04-12	0.97
1986-04-13	1.00
1986-04-14	1.00
1986-04-15	0.96
1986-04-16	1.00
1986-04-17	1.00
1986-04-18	1.00
1986-04-19	1.00
1986-04-20	1.00
1986-04-21	1.00
1986-04-22	1.00
1986-04-23	1.00
1986-04-24	1.00
1986-04-25	1.00
1986-04-26	1.00
1986-04-27	1.00
1986-04-28	1.00
1986-04-29	1.00
1986-04-30	1.00
1986-05-01	1.00
1986-05-02	1.00
1986-05-03	1.00
1986-05-04	1.00
1986-05-05	1.00
1986-05-06	1.00
1986-05-07	1.00
1986-05-08	1.00
1986-05-09	1.00
1986-05-10	0.97
1986-05-11	0.96
1986-05-12	0.96
1986-05-13	1.00
1986-05-14	1.00
1986-05-15	1.00
1986-05-16	1.00
1986-05-17	1.00
1986-05-18	1.00
1986-05-19	0.96
1986-05-20	0.96
1986-05-21	0.96
1986-05-22	0.96
1986-05-23	0.95
1986-05-24	0.95
1986-05-25	0.95
1986-05-26	0.95
1986-05-27	0.96
1986-05-28	0.95
1986-05-29	1.00
1986-05-30	1.00
1986-05-31	1.00
1986-06-01	1.00
1986-06-02	1.00
1986-06-03	1.00
1986-06-04	1.00
1986-06-05	1.00
1986-06-06	1.00
1986-06-07	1.00
1986-06-08	1.00
1986-06-09	1.00
1986-06-10	1.00
1986-06-11	0.95
1986-06-12	0.93
1986-06-13	1.00
1986-06-14	1.00
1986-06-15	1.00
1986-06-16	0.96
1986-06-17	1.00
1986-06-18	1.00
1986-06-19	0.97
1986-06-20	0.92
1986-06-21	0.94
1986-06-22	1.00
1986-06-23	0.97
1986-06-24	0.97
1986-06-25	1.00
1986-06-26	0.95
1986-06-27	0.94
1986-06-28	0.93
1986-06-29	0.92
1986-06-30	0.92
1986-07-01	0.97
1986-07-02	1.00
1986-07-03	0.96
1986-07-04	0.95
1986-07-05	0.93
1986-07-06	0.93
1986-07-07	0.96
1986-07-08	0.96
1986-07-09	0.97
1986-07-10	1.00
1986-07-11	0.96
1986-07-12	0.96
1986-07-13	1.00
1986-07-14	1.00
1986-07-15	1.00
1986-07-16	0.96
1986-07-17	1.00
1986-07-18	1.00
1986-07-19	0.97
1986-07-20	0.97
1986-07-21	0.96
1986-07-22	0.96
1986-07-23	0.96
1986-07-24	0.95
1986-07-25	0.95
1986-07-26	0.95
1986-07-27	0.95
1986-07-28	0.94
1986-07-29	0.93
1986-07-30	0.93
1986-07-31	0.93
1986-08-01	0.92
1986-08-02	0.93
1986-08-03	0.95
1986-08-04	0.93
1986-08-05	0.93
1986-08-06	0.93
1986-08-07	0.95
1986-08-08	0.93
1986-08-09	0.94
1986-08-10	0.93
1986-08-11	0.94
1986-08-12	0.94
1986-08-13	0.94
1986-08-14	0.94
1986-08-15	0.97
1986-08-16	1.00
1986-08-17	1.00
1986-08-18	0.97
1986-08-19	0.94
1986-08-20	0.93
1986-08-21	0.92
1986-08-22	0.93
1986-08-23	0.94
1986-08-24	0.96
1986-08-25	1.00
1986-08-26	0.97
1986-08-27	0.95
1986-08-28	0.94
1986-08-29	0.96
1986-08-30	1.00
1986-08-31	1.00
1986-09-01	1.00
1986-09-02	1.00
1986-09-03	0.96
1986-09-04	0.96
1986-09-05	0.96
1986-09-06	0.96
1986-09-07	0.95
1986-09-08	0.93
1986-09-09	0.96
1986-09-10	1.00
1986-09-11	1.00
1986-09-12	0.96
1986-09-13	0.94
1986-09-14	0.94
1986-09-15	0.94
1986-09-16	0.94
1986-09-17	0.95
1986-09-18	0.97
1986-09-19	0.96
1986-09-20	0.96
1986-09-21	0.95
1986-09-22	0.95
1986-09-23	0.95
1986-09-24	0.95
1986-09-25	0.95
1986-09-26	0.95
1986-09-27	0.94
1986-09-28	0.93
1986-09-29	0.94
1986-09-30	0.94
1986-10-01	0.95
1986-10-02	0.95
1986-10-03	0.95
1986-10-04	0.95
1986-10-05	1.00
1986-10-06	1.00
1986-10-07	1.00
1986-10-08	1.00
1986-10-09	1.00
1986-10-10	1.00
1986-10-11	1.00
1986-10-12	1.00
1986-10-13	1.00
1986-10-14	1.00
1986-10-15	1.00
1986-10-16	1.00
1986-10-17	1.00
1986-10-18	1.00
1986-10-19	1.00
1986-10-20	1.00
1986-10-21	1.00
1986-10-22	1.00
1986-10-23	1.00
1986-10-24	1.00
1986-10-25	1.00
1986-10-26	1.00
1986-10-27	1.00
1986-10-28	1.00
1986-10-29	1.00
1986-10-30	1.00
1986-10-31	1.00
1986-11-01	1.00
1986-11-02	1.00
1986-11-03	1.00
1986-11-04	1.00
1986-11-05	1.00
1986-11-06	1.00
1986-11-07	1.00
1986-11-08	1.00
1986-11-09	1.00
1986-11-10	1.00
1986-11-11	1.00
1986-11-12	1.00
1986-11-13	1.00
1986-11-14	1.00
1986-11-15	1.00
1986-11-16	1.00
1986-11-17	1.00
1986-11-18	1.00
1986-11-19	1.00
1986-11-20	1.00
1986-11-21	1.00
1986-11-22	1.00
1986-11-23	1.00
1986-11-24	1.00
1986-11-25	1.00
1986-11-26	1.00
1986-11-27	1.00
1986-11-28	1.00
1986-11-29	1.00
1986-11-30	1.00
1986-12-01	1.00
1986-12-02	1.00
1986-12-03	1.00
1986-12-04	1.00
1986-12-05	1.00
1986-12-06	1.00
1986-12-07	1.00
1986-12-08	1.00
1986-12-09	1.00
1986-12-10	1.00
1986-12-11	1.00
1986-12-12	1.00
1986-12-13	1.00
1986-12-14	1.00
1986-12-15	1.00
1986-12-16	1.00
1986-12-17	1.00
1986-12-18	1.00
1986-12-19	1.00
1986-12-20	1.00
1986-12-21	1.00
1986-12-22	1.00
1986-12-23	1.00
1986-12-24	1.00
1986-12-25	1.00
1986-12-26	1.00
1986-12-27	1.00
1986-12-28	1.00
1986-12-29	1.00
1986-12-30	1.00
1986-12-31	1.00
1987-01-01	1.00
1987-01-02	1.00
1987-01-03	1.00
1987-01-04	1.00
1987-01-05	1.00
1987-01-06	1.00
1987-01-07	1.00
1987-01-08	1.00
1987-01-09	1.00
1987-01-10	1.00
1987-01-11	1.00
1987-01-12	1.00
1987-01-13	1.00
1987-01-14	1.00
1987-01-15	1.00
1987-01-16	1.00
1987-01-17	1.00
1987-01-18	1.00
1987-01-19	1.00
1987-01-20	1.00
1987-01-21	1.00
1987-01-22	1.00
1987-01-23	1.00
1987-01-24	1.00
1987-01-25	1.00
1987-01-26	1.00
1987-01-27	1.00
1987-01-28	1.00
1987-01-29	1.00
1987-01-30	1.00
1987-01-31	1.00
1987-02-01	1.00
1987-02-02	1.00
1987-02-03	1.00
1987-02-04	1.00
1987-02-05	1.00
1987-02-06	1.00
1987-02-07	1.00
1987-02-08	1.00
1987-02-09	1.00
1987-02-10	1.00
1987-02-11	1.00
1987-02-12	1.00
1987-02-13	1.00
1987-02-14	1.00
1987-02-15	1.00
1987-02-16	1.00
1987-02-17	1.00
1987-02-18	1.00
1987-02-19	1.00
1987-02-20	1.00
1987-02-21	1.00
1987-02-22	1.00
1987-02-23	1.00
1987-02-24	1.00
1987-02-25	1.00
1987-02-26	1.00
1987-02-27	1.00
1987-02-28	1.00
1987-03-01	1.00
1987-03-02	1.00
1987-03-03	1.00
1987-03-04	1.00
1987-03-05	1.00
1987-03-06	1.00
1987-03-07	1.00
1987-03-08	1.00
1987-03-09	1.00
1987-03-10	1.00
1987-03-11	1.00
1987-03-12	1.00
1987-03-13	1.00
1987-03-14	1.00
1987-03-15	1.00
1987-03-16	1.00
1987-03-17	1.00
1987-03-18	1.00
1987-03-19	1.00
1987-03-20	1.00
1987-03-21	1.00
1987-03-22	1.00
1987-03-23	1.00
1987-03-24	1.00
1987-03-25	1.00
1987-03-26	1.00
1987-03-27	1.00
1987-03-28	1.00
1987-03-29	1.00
1987-03-30	1.00
1987-03-31	1.00
1987-04-01	1.00
1987-04-02	1.00
1987-04-03	1.00
1987-04-04	1.00
1987-04-05	1.00
1987-04-06	1.00
1987-04-07	1.00
1987-04-08	1.00
1987-04-09	1.00
1987-04-10	1.00
1987-04-11	1.00
1987-04-12	1.00
1987-04-13	1.00
1987-04-14	1.00
1987-04-15	1.00
1987-04-16	1.00
1987-04-17	1.00
1987-04-18	1.00
1987-04-19	1.00
1987-04-20	1.00
1987-04-21	1.00
1987-04-22	1.00
1987-04-23	1.00
1987-04-24	1.00
1987-04-25	1.00
1987-04-26	1.00
1987-04-27	1.00
1987-04-28	1.00
1987-04-29	1.00
1987-04-30	1.00
1987-05-01	1.00
1987-05-02	1.00
1987-05-03	1.00
1987-05-04	1.00
1987-05-05	1.00
1987-05-06	1.00
1987-05-07	1.00
1987-05-08	1.00
1987-05-09	1.00
1987-05-10	1.00
1987-05-11	1.00
1987-05-12	1.00
1987-05-13	0.96
1987-05-14	0.96
1987-05-15	0.96
1987-05-16	0.96
1987-05-17	0.95
1987-05-18	0.96
1987-05-19	0.96
1987-05-20	0.96
1987-05-21	0.96
1987-05-22	0.95
1987-05-23	0.94
1987-05-24	0.97
1987-05-25	1.00
1987-05-26	1.00
1987-05-27	1.00
1987-05-28	1.00
1987-05-29	0.96
1987-05-30	0.96
1987-05-31	0.96
1987-06-01	0.94
1987-06-02	0.96
1987-06-03	1.00
1987-06-04	0.96
1987-06-05	0.96
1987-06-06	0.95
1987-06-07	0.94
1987-06-08	0.94
1987-06-09	1.00
1987-06-10	1.00
1987-06-11	0.94
1987-06-12	0.93
1987-06-13	0.93
1987-06-14	0.93
1987-06-15	0.95
1987-06-16	1.00
1987-06-17	0.96
1987-06-18	0.95
1987-06-19	0.95
1987-06-20	0.95
1987-06-21	1.00
1987-06-22	1.00
1987-06-23	1.00
1987-06-24	0.96
1987-06-25	0.96
1987-06-26	0.96
1987-06-27	0.96
1987-06-28	0.96
1987-06-29	0.97
1987-06-30	0.96
1987-07-01	0.94
1987-07-02	0.93
1987-07-03	0.92
1987-07-04	0.92
1987-07-05	0.92
1987-07-06	0.92
1987-07-07	0.94
1987-07-08	0.95
1987-07-09	0.94
1987-07-10	0.93
1987-07-11	0.92
1987-07-12	0.91
1987-07-13	0.92
1987-07-14	0.91
1987-07-15	0.92
1987-07-16	0.95
1987-07-17	0.97
1987-07-18	0.96
1987-07-19	0.93
1987-07-20	0.96
1987-07-21	0.97
1987-07-22	1.00
1987-07-23	1.00
1987-07-24	1.00
1987-07-25	1.00
1987-07-26	1.00
1987-07-27	0.96
1987-07-28	0.96
1987-07-29	0.96
1987-07-30	0.95
1987-07-31	0.95
1987-08-01	0.94
1987-08-02	0.94
1987-08-03	0.95
1987-08-04	0.94
1987-08-05	0.93
1987-08-06	0.93
1987-08-07	0.93
1987-08-08	0.93
1987-08-09	0.93
1987-08-10	0.93
1987-08-11	0.93
1987-08-12	0.94
1987-08-13	0.95
1987-08-14	0.96
1987-08-15	0.96
1987-08-16	0.96
1987-08-17	0.95
1987-08-18	0.94
1987-08-19	0.95
1987-08-20	0.95
1987-08-21	0.94
1987-08-22	0.94
1987-08-23	0.94
1987-08-24	0.93
1987-08-25	0.93
1987-08-26	0.94
1987-08-27	0.95
1987-08-28	0.96
1987-08-29	0.96
1987-08-30	1.00
1987-08-31	1.00
1987-09-01	1.00
1987-09-02	1.00
1987-09-03	0.96
1987-09-04	0.96
1987-09-05	0.95
1987-09-06	0.95
1987-09-07	0.95
1987-09-08	0.95
1987-09-09	0.95
1987-09-10	0.93
1987-09-11	0.94
1987-09-12	0.94
1987-09-13	0.92
1987-09-14	0.92
1987-09-15	0.93
1987-09-16	0.92
1987-09-17	0.95
1987-09-18	0.96
1987-09-19	0.97
1987-09-20	1.00
1987-09-21	1.00
1987-09-22	1.00
1987-09-23	1.00
1987-09-24	1.00
1987-09-25	0.97
1987-09-26	1.00
1987-09-27	1.00
1987-09-28	1.00
1987-09-29	1.00
1987-09-30	1.00
1987-10-01	1.00
1987-10-02	1.00
1987-10-03	1.00
1987-10-04	1.00
1987-10-05	1.00
1987-10-06	1.00
1987-10-07	1.00
1987-10-08	1.00
1987-10-09	1.00
1987-10-10	1.00
1987-10-11	1.00
1987-10-12	1.00
1987-10-13	1.00
1987-10-14	1.00
1987-10-15	1.00
1987-10-16	1.00
1987-10-17	1.00
1987-10-18	1.00
1987-10-19	1.00
1987-10-20	1.00
1987-10-21	1.00
1987-10-22	1.00
1987-10-23	1.00
1987-10-24	1.00
1987-10-25	1.00
1987-10-26	1.00
1987-10-27	1.00
1987-10-28	1.00
1987-10-29	1.00
1987-10-30	1.00
1987-10-31	1.00
1987-11-01	1.00
1987-11-02	1.00
1987-11-03	1.00
1987-11-04	1.00
1987-11-05	1.00
1987-11-06	1.00
1987-11-07	1.00
1987-11-08	1.00
1987-11-09	1.00
1987-11-10	1.00
1987-11-11	1.00
1987-11-12	1.00
1987-11-13	1.00
1987-11-14	1.00
1987-11-15	1.00
1987-11-16	1.00
1987-11-17	1.00
1987-11-18	1.00
1987-11-19	1.00
1987-11-20	1.00
1987-11-21	1.00
1987-11-22	1.00
1987-11-23	1.00
1987-11-24	1.00
1987-11-25	1.00
1987-11-26	1.00
1987-11-27	1.00
1987-11-28	1.00
1987-11-29	1.00
1987-11-30	1.00
1987-12-01	1.00
1987-12-02	1.00
1987-12-03	1.00
1987-12-04	1.00
1987-12-05	1.00
1987-12-06	1.00
1987-12-07	1.00
1987-12-08	1.00
1987-12-09	1.00
1987-12-10	1.00
1987-12-11	1.00
1987-12-12	1.00
1987-12-13	1.00
1987-12-14	1.00
1987-12-15	1.00
1987-12-16	1.00
1987-12-17	1.00
1987-12-18	1.00
1987-12-19	1.00
1987-12-20	1.00
1987-12-21	1.00
1987-12-22	1.00
1987-12-23	1.00
1987-12-24	1.00
1987-12-25	1.00
1987-12-26	1.00
1987-12-27	1.00
1987-12-28	1.00
1987-12-29	1.00
1987-12-30	1.00
1987-12-31	1.00
1988-01-01	1.00
1988-01-02	1.00
1988-01-03	1.00
1988-01-04	1.00
1988-01-05	1.00
1988-01-06	1.00
1988-01-07	1.00
1988-01-08	1.00
1988-01-09	1.00
1988-01-10	1.00
1988-01-11	1.00
1988-01-12	1.00
1988-01-13	1.00
1988-01-14	1.00
1988-01-15	1.00
1988-01-16	1.00
1988-01-17	1.00
1988-01-18	1.00
1988-01-19	1.00
1988-01-20	1.00
1988-01-21	1.00
1988-01-22	1.00
1988-01-23	1.00
1988-01-24	1.00
1988-01-25	1.00
1988-01-26	1.00
1988-01-27	1.00
1988-01-28	1.00
1988-01-29	1.00
1988-01-30	1.00
1988-01-31	1.00
1988-02-01	1.00
1988-02-02	1.00
1988-02-03	1.00
1988-02-04	1.00
1988-02-05	1.00
1988-02-06	1.00
1988-02-07	1.00
1988-02-08	1.00
1988-02-09	1.00
1988-02-10	1.00
1988-02-11	1.00
1988-02-12	1.00
1988-02-13	1.00
1988-02-14	1.00
1988-02-15	1.00
1988-02-16	1.00
1988-02-17	1.00
1988-02-18	1.00
1988-02-19	1.00
1988-02-20	1.00
1988-02-21	1.00
1988-02-22	1.00
1988-02-23	1.00
1988-02-24	1.00
1988-02-25	1.00
1988-02-26	1.00
1988-02-27	1.00
1988-02-28	1.00
1988-02-29	1.00
1988-03-01	1.00
1988-03-02	1.00
1988-03-03	1.00
1988-03-04	1.00
1988-03-05	1.00
1988-03-06	1.00
1988-03-07	1.00
1988-03-08	1.00
1988-03-09	1.00
1988-03-10	1.00
1988-03-11	1.00
1988-03-12	1.00
1988-03-13	1.00
1988-03-14	1.00
1988-03-15	1.00
1988-03-16	1.00
1988-03-17	1.00
1988-03-18	1.00
1988-03-19	1.00
1988-03-20	1.00
1988-03-21	1.00
1988-03-22	1.00
1988-03-23	1.00
1988-03-24	1.00
1988-03-25	1.00
1988-03-26	1.00
1988-03-27	1.00
1988-03-28	1.00
1988-03-29	1.00
1988-03-30	1.00
1988-03-31	1.00
1988-04-01	1.00
1988-04-02	1.00
1988-04-03	1.00
1988-04-04	1.00
1988-04-05	1.00
1988-04-06	1.00
1988-04-07	1.00
1988-04-08	1.00
1988-04-09	1.00
1988-04-10	1.00
1988-04-11	0.97
1988-04-12	1.00
1988-04-13	1.00
1988-04-14	1.00
1988-04-15	1.00
1988-04-16	1.00
1988-04-17	1.00
1988-04-18	1.00
1988-04-19	1.00
1988-04-20	1.00
1988-04-21	1.00
1988-04-22	1.00
1988-04-23	1.00
1988-04-24	1.00
1988-04-25	1.00
1988-04-26	1.00
1988-04-27	1.00
1988-04-28	1.00
1988-04-29	1.00
1988-04-30	1.00
1988-05-01	1.00
1988-05-02	1.00
1988-05-03	1.00
1988-05-04	1.00
1988-05-05	1.00
1988-05-06	1.00
1988-05-07	0.97
1988-05-08	1.00
1988-05-09	1.00
1988-05-10	1.00
1988-05-11	1.00
1988-05-12	0.96
1988-05-13	1.00
1988-05-14	1.00
1988-05-15	1.00
1988-05-16	1.00
1988-05-17	1.00
1988-05-18	1.00
1988-05-19	1.00
1988-05-20	1.00
1988-05-21	1.00
1988-05-22	1.00
1988-05-23	0.96
1988-05-24	0.96
1988-05-25	0.94
1988-05-26	0.94
1988-05-27	0.95
1988-05-28	0.96
1988-05-29	0.96
1988-05-30	0.96
1988-05-31	0.96
1988-06-01	0.97
1988-06-02	1.00
1988-06-03	1.00
1988-06-04	0.96
1988-06-05	0.96
1988-06-06	0.95
1988-06-07	0.95
1988-06-08	0.95
1988-06-09	0.95
1988-06-10	0.94
1988-06-11	0.94
1988-06-12	0.94
1988-06-13	0.96
1988-06-14	0.93
1988-06-15	0.92
1988-06-16	1.00
1988-06-17	0.97
1988-06-18	0.95
1988-06-19	0.95
1988-06-20	0.93
1988-06-21	0.97
1988-06-22	1.00
1988-06-23	1.00
1988-06-24	0.95
1988-06-25	0.93
1988-06-26	0.93
1988-06-27	0.94
1988-06-28	0.93
1988-06-29	0.92
1988-06-30	0.92
1988-07-01	0.92
1988-07-02	0.92
1988-07-03	0.95
1988-07-04	0.94
1988-07-05	0.93
1988-07-06	0.94
1988-07-07	0.93
1988-07-08	0.96
1988-07-09	1.00
1988-07-10	0.97
1988-07-11	0.93
1988-07-12	1.00
1988-07-13	1.00
1988-07-14	1.00
1988-07-15	0.96
1988-07-16	0.96
1988-07-17	0.95
1988-07-18	0.94
1988-07-19	0.93
1988-07-20	0.92
1988-07-21	0.92
1988-07-22	0.91
1988-07-23	0.92
1988-07-24	0.93
1988-07-25	1.00
1988-07-26	1.00
1988-07-27	0.96
1988-07-28	0.96
1988-07-29	0.95
1988-07-30	0.95
1988-07-31	0.95
1988-08-01	0.95
1988-08-02	0.95
1988-08-03	0.94
1988-08-04	0.93
1988-08-05	0.93
1988-08-06	0.92
1988-08-07	0.93
1988-08-08	1.00
1988-08-09	1.00
1988-08-10	0.97
1988-08-11	0.95
1988-08-12	0.95
1988-08-13	0.95
1988-08-14	0.95
1988-08-15	0.94
1988-08-16	0.94
1988-08-17	0.94
1988-08-18	0.93
1988-08-19	0.93
1988-08-20	0.93
1988-08-21	0.92
1988-08-22	0.92
1988-08-23	0.91
1988-08-24	0.91
1988-08-25	0.92
1988-08-26	0.92
1988-08-27	0.92
1988-08-28	0.92
1988-08-29	0.92
1988-08-30	0.92
1988-08-31	0.92
1988-09-01	0.94
1988-09-02	0.93
1988-09-03	0.93
1988-09-04	0.95
1988-09-05	0.95
1988-09-06	1.00
1988-09-07	1.00
1988-09-08	0.95
1988-09-09	0.95
1988-09-10	0.96
1988-09-11	0.96
1988-09-12	0.95
1988-09-13	0.96
1988-09-14	0.96
1988-09-15	0.96
1988-09-16	0.96
1988-09-17	0.96
1988-09-18	0.95
1988-09-19	0.94
1988-09-20	0.94
1988-09-21	0.94
1988-09-22	0.94
1988-09-23	0.94
1988-09-24	0.94
1988-09-25	0.96
1988-09-26	1.00
1988-09-27	1.00
1988-09-28	1.00
1988-09-29	1.00
1988-09-30	1.00
1988-10-01	1.00
1988-10-02	1.00
1988-10-03	0.96
1988-10-04	0.96
1988-10-05	0.96
1988-10-06	1.00
1988-10-07	1.00
1988-10-08	1.00
1988-10-09	1.00
1988-10-10	1.00
1988-10-11	1.00
1988-10-12	1.00
1988-10-13	1.00
1988-10-14	1.00
1988-10-15	1.00
1988-10-16	1.00
1988-10-17	1.00
1988-10-18	1.00
1988-10-19	1.00
1988-10-20	1.00
1988-10-21	1.00
1988-10-22	0.96
1988-10-23	1.00
1988-10-24	1.00
1988-10-25	1.00
1988-10-26	1.00
1988-10-27	1.00
1988-10-28	1.00
1988-10-29	1.00
1988-10-30	1.00
1988-10-31	1.00
1988-11-01	1.00
1988-11-02	1.00
1988-11-03	1.00
1988-11-04	1.00
1988-11-05	1.00
1988-11-06	1.00
1988-11-07	1.00
1988-11-08	1.00
1988-11-09	1.00
1988-11-10	1.00
1988-11-11	1.00
1988-11-12	1.00
1988-11-13	1.00
1988-11-14	1.00
1988-11-15	1.00
1988-11-16	1.00
1988-11-17	1.00
1988-11-18	1.00
1988-11-19	1.00
1988-11-20	1.00
1988-11-21	1.00
1988-11-22	1.00
1988-11-23	1.00
1988-11-24	1.00
1988-11-25	1.00
1988-11-26	1.00
1988-11-27	1.00
1988-11-28	1.00
1988-11-29	1.00
1988-11-30	1.00
1988-12-01	1.00
1988-12-02	1.00
1988-12-03	1.00
1988-12-04	1.00
1988-12-05	1.00
1988-12-06	1.00
1988-12-07	1.00
1988-12-08	1.00
1988-12-09	1.00
1988-12-10	1.00
1988-12-11	1.00
1988-12-12	1.00
1988-12-13	1.00
1988-12-14	1.00
1988-12-15	1.00
1988-12-16	1.00
1988-12-17	1.00
1988-12-18	1.00
1988-12-19	1.00
1988-12-20	1.00
1988-12-21	1.00
1988-12-22	1.00
1988-12-23	1.00
1988-12-24	1.00
1988-12-25	1.00
1988-12-26	1.00
1988-12-27	1.00
1988-12-28	1.00
1988-12-29	1.00
1988-12-30	1.00
1988-12-31	1.00
1989-01-01	1.00
1989-01-02	1.00
1989-01-03	1.00
1989-01-04	1.00
1989-01-05	1.00
1989-01-06	1.00
1989-01-07	1.00
1989-01-08	1.00
1989-01-09	1.00
1989-01-10	1.00
1989-01-11	1.00
1989-01-12	1.00
1989-01-13	1.00
1989-01-14	1.00
1989-01-15	1.00
1989-01-16	1.00
1989-01-17	1.00
1989-01-18	1.00
1989-01-19	1.00
1989-01-20	1.00
1989-01-21	1.00
1989-01-22	1.00
1989-01-23	1.00
1989-01-24	1.00
1989-01-25	1.00
1989-01-26	1.00
1989-01-27	1.00
1989-01-28	1.00
1989-01-29	1.00
1989-01-30	1.00
1989-01-31	1.00
1989-02-01	1.00
1989-02-02	1.00
1989-02-03	1.00
1989-02-04	1.00
1989-02-05	1.00
1989-02-06	1.00
1989-02-07	1.00
1989-02-08	1.00
1989-02-09	1.00
1989-02-10	1.00
1989-02-11	1.00
1989-02-12	1.00
1989-02-13	1.00
1989-02-14	1.00
1989-02-15	1.00
1989-02-16	1.00
1989-02-17	1.00
1989-02-18	1.00
1989-02-19	1.00
1989-02-20	1.00
1989-02-21	1.00
1989-02-22	1.00
1989-02-23	1.00
1989-02-24	1.00
1989-02-25	1.00
1989-02-26	1.00
1989-02-27	1.00
1989-02-28	1.00
1989-03-01	1.00
1989-03-02	1.00
1989-03-03	1.00
1989-03-04	1.00
1989-03-05	1.00
1989-03-06	1.00
1989-03-07	1.00
1989-03-08	1.00
1989-03-09	1.00
1989-03-10	1.00
1989-03-11	1.00
1989-03-12	1.00
1989-03-13	1.00
1989-03-14	1.00
1989-03-15	1.00
1989-03-16	1.00
1989-03-17	1.00
1989-03-18	1.00
1989-03-19	1.00
1989-03-20	1.00
1989-03-21	1.00
1989-03-22	1.00
1989-03-23	1.00
1989-03-24	1.00
1989-03-25	1.00
1989-03-26	1.00
1989-03-27	1.00
1989-03-28	1.00
1989-03-29	1.00
1989-03-30	1.00
1989-03-31	1.00
1989-04-01	1.00
1989-04-02	1.00
1989-04-03	1.00
1989-04-04	1.00
1989-04-05	1.00
1989-04-06	1.00
1989-04-07	1.00
1989-04-08	1.00
1989-04-09	1.00
1989-04-10	1.00
1989-04-11	1.00
1989-04-12	1.00
1989-04-13	1.00
1989-04-14	1.00
1989-04-15	1.00
1989-04-16	1.00
1989-04-17	1.00
1989-04-18	1.00
1989-04-19	1.00
1989-04-20	1.00
1989-04-21	1.00
1989-04-22	1.00
1989-04-23	1.00
1989-04-24	1.00
1989-04-25	1.00
1989-04-26	1.00
1989-04-27	1.00
1989-04-28	1.00
1989-04-29	1.00
1989-04-30	1.00
1989-05-01	1.00
1989-05-02	1.00
1989-05-03	1.00
1989-05-04	1.00
1989-05-05	1.00
1989-05-06	1.00
1989-05-07	1.00
1989-05-08	1.00
1989-05-09	1.00
1989-05-10	1.00
1989-05-11	1.00
1989-05-12	0.96
1989-05-13	1.00
1989-05-14	1.00
1989-05-15	1.00
1989-05-16	1.00
1989-05-17	1.00
1989-05-18	1.00
1989-05-19	1.00
1989-05-20	1.00
1989-05-21	1.00
1989-05-22	1.00
1989-05-23	0.96
1989-05-24	0.95
1989-05-25	0.96
1989-05-26	1.00
1989-05-27	1.00
1989-05-28	1.00
1989-05-29	1.00
1989-05-30	1.00
1989-05-31	1.00
1989-06-01	1.00
1989-06-02	1.00
1989-06-03	0.94
1989-06-04	0.94
1989-06-05	1.00
1989-06-06	1.00
1989-06-07	1.00
1989-06-08	1.00
1989-06-09	1.00
1989-06-10	1.00
1989-06-11	1.00
1989-06-12	1.00
1989-06-13	0.96
1989-06-14	0.93
1989-06-15	0.93
1989-06-16	0.94
1989-06-17	0.94
1989-06-18	0.95
1989-06-19	0.93
1989-06-20	0.94
1989-06-21	0.94
1989-06-22	0.93
1989-06-23	0.92
1989-06-24	0.92
1989-06-25	0.92
1989-06-26	0.92
1989-06-27	0.92
1989-06-28	0.92
1989-06-29	0.92
1989-06-30	0.91
1989-07-01	0.91
1989-07-02	0.92
1989-07-03	0.92
1989-07-04	0.92
1989-07-05	0.92
1989-07-06	0.92
1989-07-07	0.97
1989-07-08	0.96
1989-07-09	0.93
1989-07-10	0.94
1989-07-11	0.94
1989-07-12	0.95
1989-07-13	0.95
1989-07-14	0.94
1989-07-15	0.93
1989-07-16	0.95
1989-07-17	0.95
1989-07-18	0.95
1989-07-19	0.94
1989-07-20	0.94
1989-07-21	0.93
1989-07-22	0.93
1989-07-23	0.93
1989-07-24	0.92
1989-07-25	0.92
1989-07-26	0.92
1989-07-27	0.92
1989-07-28	0.92
1989-07-29	0.92
1989-07-30	0.92
1989-07-31	0.92
1989-08-01	0.93
1989-08-02	0.92
1989-08-03	0.92
1989-08-04	0.92
1989-08-05	0.92
1989-08-06	0.92
1989-08-07	0.92
1989-08-08	0.93
1989-08-09	0.93
1989-08-10	0.93
1989-08-11	0.93
1989-08-12	0.96
1989-08-13	0.97
1989-08-14	0.95
1989-08-15	0.93
1989-08-16	1.00
1989-08-17	1.00
1989-08-18	1.00
1989-08-19	0.96
1989-08-20	0.96
1989-08-21	1.00
1989-08-22	1.00
1989-08-23	1.00
1989-08-24	0.97
1989-08-25	0.96
1989-08-26	0.95
1989-08-27	0.95
1989-08-28	0.95
1989-08-29	0.95
1989-08-30	0.96
1989-08-31	1.00
1989-09-01	1.00
1989-09-02	1.00
1989-09-03	0.97
1989-09-04	1.00
1989-09-05	1.00
1989-09-06	1.00
1989-09-07	1.00
1989-09-08	0.97
1989-09-09	0.96
1989-09-10	0.97
1989-09-11	1.00
1989-09-12	1.00
1989-09-13	0.96
1989-09-14	0.96
1989-09-15	0.93
1989-09-16	0.94
1989-09-17	0.94
1989-09-18	0.95
1989-09-19	0.95
1989-09-20	0.95
1989-09-21	1.00
1989-09-22	1.00
1989-09-23	1.00
1989-09-24	1.00
1989-09-25	1.00
1989-09-26	1.00
1989-09-27	1.00
1989-09-28	1.00
1989-09-29	1.00
1989-09-30	1.00
1989-10-01	1.00
1989-10-02	1.00
1989-10-03	1.00
1989-10-04	1.00
1989-10-05	1.00
1989-10-06	1.00
1989-10-07	1.00
1989-10-08	1.00
1989-10-09	1.00
1989-10-10	1.00
1989-10-11	1.00
1989-10-12	1.00
1989-10-13	1.00
1989-10-14	1.00
1989-10-15	1.00
1989-10-16	1.00
1989-10-17	1.00
1989-10-18	1.00
1989-10-19	0.96
1989-10-20	0.95
1989-10-21	0.96
1989-10-22	1.00
1989-10-23	1.00
1989-10-24	1.00
1989-10-25	1.00
1989-10-26	1.00
1989-10-27	1.00
1989-10-28	1.00
1989-10-29	1.00
1989-10-30	1.00
1989-10-31	1.00
1989-11-01	1.00
1989-11-02	1.00
1989-11-03	1.00
1989-11-04	1.00
1989-11-05	1.00
1989-11-06	1.00
1989-11-07	1.00
1989-11-08	1.00
1989-11-09	1.00
1989-11-10	1.00
1989-11-11	1.00
1989-11-12	1.00
1989-11-13	1.00
1989-11-14	1.00
1989-11-15	1.00
1989-11-16	1.00
1989-11-17	1.00
1989-11-18	1.00
1989-11-19	1.00
1989-11-20	1.00
1989-11-21	1.00
1989-11-22	1.00
1989-11-23	1.00
1989-11-24	1.00
1989-11-25	1.00
1989-11-26	1.00
1989-11-27	1.00
1989-11-28	1.00
1989-11-29	1.00
1989-11-30	1.00
1989-12-01	1.00
1989-12-02	1.00
1989-12-03	1.00
1989-12-04	1.00
1989-12-05	1.00
1989-12-06	1.00
1989-12-07	1.00
1989-12-08	1.00
1989-12-09	1.00
1989-12-10	1.00
1989-12-11	1.00
1989-12-12	1.00
1989-12-13	1.00
1989-12-14	1.00
1989-12-15	1.00
1989-12-16	1.00
1989-12-17	1.00
1989-12-18	1.00
1989-12-19	1.00
1989-12-20	1.00
1989-12-21	1.00
1989-12-22	1.00
1989-12-23	1.00
1989-12-24	1.00
1989-12-25	1.00
1989-12-26	1.00
1989-12-27	1.00
1989-12-28	1.00
1989-12-29	1.00
1989-12-30	1.00
1989-12-31	1.00
1990-01-01	1.00
1990-01-02	1.00
1990-01-03	1.00
1990-01-04	1.00
1990-01-05	1.00
1990-01-06	1.00
1990-01-07	1.00
1990-01-08	1.00
1990-01-09	1.00
1990-01-10	1.00
1990-01-11	1.00
1990-01-12	1.00
1990-01-13	1.00
1990-01-14	1.00
1990-01-15	1.00
1990-01-16	1.00
1990-01-17	1.00
1990-01-18	1.00
1990-01-19	1.00
1990-01-20	1.00
1990-01-21	1.00
1990-01-22	1.00
1990-01-23	1.00
1990-01-24	1.00
1990-01-25	1.00
1990-01-26	1.00
1990-01-27	1.00
1990-01-28	1.00
1990-01-29	1.00
1990-01-30	1.00
1990-01-31	1.00
1990-02-01	1.00
1990-02-02	1.00
1990-02-03	1.00
1990-02-04	1.00
1990-02-05	1.00
1990-02-06	1.00
1990-02-07	1.00
1990-02-08	1.00
1990-02-09	1.00
1990-02-10	1.00
1990-02-11	1.00
1990-02-12	1.00
1990-02-13	1.00
1990-02-14	1.00
1990-02-15	1.00
1990-02-16	1.00
1990-02-17	1.00
1990-02-18	1.00
1990-02-19	1.00
1990-02-20	1.00
1990-02-21	1.00
1990-02-22	1.00
1990-02-23	1.00
1990-02-24	1.00
1990-02-25	1.00
1990-02-26	1.00
1990-02-27	1.00
1990-02-28	1.00
1990-03-01	1.00
1990-03-02	1.00
1990-03-03	1.00
1990-03-04	1.00
1990-03-05	1.00
1990-03-06	1.00
1990-03-07	1.00
1990-03-08	1.00
1990-03-09	1.00
1990-03-10	1.00
1990-03-11	1.00
1990-03-12	1.00
1990-03-13	1.00
1990-03-14	1.00
1990-03-15	1.00
1990-03-16	1.00
1990-03-17	1.00
1990-03-18	1.00
1990-03-19	1.00
1990-03-20	1.00
1990-03-21	1.00
1990-03-22	1.00
1990-03-23	1.00
1990-03-24	1.00
1990-03-25	1.00
1990-03-26	1.00
1990-03-27	1.00
1990-03-28	1.00
1990-03-29	1.00
1990-03-30	1.00
1990-03-31	1.00
1990-04-01	1.00
1990-04-02	1.00
1990-04-03	1.00
1990-04-04	1.00
1990-04-05	1.00
1990-04-06	1.00
1990-04-07	1.00
1990-04-08	1.00
1990-04-09	1.00
1990-04-10	1.00
1990-04-11	1.00
1990-04-12	1.00
1990-04-13	1.00
1990-04-14	1.00
1990-04-15	1.00
1990-04-16	1.00
1990-04-17	1.00
1990-04-18	1.00
1990-04-19	1.00
1990-04-20	1.00
1990-04-21	1.00
1990-04-22	1.00
1990-04-23	1.00
1990-04-24	1.00
1990-04-25	1.00
1990-04-26	0.97
1990-04-27	0.96
1990-04-28	1.00
1990-04-29	1.00
1990-04-30	1.00
1990-05-01	0.96
1990-05-02	0.96
1990-05-03	1.00
1990-05-04	1.00
1990-05-05	1.00
1990-05-06	1.00
1990-05-07	1.00
1990-05-08	1.00
1990-05-09	1.00
1990-05-10	1.00
1990-05-11	1.00
1990-05-12	1.00
1990-05-13	1.00
1990-05-14	1.00
1990-05-15	1.00
1990-05-16	1.00
1990-05-17	1.00
1990-05-18	1.00
1990-05-19	1.00
1990-05-20	1.00
1990-05-21	1.00
1990-05-22	0.96
1990-05-23	0.96
1990-05-24	0.95
1990-05-25	0.95
1990-05-26	1.00
1990-05-27	1.00
1990-05-28	1.00
1990-05-29	0.95
1990-05-30	0.95
1990-05-31	0.94
1990-06-01	0.94
1990-06-02	0.94
1990-06-03	0.95
1990-06-04	0.93
1990-06-05	0.93
1990-06-06	0.95
1990-06-07	1.00
1990-06-08	1.00
1990-06-09	0.97
1990-06-10	0.97
1990-06-11	1.00
1990-06-12	1.00
1990-06-13	1.00
1990-06-14	1.00
1990-06-15	1.00
1990-06-16	1.00
1990-06-17	1.00
1990-06-18	0.96
1990-06-19	0.95
1990-06-20	0.93
1990-06-21	0.92
1990-06-22	0.92
1990-06-23	0.92
1990-06-24	0.92
1990-06-25	0.92
1990-06-26	0.92
1990-06-27	0.94
1990-06-28	0.96
1990-06-29	0.96
1990-06-30	0.95
1990-07-01	0.95
1990-07-02	0.95
1990-07-03	1.00
1990-07-04	0.96
1990-07-05	0.92
1990-07-06	0.93
1990-07-07	0.95
1990-07-08	0.95
1990-07-09	0.94
1990-07-10	0.95
1990-07-11	0.96
1990-07-12	0.95
1990-07-13	0.95
1990-07-14	0.94
1990-07-15	0.93
1990-07-16	0.92
1990-07-17	0.92
1990-07-18	0.92
1990-07-19	0.91
1990-07-20	0.92
1990-07-21	0.92
1990-07-22	0.92
1990-07-23	0.92
1990-07-24	0.92
1990-07-25	0.92
1990-07-26	0.92
1990-07-27	0.94
1990-07-28	0.95
1990-07-29	0.95
1990-07-30	0.94
1990-07-31	0.94
1990-08-01	0.92
1990-08-02	0.92
1990-08-03	0.92
1990-08-04	0.93
1990-08-05	0.92
1990-08-06	0.92
1990-08-07	0.92
1990-08-08	0.92
1990-08-09	0.92
1990-08-10	0.92
1990-08-11	0.92
1990-08-12	0.92
1990-08-13	0.92
1990-08-14	0.92
1990-08-15	0.92
1990-08-16	0.92
1990-08-17	0.93
1990-08-18	0.95
1990-08-19	0.93
1990-08-20	0.93
1990-08-21	0.92
1990-08-22	0.92
1990-08-23	0.92
1990-08-24	0.93
1990-08-25	0.93
1990-08-26	0.92
1990-08-27	0.92
1990-08-28	0.92
1990-08-29	0.92
1990-08-30	0.93
1990-08-31	0.93
1990-09-01	1.00
1990-09-02	1.00
1990-09-03	0.96
1990-09-04	0.93
1990-09-05	0.94
1990-09-06	0.96
1990-09-07	0.95
1990-09-08	0.95
1990-09-09	0.96
1990-09-10	1.00
1990-09-11	1.00
1990-09-12	1.00
1990-09-13	1.00
1990-09-14	1.00
1990-09-15	0.97
1990-09-16	1.00
1990-09-17	1.00
1990-09-18	1.00
1990-09-19	1.00
1990-09-20	1.00
1990-09-21	1.00
1990-09-22	1.00
1990-09-23	1.00
1990-09-24	1.00
1990-09-25	1.00
1990-09-26	1.00
1990-09-27	1.00
1990-09-28	1.00
1990-09-29	0.94
1990-09-30	0.93
1990-10-01	0.96
1990-10-02	0.97
1990-10-03	0.96
1990-10-04	0.97
1990-10-05	0.96
1990-10-06	1.00
1990-10-07	1.00
1990-10-08	1.00
1990-10-09	0.96
1990-10-10	1.00
1990-10-11	1.00
1990-10-12	1.00
1990-10-13	1.00
1990-10-14	1.00
1990-10-15	1.00
1990-10-16	1.00
1990-10-17	1.00
1990-10-18	1.00
1990-10-19	1.00
1990-10-20	1.00
1990-10-21	1.00
1990-10-22	1.00
1990-10-23	0.95
1990-10-24	0.95
1990-10-25	0.94
1990-10-26	0.95
1990-10-27	1.00
1990-10-28	1.00
1990-10-29	1.00
1990-10-30	1.00
1990-10-31	1.00
1990-11-01	0.96
1990-11-02	0.96
1990-11-03	1.00
1990-11-04	1.00
1990-11-05	1.00
1990-11-06	1.00
1990-11-07	1.00
1990-11-08	1.00
1990-11-09	1.00
1990-11-10	0.97
1990-11-11	1.00
1990-11-12	1.00
1990-11-13	0.96
1990-11-14	1.00
1990-11-15	1.00
1990-11-16	1.00
1990-11-17	1.00
1990-11-18	1.00
1990-11-19	1.00
1990-11-20	1.00
1990-11-21	1.00
1990-11-22	1.00
1990-11-23	1.00
1990-11-24	1.00
1990-11-25	1.00
1990-11-26	1.00
1990-11-27	1.00
1990-11-28	1.00
1990-11-29	1.00
1990-11-30	1.00
1990-12-01	1.00
1990-12-02	1.00
1990-12-03	1.00
1990-12-04	1.00
1990-12-05	1.00
1990-12-06	1.00
1990-12-07	1.00
1990-12-08	1.00
1990-12-09	1.00
1990-12-10	1.00
1990-12-11	1.00
1990-12-12	1.00
1990-12-13	1.00
1990-12-14	1.00
1990-12-15	1.00
1990-12-16	1.00
1990-12-17	1.00
1990-12-18	1.00
1990-12-19	1.00
1990-12-20	1.00
1990-12-21	1.00
1990-12-22	1.00
1990-12-23	1.00
1990-12-24	1.00
1990-12-25	1.00
1990-12-26	1.00
1990-12-27	1.00
1990-12-28	1.00
1990-12-29	1.00
1990-12-30	1.00
1990-12-31	1.00
1991-01-01	1.00
1991-01-02	1.00
1991-01-03	1.00
1991-01-04	1.00
1991-01-05	1.00
1991-01-06	1.00
1991-01-07	1.00
1991-01-08	1.00
1991-01-09	1.00
1991-01-10	1.00
1991-01-11	1.00
1991-01-12	1.00
1991-01-13	1.00
1991-01-14	1.00
1991-01-15	1.00
1991-01-16	1.00
1991-01-17	1.00
1991-01-18	1.00
1991-01-19	1.00
1991-01-20	1.00
1991-01-21	1.00
1991-01-22	1.00
1991-01-23	1.00
1991-01-24	1.00
1991-01-25	1.00
1991-01-26	1.00
1991-01-27	1.00
1991-01-28	1.00
1991-01-29	1.00
1991-01-30	1.00
1991-01-31	1.00
1991-02-01	1.00
1991-02-02	1.00
1991-02-03	1.00
1991-02-04	1.00
1991-02-05	1.00
1991-02-06	1.00
1991-02-07	1.00
1991-02-08	1.00
1991-02-09	1.00
1991-02-10	1.00
1991-02-11	1.00
1991-02-12	1.00
1991-02-13	1.00
1991-02-14	1.00
1991-02-15	1.00
1991-02-16	1.00
1991-02-17	1.00
1991-02-18	1.00
1991-02-19	1.00
1991-02-20	1.00
1991-02-21	1.00
1991-02-22	1.00
1991-02-23	1.00
1991-02-24	1.00
1991-02-25	1.00
1991-02-26	1.00
1991-02-27	1.00
1991-02-28	1.00
1991-03-01	1.00
1991-03-02	1.00
1991-03-03	1.00
1991-03-04	1.00
1991-03-05	1.00
1991-03-06	1.00
1991-03-07	1.00
1991-03-08	1.00
1991-03-09	1.00
1991-03-10	1.00
1991-03-11	1.00
1991-03-12	1.00
1991-03-13	1.00
1991-03-14	1.00
1991-03-15	1.00
1991-03-16	1.00
1991-03-17	1.00
1991-03-18	1.00
1991-03-19	1.00
1991-03-20	1.00
1991-03-21	1.00
1991-03-22	1.00
1991-03-23	1.00
1991-03-24	1.00
1991-03-25	1.00
1991-03-26	1.00
1991-03-27	1.00
1991-03-28	1.00
1991-03-29	1.00
1991-03-30	1.00
1991-03-31	1.00
1991-04-01	1.00
1991-04-02	1.00
1991-04-03	1.00
1991-04-04	1.00
1991-04-05	1.00
1991-04-06	1.00
1991-04-07	1.00
1991-04-08	1.00
1991-04-09	1.00
1991-04-10	1.00
1991-04-11	1.00
1991-04-12	1.00
1991-04-13	1.00
1991-04-14	1.00
1991-04-15	1.00
1991-04-16	1.00
1991-04-17	1.00
1991-04-18	1.00
1991-04-19	1.00
1991-04-20	1.00
1991-04-21	1.00
1991-04-22	1.00
1991-04-23	1.00
1991-04-24	1.00
1991-04-25	1.00
1991-04-26	1.00
1991-04-27	1.00
1991-04-28	1.00
1991-04-29	1.00
1991-04-30	1.00
1991-05-01	1.00
1991-05-02	1.00
1991-05-03	1.00
1991-05-04	1.00
1991-05-05	1.00
1991-05-06	1.00
1991-05-07	1.00
1991-05-08	1.00
1991-05-09	1.00
1991-05-10	1.00
1991-05-11	1.00
1991-05-12	1.00
1991-05-13	1.00
1991-05-14	1.00
1991-05-15	1.00
1991-05-16	1.00
1991-05-17	1.00
1991-05-18	1.00
1991-05-19	1.00
1991-05-20	1.00
1991-05-21	0.97
1991-05-22	0.97
1991-05-23	0.96
1991-05-24	0.95
1991-05-25	1.00
1991-05-26	1.00
1991-05-27	1.00
1991-05-28	1.00
1991-05-29	1.00
1991-05-30	1.00
1991-05-31	1.00
1991-06-01	1.00
1991-06-02	1.00
1991-06-03	1.00
1991-06-04	1.00
1991-06-05	0.96
1991-06-06	0.96
1991-06-07	0.93
1991-06-08	0.93
1991-06-09	0.93
1991-06-10	0.93
1991-06-11	0.96
1991-06-12	1.00
1991-06-13	0.96
1991-06-14	0.95
1991-06-15	0.92
1991-06-16	0.92
1991-06-17	0.96
1991-06-18	1.00
1991-06-19	0.96
1991-06-20	0.95
1991-06-21	0.93
1991-06-22	0.92
1991-06-23	0.91
1991-06-24	0.91
1991-06-25	0.90
1991-06-26	0.90
1991-06-27	0.92
1991-06-28	0.95
1991-06-29	0.95
1991-06-30	0.96
1991-07-01	1.00
1991-07-02	0.96
1991-07-03	1.00
1991-07-04	0.96
1991-07-05	0.94
1991-07-06	0.93
1991-07-07	0.93
1991-07-08	0.93
1991-07-09	0.92
1991-07-10	0.92
1991-07-11	0.92
1991-07-12	0.93
1991-07-13	0.92
1991-07-14	0.92
1991-07-15	0.92
1991-07-16	0.93
1991-07-17	0.97
1991-07-18	1.00
1991-07-19	0.96
1991-07-20	0.96
1991-07-21	0.95
1991-07-22	0.93
1991-07-23	0.93
1991-07-24	0.93
1991-07-25	0.93
1991-07-26	0.92
1991-07-27	0.92
1991-07-28	0.92
1991-07-29	0.92
1991-07-30	0.92
1991-07-31	0.92
1991-08-01	0.92
1991-08-02	0.92
1991-08-03	0.92
1991-08-04	0.92
1991-08-05	0.92
1991-08-06	0.92
1991-08-07	0.92
1991-08-08	0.92
1991-08-09	0.92
1991-08-10	0.92
1991-08-11	0.92
1991-08-12	0.93
1991-08-13	0.94
1991-08-14	0.94
1991-08-15	0.93
1991-08-16	0.92
1991-08-17	0.92
1991-08-18	0.92
1991-08-19	0.92
1991-08-20	0.92
1991-08-21	0.95
1991-08-22	1.00
1991-08-23	0.96
1991-08-24	0.95
1991-08-25	1.00
1991-08-26	1.00
1991-08-27	1.00
1991-08-28	0.96
1991-08-29	1.00
1991-08-30	1.00
1991-08-31	1.00
1991-09-01	0.97
1991-09-02	0.96
1991-09-03	0.95
1991-09-04	0.96
1991-09-05	0.96
1991-09-06	0.96
1991-09-07	0.96
1991-09-08	0.95
1991-09-09	0.95
1991-09-10	0.96
1991-09-11	0.96
1991-09-12	0.95
1991-09-13	0.94
1991-09-14	1.00
1991-09-15	1.00
1991-09-16	1.00
1991-09-17	1.00
1991-09-18	0.95
1991-09-19	0.95
1991-09-20	0.96
1991-09-21	1.00
1991-09-22	1.00
1991-09-23	1.00
1991-09-24	1.00
1991-09-25	1.00
1991-09-26	1.00
1991-09-27	1.00
1991-09-28	1.00
1991-09-29	1.00
1991-09-30	0.96
1991-10-01	1.00
1991-10-02	1.00
1991-10-03	1.00
1991-10-04	1.00
1991-10-05	0.96
1991-10-06	0.96
1991-10-07	0.96
1991-10-08	0.96
1991-10-09	0.96
1991-10-10	1.00
1991-10-11	1.00
1991-10-12	1.00
1991-10-13	1.00
1991-10-14	1.00
1991-10-15	1.00
1991-10-16	1.00
1991-10-17	1.00
1991-10-18	1.00
1991-10-19	1.00
1991-10-20	1.00
1991-10-21	0.95
1991-10-22	0.94
1991-10-23	1.00
1991-10-24	1.00
1991-10-25	1.00
1991-10-26	1.00
1991-10-27	1.00
1991-10-28	1.00
1991-10-29	1.00
1991-10-30	1.00
1991-10-31	1.00
1991-11-01	1.00
1991-11-02	1.00
1991-11-03	1.00
1991-11-04	1.00
1991-11-05	1.00
1991-11-06	1.00
1991-11-07	1.00
1991-11-08	1.00
1991-11-09	1.00
1991-11-10	1.00
1991-11-11	1.00
1991-11-12	1.00
1991-11-13	1.00
1991-11-14	1.00
1991-11-15	1.00
1991-11-16	1.00
1991-11-17	1.00
1991-11-18	1.00
1991-11-19	1.00
1991-11-20	1.00
1991-11-21	1.00
1991-11-22	1.00
1991-11-23	1.00
1991-11-24	1.00
1991-11-25	1.00
1991-11-26	1.00
1991-11-27	1.00
1991-11-28	1.00
1991-11-29	1.00
1991-11-30	1.00
1991-12-01	1.00
1991-12-02	1.00
1991-12-03	1.00
1991-12-04	1.00
1991-12-05	1.00
1991-12-06	1.00
1991-12-07	1.00
1991-12-08	1.00
1991-12-09	1.00
1991-12-10	1.00
1991-12-11	1.00
1991-12-12	1.00
1991-12-13	1.00
1991-12-14	1.00
1991-12-15	1.00
1991-12-16	1.00
1991-12-17	1.00
1991-12-18	1.00
1991-12-19	1.00
1991-12-20	1.00
1991-12-21	1.00
1991-12-22	1.00
1991-12-23	1.00
1991-12-24	1.00
1991-12-25	1.00
1991-12-26	1.00
1991-12-27	1.00
1991-12-28	1.00
1991-12-29	1.00
1991-12-30	1.00
1991-12-31	1.00
1992-01-01	1.00
1992-01-02	1.00
1992-01-03	1.00
1992-01-04	1.00
1992-01-05	1.00
1992-01-06	1.00
1992-01-07	1.00
1992-01-08	1.00
1992-01-09	1.00
1992-01-10	1.00
1992-01-11	1.00
1992-01-12	1.00
1992-01-13	1.00
1992-01-14	1.00
1992-01-15	1.00
1992-01-16	1.00
1992-01-17	1.00
1992-01-18	1.00
1992-01-19	1.00
1992-01-20	1.00
1992-01-21	1.00
1992-01-22	1.00
1992-01-23	1.00
1992-01-24	1.00
1992-01-25	1.00
1992-01-26	1.00
1992-01-27	1.00
1992-01-28	1.00
1992-01-29	1.00
1992-01-30	1.00
1992-01-31	1.00
1992-02-01	1.00
1992-02-02	1.00
1992-02-03	1.00
1992-02-04	1.00
1992-02-05	1.00
1992-02-06	1.00
1992-02-07	1.00
1992-02-08	1.00
1992-02-09	1.00
1992-02-10	1.00
1992-02-11	1.00
1992-02-12	1.00
1992-02-13	1.00
1992-02-14	1.00
1992-02-15	1.00
1992-02-16	1.00
1992-02-17	1.00
1992-02-18	1.00
1992-02-19	1.00
1992-02-20	1.00
1992-02-21	1.00
1992-02-22	1.00
1992-02-23	1.00
1992-02-24	1.00
1992-02-25	1.00
1992-02-26	1.00
1992-02-27	1.00
1992-02-28	1.00
1992-02-29	1.00
1992-03-01	1.00
1992-03-02	1.00
1992-03-03	1.00
1992-03-04	1.00
1992-03-05	1.00
1992-03-06	1.00
1992-03-07	1.00
1992-03-08	1.00
1992-03-09	1.00
1992-03-10	1.00
1992-03-11	1.00
1992-03-12	1.00
1992-03-13	1.00
1992-03-14	1.00
1992-03-15	1.00
1992-03-16	1.00
1992-03-17	1.00
1992-03-18	1.00
1992-03-19	1.00
1992-03-20	1.00
1992-03-21	1.00
1992-03-22	1.00
1992-03-23	1.00
1992-03-24	1.00
1992-03-25	1.00
1992-03-26	1.00
1992-03-27	1.00
1992-03-28	1.00
1992-03-29	1.00
1992-03-30	1.00
1992-03-31	1.00
1992-04-01	1.00
1992-04-02	1.00
1992-04-03	1.00
1992-04-04	1.00
1992-04-05	1.00
1992-04-06	1.00
1992-04-07	1.00
1992-04-08	1.00
1992-04-09	1.00
1992-04-10	1.00
1992-04-11	1.00
1992-04-12	1.00
1992-04-13	1.00
1992-04-14	1.00
1992-04-15	1.00
1992-04-16	1.00
1992-04-17	1.00
1992-04-18	1.00
1992-04-19	1.00
1992-04-20	1.00
1992-04-21	1.00
1992-04-22	1.00
1992-04-23	1.00
1992-04-24	1.00
1992-04-25	1.00
1992-04-26	1.00
1992-04-27	0.96
1992-04-28	0.96
1992-04-29	1.00
1992-04-30	1.00
1992-05-01	1.00
1992-05-02	1.00
1992-05-03	1.00
1992-05-04	1.00
1992-05-05	0.97
1992-05-06	1.00
1992-05-07	1.00
1992-05-08	1.00
1992-05-09	1.00
1992-05-10	1.00
1992-05-11	1.00
1992-05-12	1.00
1992-05-13	1.00
1992-05-14	1.00
1992-05-15	1.00
1992-05-16	1.00
1992-05-17	1.00
1992-05-18	1.00
1992-05-19	1.00
1992-05-20	1.00
1992-05-21	1.00
1992-05-22	1.00
1992-05-23	1.00
1992-05-24	0.97
1992-05-25	0.95
1992-05-26	0.97
1992-05-27	1.00
1992-05-28	1.00
1992-05-29	1.00
1992-05-30	1.00
1992-05-31	1.00
1992-06-01	1.00
1992-06-02	1.00
1992-06-03	1.00
1992-06-04	0.96
1992-06-05	0.95
1992-06-06	0.96
1992-06-07	1.00
1992-06-08	1.00
1992-06-09	1.00
1992-06-10	1.00
1992-06-11	1.00
1992-06-12	1.00
1992-06-13	0.96
1992-06-14	0.95
1992-06-15	0.96
1992-06-16	1.00
1992-06-17	1.00
1992-06-18	1.00
1992-06-19	1.00
1992-06-20	1.00
1992-06-21	1.00
1992-06-22	1.00
1992-06-23	0.97
1992-06-24	0.96
1992-06-25	0.96
1992-06-26	0.96
1992-06-27	0.95
1992-06-28	0.94
1992-06-29	0.95
1992-06-30	0.96
1992-07-01	0.94
1992-07-02	0.95
1992-07-03	0.96
1992-07-04	0.92
1992-07-05	0.97
1992-07-06	1.00
1992-07-07	1.00
1992-07-08	1.00
1992-07-09	0.97
1992-07-10	0.96
1992-07-11	0.93
1992-07-12	0.92
1992-07-13	0.93
1992-07-14	0.95
1992-07-15	0.95
1992-07-16	0.94
1992-07-17	0.92
1992-07-18	0.93
1992-07-19	0.92
1992-07-20	0.91
1992-07-21	0.92
1992-07-22	0.96
1992-07-23	1.00
1992-07-24	1.00
1992-07-25	0.96
1992-07-26	0.96
1992-07-27	0.96
1992-07-28	0.95
1992-07-29	0.95
1992-07-30	0.96
1992-07-31	0.96
1992-08-01	0.95
1992-08-02	0.94
1992-08-03	0.96
1992-08-04	0.96
1992-08-05	0.95
1992-08-06	0.95
1992-08-07	0.95
1992-08-08	0.96
1992-08-09	1.00
1992-08-10	1.00
1992-08-11	1.00
1992-08-12	1.00
1992-08-13	1.00
1992-08-14	1.00
1992-08-15	0.96
1992-08-16	0.95
1992-08-17	0.96
1992-08-18	0.96
1992-08-19	0.96
1992-08-20	1.00
1992-08-21	1.00
1992-08-22	1.00
1992-08-23	1.00
1992-08-24	1.00
1992-08-25	1.00
1992-08-26	1.00
1992-08-27	1.00
1992-08-28	1.00
1992-08-29	1.00
1992-08-30	0.96
1992-08-31	0.96
1992-09-01	0.95
1992-09-02	0.96
1992-09-03	0.94
1992-09-04	0.94
1992-09-05	0.95
1992-09-06	0.95
1992-09-07	0.95
1992-09-08	0.95
1992-09-09	0.94
1992-09-10	0.93
1992-09-11	0.92
1992-09-12	0.92
1992-09-13	0.92
1992-09-14	0.92
1992-09-15	0.93
1992-09-16	0.96
1992-09-17	0.95
1992-09-18	0.93
1992-09-19	0.93
1992-09-20	0.94
1992-09-21	0.94
1992-09-22	0.95
1992-09-23	0.95
1992-09-24	0.94
1992-09-25	0.94
1992-09-26	1.00
1992-09-27	1.00
1992-09-28	1.00
1992-09-29	1.00
1992-09-30	1.00
1992-10-01	1.00
1992-10-02	1.00
1992-10-03	1.00
1992-10-04	1.00
1992-10-05	1.00
1992-10-06	1.00
1992-10-07	1.00
1992-10-08	1.00
1992-10-09	1.00
1992-10-10	1.00
1992-10-11	1.00
1992-10-12	0.96
1992-10-13	0.95
1992-10-14	1.00
1992-10-15	1.00
1992-10-16	1.00
1992-10-17	1.00
1992-10-18	1.00
1992-10-19	1.00
1992-10-20	1.00
1992-10-21	1.00
1992-10-22	1.00
1992-10-23	1.00
1992-10-24	1.00
1992-10-25	1.00
1992-10-26	0.97
1992-10-27	0.96
1992-10-28	0.96
1992-10-29	0.95
1992-10-30	0.96
1992-10-31	1.00
1992-11-01	1.00
1992-11-02	1.00
1992-11-03	1.00
1992-11-04	1.00
1992-11-05	1.00
1992-11-06	1.00
1992-11-07	1.00
1992-11-08	1.00
1992-11-09	1.00
1992-11-10	1.00
1992-11-11	1.00
1992-11-12	1.00
1992-11-13	1.00
1992-11-14	1.00
1992-11-15	1.00
1992-11-16	1.00
1992-11-17	1.00
1992-11-18	1.00
1992-11-19	1.00
1992-11-20	1.00
1992-11-21	1.00
1992-11-22	1.00
1992-11-23	1.00
1992-11-24	1.00
1992-11-25	1.00
1992-11-26	1.00
1992-11-27	1.00
1992-11-28	1.00
1992-11-29	1.00
1992-11-30	1.00
1992-12-01	1.00
1992-12-02	1.00
1992-12-03	1.00
1992-12-04	1.00
1992-12-05	1.00
1992-12-06	1.00
1992-12-07	1.00
1992-12-08	1.00
1992-12-09	1.00
1992-12-10	1.00
1992-12-11	1.00
1992-12-12	1.00
1992-12-13	1.00
1992-12-14	1.00
1992-12-15	1.00
1992-12-16	1.00
1992-12-17	0.96
1992-12-18	1.00
1992-12-19	1.00
1992-12-20	1.00
1992-12-21	1.00
1992-12-22	1.00
1992-12-23	1.00
1992-12-24	1.00
1992-12-25	1.00
1992-12-26	1.00
1992-12-27	1.00
1992-12-28	1.00
1992-12-29	1.00
1992-12-30	1.00
1992-12-31	1.00
1993-01-01	1.00
1993-01-02	1.00
1993-01-03	1.00
1993-01-04	1.00
1993-01-05	1.00
1993-01-06	1.00
1993-01-07	1.00
1993-01-08	1.00
1993-01-09	1.00
1993-01-10	1.00
1993-01-11	1.00
1993-01-12	1.00
1993-01-13	1.00
1993-01-14	1.00
1993-01-15	1.00
1993-01-16	1.00
1993-01-17	1.00
1993-01-18	1.00
1993-01-19	1.00
1993-01-20	1.00
1993-01-21	1.00
1993-01-22	1.00
1993-01-23	1.00
1993-01-24	1.00
1993-01-25	1.00
1993-01-26	1.00
1993-01-27	1.00
1993-01-28	1.00
1993-01-29	1.00
1993-01-30	1.00
1993-01-31	1.00
1993-02-01	1.00
1993-02-02	1.00
1993-02-03	1.00
1993-02-04	1.00
1993-02-05	1.00
1993-02-06	1.00
1993-02-07	1.00
1993-02-08	1.00
1993-02-09	1.00
1993-02-10	1.00
1993-02-11	1.00
1993-02-12	1.00
1993-02-13	1.00
1993-02-14	1.00
1993-02-15	1.00
1993-02-16	1.00
1993-02-17	1.00
1993-02-18	1.00
1993-02-19	1.00
1993-02-20	1.00
1993-02-21	1.00
1993-02-22	1.00
1993-02-23	1.00
1993-02-24	1.00
1993-02-25	1.00
1993-02-26	1.00
1993-02-27	1.00
1993-02-28	1.00
1993-03-01	1.00
1993-03-02	1.00
1993-03-03	1.00
1993-03-04	1.00
1993-03-05	1.00
1993-03-06	1.00
1993-03-07	1.00
1993-03-08	1.00
1993-03-09	1.00
1993-03-10	1.00
1993-03-11	1.00
1993-03-12	1.00
1993-03-13	1.00
1993-03-14	1.00
1993-03-15	1.00
1993-03-16	1.00
1993-03-17	1.00
1993-03-18	1.00
1993-03-19	1.00
1993-03-20	1.00
1993-03-21	1.00
1993-03-22	1.00
1993-03-23	1.00
1993-03-24	1.00
1993-03-25	1.00
1993-03-26	1.00
1993-03-27	1.00
1993-03-28	1.00
1993-03-29	1.00
1993-03-30	1.00
1993-03-31	1.00
1993-04-01	1.00
1993-04-02	1.00
1993-04-03	1.00
1993-04-04	1.00
1993-04-05	1.00
1993-04-06	1.00
1993-04-07	1.00
1993-04-08	1.00
1993-04-09	1.00
1993-04-10	1.00
1993-04-11	1.00
1993-04-12	1.00
1993-04-13	1.00
1993-04-14	1.00
1993-04-15	1.00
1993-04-16	1.00
1993-04-17	1.00
1993-04-18	1.00
1993-04-19	1.00
1993-04-20	1.00
1993-04-21	1.00
1993-04-22	1.00
1993-04-23	1.00
1993-04-24	1.00
1993-04-25	1.00
1993-04-26	1.00
1993-04-27	1.00
1993-04-28	1.00
1993-04-29	1.00
1993-04-30	1.00
1993-05-01	1.00
1993-05-02	1.00
1993-05-03	1.00
1993-05-04	1.00
1993-05-05	1.00
1993-05-06	0.95
1993-05-07	0.96
1993-05-08	1.00
1993-05-09	1.00
1993-05-10	1.00
1993-05-11	1.00
1993-05-12	1.00
1993-05-13	1.00
1993-05-14	1.00
1993-05-15	1.00
1993-05-16	1.00
1993-05-17	1.00
1993-05-18	1.00
1993-05-19	1.00
1993-05-20	1.00
1993-05-21	1.00
1993-05-22	1.00
1993-05-23	0.97
1993-05-24	1.00
1993-05-25	1.00
1993-05-26	0.96
1993-05-27	0.96
1993-05-28	0.95
1993-05-29	0.95
1993-05-30	0.95
1993-05-31	0.96
1993-06-01	0.96
1993-06-02	0.96
1993-06-03	0.94
1993-06-04	0.92
1993-06-05	0.92
1993-06-06	0.93
1993-06-07	0.96
1993-06-08	1.00
1993-06-09	1.00
1993-06-10	0.97
1993-06-11	0.96
1993-06-12	0.95
1993-06-13	0.94
1993-06-14	0.95
1993-06-15	0.96
1993-06-16	0.94
1993-06-17	0.92
1993-06-18	0.92
1993-06-19	0.91
1993-06-20	0.92
1993-06-21	0.95
1993-06-22	0.96
1993-06-23	0.93
1993-06-24	0.92
1993-06-25	0.93
1993-06-26	1.00
1993-06-27	1.00
1993-06-28	0.97
1993-06-29	0.96
1993-06-30	0.95
1993-07-01	0.92
1993-07-02	0.92
1993-07-03	0.92
1993-07-04	0.91
1993-07-05	0.92
1993-07-06	0.95
1993-07-07	0.95
1993-07-08	0.95
1993-07-09	0.94
1993-07-10	0.93
1993-07-11	0.96
1993-07-12	1.00
1993-07-13	0.95
1993-07-14	0.94
1993-07-15	0.94
1993-07-16	0.93
1993-07-17	0.92
1993-07-18	0.92
1993-07-19	0.93
1993-07-20	0.96
1993-07-21	0.97
1993-07-22	0.96
1993-07-23	0.96
1993-07-24	0.94
1993-07-25	0.95
1993-07-26	0.95
1993-07-27	0.95
1993-07-28	0.93
1993-07-29	0.92
1993-07-30	0.92
1993-07-31	0.93
1993-08-01	0.93
1993-08-02	0.92
1993-08-03	0.93
1993-08-04	0.93
1993-08-05	0.93
1993-08-06	0.93
1993-08-07	0.93
1993-08-08	0.93
1993-08-09	0.93
1993-08-10	0.93
1993-08-11	0.94
1993-08-12	0.94
1993-08-13	0.94
1993-08-14	0.95
1993-08-15	0.96
1993-08-16	0.96
1993-08-17	0.96
1993-08-18	0.95
1993-08-19	0.95
1993-08-20	0.95
1993-08-21	0.95
1993-08-22	0.94
1993-08-23	0.95
1993-08-24	1.00
1993-08-25	1.00
1993-08-26	1.00
1993-08-27	1.00
1993-08-28	1.00
1993-08-29	0.96
1993-08-30	0.96
1993-08-31	0.95
1993-09-01	0.96
1993-09-02	0.95
1993-09-03	0.96
1993-09-04	1.00
1993-09-05	1.00
1993-09-06	1.00
1993-09-07	1.00
1993-09-08	1.00
1993-09-09	0.96
1993-09-10	0.96
1993-09-11	0.96
1993-09-12	0.95
1993-09-13	0.95
1993-09-14	1.00
1993-09-15	0.95
1993-09-16	0.93
1993-09-17	0.97
1993-09-18	1.00
1993-09-19	1.00
1993-09-20	1.00
1993-09-21	0.95
1993-09-22	1.00
1993-09-23	1.00
1993-09-24	0.97
1993-09-25	1.00
1993-09-26	1.00
1993-09-27	1.00
1993-09-28	1.00
1993-09-29	1.00
1993-09-30	0.96
1993-10-01	1.00
1993-10-02	1.00
1993-10-03	1.00
1993-10-04	1.00
1993-10-05	1.00
1993-10-06	1.00
1993-10-07	1.00
1993-10-08	1.00
1993-10-09	1.00
1993-10-10	0.96
1993-10-11	1.00
1993-10-12	1.00
1993-10-13	0.97
1993-10-14	1.00
1993-10-15	1.00
1993-10-16	1.00
1993-10-17	0.96
1993-10-18	1.00
1993-10-19	1.00
1993-10-20	1.00
1993-10-21	1.00
1993-10-22	1.00
1993-10-23	1.00
1993-10-24	1.00
1993-10-25	1.00
1993-10-26	1.00
1993-10-27	1.00
1993-10-28	1.00
1993-10-29	1.00
1993-10-30	1.00
1993-10-31	1.00
1993-11-01	1.00
1993-11-02	1.00
1993-11-03	1.00
1993-11-04	1.00
1993-11-05	1.00
1993-11-06	1.00
1993-11-07	1.00
1993-11-08	1.00
1993-11-09	1.00
1993-11-10	1.00
1993-11-11	1.00
1993-11-12	1.00
1993-11-13	1.00
1993-11-14	1.00
1993-11-15	1.00
1993-11-16	1.00
1993-11-17	1.00
1993-11-18	1.00
1993-11-19	1.00
1993-11-20	1.00
1993-11-21	1.00
1993-11-22	1.00
1993-11-23	1.00
1993-11-24	1.00
1993-11-25	1.00
1993-11-26	1.00
1993-11-27	1.00
1993-11-28	1.00
1993-11-29	1.00
1993-11-30	1.00
1993-12-01	1.00
1993-12-02	1.00
1993-12-03	1.00
1993-12-04	1.00
1993-12-05	1.00
1993-12-06	1.00
1993-12-07	1.00
1993-12-08	1.00
1993-12-09	1.00
1993-12-10	1.00
1993-12-11	1.00
1993-12-12	1.00
1993-12-13	1.00
1993-12-14	1.00
1993-12-15	1.00
1993-12-16	1.00
1993-12-17	1.00
1993-12-18	1.00
1993-12-19	1.00
1993-12-20	1.00
1993-12-21	1.00
1993-12-22	1.00
1993-12-23	1.00
1993-12-24	1.00
1993-12-25	1.00
1993-12-26	1.00
1993-12-27	1.00
1993-12-28	1.00
1993-12-29	1.00
1993-12-30	1.00
1993-12-31	1.00
1994-01-01	1.00
1994-01-02	1.00
1994-01-03	1.00
1994-01-04	1.00
1994-01-05	1.00
1994-01-06	1.00
1994-01-07	1.00
1994-01-08	1.00
1994-01-09	1.00
1994-01-10	1.00
1994-01-11	1.00
1994-01-12	1.00
1994-01-13	1.00
1994-01-14	1.00
1994-01-15	1.00
1994-01-16	1.00
1994-01-17	1.00
1994-01-18	1.00
1994-01-19	1.00
1994-01-20	1.00
1994-01-21	1.00
1994-01-22	1.00
1994-01-23	1.00
1994-01-24	1.00
1994-01-25	1.00
1994-01-26	1.00
1994-01-27	1.00
1994-01-28	1.00
1994-01-29	1.00
1994-01-30	1.00
1994-01-31	1.00
1994-02-01	1.00
1994-02-02	1.00
1994-02-03	1.00
1994-02-04	1.00
1994-02-05	1.00
1994-02-06	1.00
1994-02-07	1.00
1994-02-08	1.00
1994-02-09	1.00
1994-02-10	1.00
1994-02-11	1.00
1994-02-12	1.00
1994-02-13	1.00
1994-02-14	1.00
1994-02-15	1.00
1994-02-16	1.00
1994-02-17	1.00
1994-02-18	1.00
1994-02-19	1.00
1994-02-20	1.00
1994-02-21	1.00
1994-02-22	1.00
1994-02-23	1.00
1994-02-24	1.00
1994-02-25	1.00
1994-02-26	1.00
1994-02-27	1.00
1994-02-28	1.00
1994-03-01	1.00
1994-03-02	1.00
1994-03-03	1.00
1994-03-04	1.00
1994-03-05	1.00
1994-03-06	1.00
1994-03-07	1.00
1994-03-08	1.00
1994-03-09	1.00
1994-03-10	1.00
1994-03-11	1.00
1994-03-12	1.00
1994-03-13	1.00
1994-03-14	1.00
1994-03-15	1.00
1994-03-16	1.00
1994-03-17	1.00
1994-03-18	1.00
1994-03-19	1.00
1994-03-20	1.00
1994-03-21	1.00
1994-03-22	1.00
1994-03-23	1.00
1994-03-24	1.00
1994-03-25	1.00
1994-03-26	1.00
1994-03-27	1.00
1994-03-28	1.00
1994-03-29	1.00
1994-03-30	1.00
1994-03-31	1.00
1994-04-01	1.00
1994-04-02	1.00
1994-04-03	1.00
1994-04-04	1.00
1994-04-05	1.00
1994-04-06	1.00
1994-04-07	1.00
1994-04-08	1.00
1994-04-09	1.00
1994-04-10	1.00
1994-04-11	1.00
1994-04-12	1.00
1994-04-13	1.00
1994-04-14	1.00
1994-04-15	1.00
1994-04-16	1.00
1994-04-17	1.00
1994-04-18	1.00
1994-04-19	1.00
1994-04-20	1.00
1994-04-21	1.00
1994-04-22	1.00
1994-04-23	1.00
1994-04-24	1.00
1994-04-25	1.00
1994-04-26	1.00
1994-04-27	1.00
1994-04-28	1.00
1994-04-29	1.00
1994-04-30	1.00
1994-05-01	1.00
1994-05-02	1.00
1994-05-03	1.00
1994-05-04	1.00
1994-05-05	1.00
1994-05-06	0.97
1994-05-07	0.96
1994-05-08	0.95
1994-05-09	0.95
1994-05-10	0.95
1994-05-11	0.96
1994-05-12	0.96
1994-05-13	0.95
1994-05-14	0.96
1994-05-15	1.00
1994-05-16	0.96
1994-05-17	0.95
1994-05-18	0.95
1994-05-19	1.00
1994-05-20	1.00
1994-05-21	1.00
1994-05-22	0.96
1994-05-23	0.94
1994-05-24	0.94
1994-05-25	1.00
1994-05-26	1.00
1994-05-27	1.00
1994-05-28	1.00
1994-05-29	0.97
1994-05-30	1.00
1994-05-31	1.00
1994-06-01	0.97
1994-06-02	0.95
1994-06-03	0.95
1994-06-04	0.94
1994-06-05	0.96
1994-06-06	0.96
1994-06-07	0.97
1994-06-08	1.00
1994-06-09	1.00
1994-06-10	1.00
1994-06-11	0.95
1994-06-12	0.95
1994-06-13	0.97
1994-06-14	0.96
1994-06-15	0.93
1994-06-16	0.96
1994-06-17	0.96
1994-06-18	0.95
1994-06-19	0.95
1994-06-20	0.95
1994-06-21	0.93
1994-06-22	0.91
1994-06-23	0.93
1994-06-24	0.97
1994-06-25	1.00
1994-06-26	0.96
1994-06-27	0.94
1994-06-28	0.94
1994-06-29	0.92
1994-06-30	0.92
1994-07-01	0.94
1994-07-02	0.96
1994-07-03	0.96
1994-07-04	0.95
1994-07-05	0.93
1994-07-06	0.94
1994-07-07	0.96
1994-07-08	0.95
1994-07-09	0.95
1994-07-10	0.94
1994-07-11	0.93
1994-07-12	0.93
1994-07-13	0.92
1994-07-14	0.93
1994-07-15	0.92
1994-07-16	0.92
1994-07-17	0.92
1994-07-18	0.92
1994-07-19	0.91
1994-07-20	0.91
1994-07-21	0.91
1994-07-22	0.91
1994-07-23	0.92
1994-07-24	0.92
1994-07-25	0.92
1994-07-26	0.92
1994-07-27	0.91
1994-07-28	0.92
1994-07-29	0.93
1994-07-30	0.93
1994-07-31	0.92
1994-08-01	0.93
1994-08-02	0.92
1994-08-03	0.92
1994-08-04	0.93
1994-08-05	0.95
1994-08-06	1.00
1994-08-07	1.00
1994-08-08	1.00
1994-08-09	0.96
1994-08-10	0.97
1994-08-11	1.00
1994-08-12	1.00
1994-08-13	0.97
1994-08-14	0.96
1994-08-15	0.95
1994-08-16	0.96
1994-08-17	0.95
1994-08-18	0.95
1994-08-19	0.96
1994-08-20	1.00
1994-08-21	1.00
1994-08-22	0.96
1994-08-23	0.95
1994-08-24	1.00
1994-08-25	1.00
1994-08-26	1.00
1994-08-27	1.00
1994-08-28	1.00
1994-08-29	0.96
1994-08-30	0.96
1994-08-31	0.95
1994-09-01	0.95
1994-09-02	0.95
1994-09-03	0.94
1994-09-04	0.95
1994-09-05	1.00
1994-09-06	0.96
1994-09-07	0.94
1994-09-08	0.93
1994-09-09	0.93
1994-09-10	0.93
1994-09-11	0.93
1994-09-12	0.93
1994-09-13	0.93
1994-09-14	0.93
1994-09-15	0.93
1994-09-16	0.95
1994-09-17	0.93
1994-09-18	0.93
1994-09-19	0.94
1994-09-20	0.94
1994-09-21	0.96
1994-09-22	1.00
1994-09-23	1.00
1994-09-24	1.00
1994-09-25	1.00
1994-09-26	1.00
1994-09-27	1.00
1994-09-28	1.00
1994-09-29	1.00
1994-09-30	1.00
1994-10-01	1.00
1994-10-02	1.00
1994-10-03	1.00
1994-10-04	1.00
1994-10-05	1.00
1994-10-06	1.00
1994-10-07	1.00
1994-10-08	1.00
1994-10-09	1.00
1994-10-10	1.00
1994-10-11	1.00
1994-10-12	1.00
1994-10-13	1.00
1994-10-14	1.00
1994-10-15	1.00
1994-10-16	1.00
1994-10-17	1.00
1994-10-18	1.00
1994-10-19	1.00
1994-10-20	1.00
1994-10-21	1.00
1994-10-22	1.00
1994-10-23	1.00
1994-10-24	1.00
1994-10-25	1.00
1994-10-26	1.00
1994-10-27	1.00
1994-10-28	1.00
1994-10-29	1.00
1994-10-30	1.00
1994-10-31	1.00
1994-11-01	1.00
1994-11-02	1.00
1994-11-03	1.00
1994-11-04	1.00
1994-11-05	1.00
1994-11-06	1.00
1994-11-07	1.00
1994-11-08	1.00
1994-11-09	1.00
1994-11-10	1.00
1994-11-11	1.00
1994-11-12	1.00
1994-11-13	1.00
1994-11-14	1.00
1994-11-15	1.00
1994-11-16	1.00
1994-11-17	1.00
1994-11-18	1.00
1994-11-19	1.00
1994-11-20	1.00
1994-11-21	1.00
1994-11-22	1.00
1994-11-23	1.00
1994-11-24	1.00
1994-11-25	1.00
1994-11-26	1.00
1994-11-27	1.00
1994-11-28	1.00
1994-11-29	1.00
1994-11-30	1.00
1994-12-01	1.00
1994-12-02	1.00
1994-12-03	1.00
1994-12-04	1.00
1994-12-05	1.00
1994-12-06	1.00
1994-12-07	1.00
1994-12-08	1.00
1994-12-09	1.00
1994-12-10	1.00
1994-12-11	1.00
1994-12-12	1.00
1994-12-13	1.00
1994-12-14	1.00
1994-12-15	1.00
1994-12-16	1.00
1994-12-17	1.00
1994-12-18	1.00
1994-12-19	1.00
1994-12-20	1.00
1994-12-21	1.00
1994-12-22	1.00
1994-12-23	1.00
1994-12-24	1.00
1994-12-25	1.00
1994-12-26	1.00
1994-12-27	1.00
1994-12-28	1.00
1994-12-29	1.00
1994-12-30	1.00
1994-12-31	1.00
1995-01-01	1.00
1995-01-02	1.00
1995-01-03	1.00
1995-01-04	1.00
1995-01-05	1.00
1995-01-06	1.00
1995-01-07	1.00
1995-01-08	1.00
1995-01-09	1.00
1995-01-10	1.00
1995-01-11	1.00
1995-01-12	1.00
1995-01-13	1.00
1995-01-14	1.00
1995-01-15	1.00
1995-01-16	1.00
1995-01-17	1.00
1995-01-18	1.00
1995-01-19	1.00
1995-01-20	1.00
1995-01-21	1.00
1995-01-22	1.00
1995-01-23	1.00
1995-01-24	1.00
1995-01-25	1.00
1995-01-26	1.00
1995-01-27	1.00
1995-01-28	1.00
1995-01-29	1.00
1995-01-30	1.00
1995-01-31	1.00
1995-02-01	1.00
1995-02-02	1.00
1995-02-03	1.00
1995-02-04	1.00
1995-02-05	1.00
1995-02-06	1.00
1995-02-07	1.00
1995-02-08	1.00
1995-02-09	1.00
1995-02-10	1.00
1995-02-11	1.00
1995-02-12	1.00
1995-02-13	1.00
1995-02-14	1.00
1995-02-15	1.00
1995-02-16	1.00
1995-02-17	1.00
1995-02-18	1.00
1995-02-19	1.00
1995-02-20	1.00
1995-02-21	1.00
1995-02-22	1.00
1995-02-23	1.00
1995-02-24	1.00
1995-02-25	1.00
1995-02-26	1.00
1995-02-27	1.00
1995-02-28	1.00
1995-03-01	1.00
1995-03-02	1.00
1995-03-03	1.00
1995-03-04	1.00
1995-03-05	1.00
1995-03-06	1.00
1995-03-07	1.00
1995-03-08	1.00
1995-03-09	1.00
1995-03-10	1.00
1995-03-11	1.00
1995-03-12	1.00
1995-03-13	1.00
1995-03-14	1.00
1995-03-15	1.00
1995-03-16	1.00
1995-03-17	1.00
1995-03-18	1.00
1995-03-19	1.00
1995-03-20	1.00
1995-03-21	1.00
1995-03-22	1.00
1995-03-23	1.00
1995-03-24	1.00
1995-03-25	1.00
1995-03-26	1.00
1995-03-27	1.00
1995-03-28	1.00
1995-03-29	1.00
1995-03-30	1.00
1995-03-31	1.00
1995-04-01	1.00
1995-04-02	1.00
1995-04-03	1.00
1995-04-04	1.00
1995-04-05	1.00
1995-04-06	1.00
1995-04-07	1.00
1995-04-08	1.00
1995-04-09	1.00
1995-04-10	1.00
1995-04-11	1.00
1995-04-12	1.00
1995-04-13	1.00
1995-04-14	1.00
1995-04-15	1.00
1995-04-16	1.00
1995-04-17	1.00
1995-04-18	1.00
1995-04-19	1.00
1995-04-20	1.00
1995-04-21	1.00
1995-04-22	1.00
1995-04-23	1.00
1995-04-24	1.00
1995-04-25	1.00
1995-04-26	1.00
1995-04-27	1.00
1995-04-28	1.00
1995-04-29	1.00
1995-04-30	1.00
1995-05-01	1.00
1995-05-02	0.97
1995-05-03	0.97
1995-05-04	0.96
1995-05-05	0.97
1995-05-06	1.00
1995-05-07	1.00
1995-05-08	1.00
1995-05-09	1.00
1995-05-10	1.00
1995-05-11	1.00
1995-05-12	1.00
1995-05-13	0.96
1995-05-14	0.95
1995-05-15	0.97
1995-05-16	1.00
1995-05-17	1.00
1995-05-18	1.00
1995-05-19	1.00
1995-05-20	0.96
1995-05-21	0.96
1995-05-22	0.95
1995-05-23	0.95
1995-05-24	0.96
1995-05-25	0.95
1995-05-26	0.96
1995-05-27	1.00
1995-05-28	1.00
1995-05-29	0.96
1995-05-30	0.97
1995-05-31	1.00
1995-06-01	1.00
1995-06-02	1.00
1995-06-03	1.00
1995-06-04	0.95
1995-06-05	0.95
1995-06-06	0.97
1995-06-07	0.96
1995-06-08	0.94
1995-06-09	0.92
1995-06-10	0.92
1995-06-11	0.92
1995-06-12	0.92
1995-06-13	0.92
1995-06-14	0.92
1995-06-15	0.93
1995-06-16	0.94
1995-06-17	1.00
1995-06-18	1.00
1995-06-19	1.00
1995-06-20	1.00
1995-06-21	1.00
1995-06-22	0.96
1995-06-23	0.95
1995-06-24	0.93
1995-06-25	0.92
1995-06-26	0.92
1995-06-27	0.93
1995-06-28	0.94
1995-06-29	1.00
1995-06-30	0.95
1995-07-01	0.95
1995-07-02	0.95
1995-07-03	0.95
1995-07-04	0.95
1995-07-05	0.96
1995-07-06	0.93
1995-07-07	0.94
1995-07-08	0.95
1995-07-09	0.95
1995-07-10	0.95
1995-07-11	0.92
1995-07-12	0.93
1995-07-13	1.00
1995-07-14	0.96
1995-07-15	0.92
1995-07-16	0.93
1995-07-17	0.96
1995-07-18	0.96
1995-07-19	0.95
1995-07-20	0.95
1995-07-21	0.94
1995-07-22	0.93
1995-07-23	0.93
1995-07-24	0.93
1995-07-25	0.92
1995-07-26	0.96
1995-07-27	1.00
1995-07-28	1.00
1995-07-29	0.97
1995-07-30	0.96
1995-07-31	0.96
1995-08-01	0.96
1995-08-02	1.00
1995-08-03	0.96
1995-08-04	0.95
1995-08-05	0.93
1995-08-06	0.95
1995-08-07	0.95
1995-08-08	0.93
1995-08-09	0.95
1995-08-10	0.95
1995-08-11	0.95
1995-08-12	0.94
1995-08-13	0.93
1995-08-14	0.93
1995-08-15	0.93
1995-08-16	0.93
1995-08-17	0.93
1995-08-18	0.93
1995-08-19	0.94
1995-08-20	0.94
1995-08-21	1.00
1995-08-22	0.96
1995-08-23	0.95
1995-08-24	0.93
1995-08-25	0.92
1995-08-26	0.93
1995-08-27	0.93
1995-08-28	0.94
1995-08-29	0.94
1995-08-30	0.93
1995-08-31	0.93
1995-09-01	0.94
1995-09-02	1.00
1995-09-03	1.00
1995-09-04	1.00
1995-09-05	1.00
1995-09-06	0.97
1995-09-07	0.96
1995-09-08	0.96
1995-09-09	0.96
1995-09-10	0.96
1995-09-11	1.00
1995-09-12	1.00
1995-09-13	1.00
1995-09-14	1.00
1995-09-15	1.00
1995-09-16	1.00
1995-09-17	1.00
1995-09-18	1.00
1995-09-19	1.00
1995-09-20	1.00
1995-09-21	1.00
1995-09-22	1.00
1995-09-23	1.00
1995-09-24	1.00
1995-09-25	1.00
1995-09-26	1.00
1995-09-27	1.00
1995-09-28	1.00
1995-09-29	1.00
1995-09-30	1.00
1995-10-01	1.00
1995-10-02	1.00
1995-10-03	1.00
1995-10-04	1.00
1995-10-05	1.00
1995-10-06	1.00
1995-10-07	1.00
1995-10-08	0.96
1995-10-09	0.95
1995-10-10	1.00
1995-10-11	1.00
1995-10-12	1.00
1995-10-13	0.95
1995-10-14	0.96
1995-10-15	1.00
1995-10-16	1.00
1995-10-17	1.00
1995-10-18	1.00
1995-10-19	1.00
1995-10-20	1.00
1995-10-21	1.00
1995-10-22	1.00
1995-10-23	1.00
1995-10-24	1.00
1995-10-25	1.00
1995-10-26	1.00
1995-10-27	1.00
1995-10-28	0.96
1995-10-29	1.00
1995-10-30	1.00
1995-10-31	1.00
1995-11-01	1.00
1995-11-02	0.95
1995-11-03	1.00
1995-11-04	1.00
1995-11-05	1.00
1995-11-06	1.00
1995-11-07	1.00
1995-11-08	1.00
1995-11-09	1.00
1995-11-10	1.00
1995-11-11	1.00
1995-11-12	0.96
1995-11-13	0.97
1995-11-14	0.96
1995-11-15	1.00
1995-11-16	1.00
1995-11-17	1.00
1995-11-18	1.00
1995-11-19	1.00
1995-11-20	1.00
1995-11-21	1.00
1995-11-22	1.00
1995-11-23	1.00
1995-11-24	1.00
1995-11-25	1.00
1995-11-26	1.00
1995-11-27	1.00
1995-11-28	1.00
1995-11-29	1.00
1995-11-30	1.00
1995-12-01	1.00
1995-12-02	1.00
1995-12-03	1.00
1995-12-04	1.00
1995-12-05	1.00
1995-12-06	1.00
1995-12-07	1.00
1995-12-08	1.00
1995-12-09	1.00
1995-12-10	1.00
1995-12-11	1.00
1995-12-12	1.00
1995-12-13	1.00
1995-12-14	1.00
1995-12-15	1.00
1995-12-16	1.00
1995-12-17	1.00
1995-12-18	1.00
1995-12-19	1.00
1995-12-20	1.00
1995-12-21	1.00
1995-12-22	1.00
1995-12-23	1.00
1995-12-24	1.00
1995-12-25	1.00
1995-12-26	1.00
1995-12-27	1.00
1995-12-28	1.00
1995-12-29	1.00
1995-12-30	1.00
1995-12-31	1.00
1996-01-01	1.00
1996-01-02	1.00
1996-01-03	1.00
1996-01-04	1.00
1996-01-05	1.00
1996-01-06	1.00
1996-01-07	1.00
1996-01-08	1.00
1996-01-09	1.00
1996-01-10	1.00
1996-01-11	1.00
1996-01-12	1.00
1996-01-13	1.00
1996-01-14	1.00
1996-01-15	1.00
1996-01-16	1.00
1996-01-17	1.00
1996-01-18	1.00
1996-01-19	1.00
1996-01-20	1.00
1996-01-21	1.00
1996-01-22	1.00
1996-01-23	1.00
1996-01-24	1.00
1996-01-25	1.00
1996-01-26	1.00
1996-01-27	1.00
1996-01-28	1.00
1996-01-29	1.00
1996-01-30	1.00
1996-01-31	1.00
1996-02-01	1.00
1996-02-02	1.00
1996-02-03	1.00
1996-02-04	1.00
1996-02-05	1.00
1996-02-06	1.00
1996-02-07	1.00
1996-02-08	1.00
1996-02-09	1.00
1996-02-10	1.00
1996-02-11	1.00
1996-02-12	1.00
1996-02-13	1.00
1996-02-14	1.00
1996-02-15	1.00
1996-02-16	1.00
1996-02-17	1.00
1996-02-18	1.00
1996-02-19	1.00
1996-02-20	1.00
1996-02-21	1.00
1996-02-22	1.00
1996-02-23	1.00
1996-02-24	1.00
1996-02-25	1.00
1996-02-26	1.00
1996-02-27	1.00
1996-02-28	1.00
1996-02-29	1.00
1996-03-01	1.00
1996-03-02	1.00
1996-03-03	1.00
1996-03-04	1.00
1996-03-05	1.00
1996-03-06	1.00
1996-03-07	1.00
1996-03-08	1.00
1996-03-09	1.00
1996-03-10	1.00
1996-03-11	1.00
1996-03-12	1.00
1996-03-13	1.00
1996-03-14	1.00
1996-03-15	1.00
1996-03-16	1.00
1996-03-17	1.00
1996-03-18	1.00
1996-03-19	1.00
1996-03-20	1.00
1996-03-21	1.00
1996-03-22	1.00
1996-03-23	1.00
1996-03-24	1.00
1996-03-25	1.00
1996-03-26	1.00
1996-03-27	1.00
1996-03-28	1.00
1996-03-29	1.00
1996-03-30	1.00
1996-03-31	1.00
1996-04-01	1.00
1996-04-02	1.00
1996-04-03	1.00
1996-04-04	1.00
1996-04-05	1.00
1996-04-06	1.00
1996-04-07	1.00
1996-04-08	1.00
1996-04-09	1.00
1996-04-10	1.00
1996-04-11	1.00
1996-04-12	1.00
1996-04-13	1.00
1996-04-14	1.00
1996-04-15	1.00
1996-04-16	1.00
1996-04-17	1.00
1996-04-18	1.00
1996-04-19	1.00
1996-04-20	1.00
1996-04-21	1.00
1996-04-22	1.00
1996-04-23	1.00
1996-04-24	1.00
1996-04-25	1.00
1996-04-26	1.00
1996-04-27	0.97
1996-04-28	0.96
1996-04-29	1.00
1996-04-30	1.00
1996-05-01	1.00
1996-05-02	1.00
1996-05-03	1.00
1996-05-04	1.00
1996-05-05	1.00
1996-05-06	1.00
1996-05-07	1.00
1996-05-08	1.00
1996-05-09	1.00
1996-05-10	1.00
1996-05-11	1.00
1996-05-12	1.00
1996-05-13	1.00
1996-05-14	1.00
1996-05-15	1.00
1996-05-16	1.00
1996-05-17	1.00
1996-05-18	1.00
1996-05-19	1.00
1996-05-20	1.00
1996-05-21	1.00
1996-05-22	0.95
1996-05-23	0.94
1996-05-24	0.96
1996-05-25	1.00
1996-05-26	1.00
1996-05-27	1.00
1996-05-28	1.00
1996-05-29	1.00
1996-05-30	1.00
1996-05-31	0.96
1996-06-01	0.95
1996-06-02	0.95
1996-06-03	1.00
1996-06-04	0.96
1996-06-05	0.93
1996-06-06	0.94
1996-06-07	1.00
1996-06-08	1.00
1996-06-09	1.00
1996-06-10	1.00
1996-06-11	1.00
1996-06-12	1.00
1996-06-13	0.96
1996-06-14	0.96
1996-06-15	0.95
1996-06-16	0.96
1996-06-17	0.96
1996-06-18	0.96
1996-06-19	0.96
1996-06-20	0.95
1996-06-21	0.93
1996-06-22	0.92
1996-06-23	0.92
1996-06-24	0.93
1996-06-25	0.94
1996-06-26	0.92
1996-06-27	0.92
1996-06-28	0.92
1996-06-29	0.93
1996-06-30	0.93
1996-07-01	0.93
1996-07-02	0.92
1996-07-03	0.93
1996-07-04	0.91
1996-07-05	0.93
1996-07-06	0.92
1996-07-07	0.91
1996-07-08	0.92
1996-07-09	0.92
1996-07-10	0.91
1996-07-11	0.93
1996-07-12	0.97
1996-07-13	0.96
1996-07-14	0.96
1996-07-15	0.95
1996-07-16	0.94
1996-07-17	0.95
1996-07-18	0.94
1996-07-19	0.93
1996-07-20	0.93
1996-07-21	0.94
1996-07-22	0.97
1996-07-23	1.00
1996-07-24	0.97
1996-07-25	0.96
1996-07-26	0.95
1996-07-27	0.95
1996-07-28	0.95
1996-07-29	0.93
1996-07-30	0.94
1996-07-31	0.95
1996-08-01	0.93
1996-08-02	0.93
1996-08-03	0.93
1996-08-04	0.94
1996-08-05	0.96
1996-08-06	0.96
1996-08-07	0.93
1996-08-08	0.94
1996-08-09	0.93
1996-08-10	0.93
1996-08-11	0.93
1996-08-12	0.92
1996-08-13	0.93
1996-08-14	0.93
1996-08-15	0.95
1996-08-16	0.93
1996-08-17	0.94
1996-08-18	0.94
1996-08-19	0.93
1996-08-20	0.92
1996-08-21	0.92
1996-08-22	0.93
1996-08-23	0.91
1996-08-24	0.92
1996-08-25	0.92
1996-08-26	0.93
1996-08-27	0.93
1996-08-28	0.95
1996-08-29	0.95
1996-08-30	0.95
1996-08-31	0.96
1996-09-01	0.97
1996-09-02	1.00
1996-09-03	1.00
1996-09-04	0.96
1996-09-05	0.96
1996-09-06	0.96
1996-09-07	0.95
1996-09-08	0.95
1996-09-09	1.00
1996-09-10	1.00
1996-09-11	0.95
1996-09-12	0.93
1996-09-13	0.93
1996-09-14	0.93
1996-09-15	0.93
1996-09-16	0.93
1996-09-17	0.94
1996-09-18	1.00
1996-09-19	1.00
1996-09-20	1.00
1996-09-21	1.00
1996-09-22	1.00
1996-09-23	0.96
1996-09-24	0.95
1996-09-25	0.96
1996-09-26	0.95
1996-09-27	1.00
1996-09-28	1.00
1996-09-29	1.00
1996-09-30	0.96
1996-10-01	1.00
1996-10-02	1.00
1996-10-03	1.00
1996-10-04	1.00
1996-10-05	1.00
1996-10-06	1.00
1996-10-07	1.00
1996-10-08	1.00
1996-10-09	1.00
1996-10-10	1.00
1996-10-11	1.00
1996-10-12	1.00
1996-10-13	1.00
1996-10-14	1.00
1996-10-15	0.96
1996-10-16	0.96
1996-10-17	1.00
1996-10-18	0.96
1996-10-19	1.00
1996-10-20	1.00
1996-10-21	1.00
1996-10-22	1.00
1996-10-23	1.00
1996-10-24	1.00
1996-10-25	1.00
1996-10-26	1.00
1996-10-27	1.00
1996-10-28	1.00
1996-10-29	1.00
1996-10-30	1.00
1996-10-31	1.00
1996-11-01	1.00
1996-11-02	1.00
1996-11-03	1.00
1996-11-04	1.00
1996-11-05	1.00
1996-11-06	1.00
1996-11-07	1.00
1996-11-08	1.00
1996-11-09	1.00
1996-11-10	1.00
1996-11-11	1.00
1996-11-12	0.96
1996-11-13	1.00
1996-11-14	1.00
1996-11-15	1.00
1996-11-16	1.00
1996-11-17	1.00
1996-11-18	1.00
1996-11-19	1.00
1996-11-20	1.00
1996-11-21	1.00
1996-11-22	1.00
1996-11-23	1.00
1996-11-24	1.00
1996-11-25	1.00
1996-11-26	1.00
1996-11-27	1.00
1996-11-28	1.00
1996-11-29	1.00
1996-11-30	1.00
1996-12-01	1.00
1996-12-02	1.00
1996-12-03	1.00
1996-12-04	1.00
1996-12-05	1.00
1996-12-06	1.00
1996-12-07	1.00
1996-12-08	1.00
1996-12-09	1.00
1996-12-10	1.00
1996-12-11	1.00
1996-12-12	1.00
1996-12-13	1.00
1996-12-14	1.00
1996-12-15	1.00
1996-12-16	1.00
1996-12-17	1.00
1996-12-18	1.00
1996-12-19	1.00
1996-12-20	1.00
1996-12-21	1.00
1996-12-22	1.00
1996-12-23	1.00
1996-12-24	1.00
1996-12-25	1.00
1996-12-26	1.00
1996-12-27	1.00
1996-12-28	1.00
1996-12-29	1.00
1996-12-30	1.00
1996-12-31	1.00
1997-01-01	1.00
1997-01-02	1.00
1997-01-03	1.00
1997-01-04	1.00
1997-01-05	1.00
1997-01-06	1.00
1997-01-07	1.00
1997-01-08	1.00
1997-01-09	1.00
1997-01-10	1.00
1997-01-11	1.00
1997-01-12	1.00
1997-01-13	1.00
1997-01-14	1.00
1997-01-15	1.00
1997-01-16	1.00
1997-01-17	1.00
1997-01-18	1.00
1997-01-19	1.00
1997-01-20	1.00
1997-01-21	1.00
1997-01-22	1.00
1997-01-23	1.00
1997-01-24	1.00
1997-01-25	1.00
1997-01-26	1.00
1997-01-27	1.00
1997-01-28	1.00
1997-01-29	1.00
1997-01-30	1.00
1997-01-31	1.00
1997-02-01	1.00
1997-02-02	1.00
1997-02-03	1.00
1997-02-04	1.00
1997-02-05	1.00
1997-02-06	1.00
1997-02-07	1.00
1997-02-08	1.00
1997-02-09	1.00
1997-02-10	1.00
1997-02-11	1.00
1997-02-12	1.00
1997-02-13	1.00
1997-02-14	1.00
1997-02-15	1.00
1997-02-16	1.00
1997-02-17	1.00
1997-02-18	1.00
1997-02-19	1.00
1997-02-20	1.00
1997-02-21	1.00
1997-02-22	1.00
1997-02-23	1.00
1997-02-24	1.00
1997-02-25	1.00
1997-02-26	1.00
1997-02-27	1.00
1997-02-28	1.00
1997-03-01	1.00
1997-03-02	1.00
1997-03-03	1.00
1997-03-04	1.00
1997-03-05	1.00
1997-03-06	1.00
1997-03-07	1.00
1997-03-08	1.00
1997-03-09	1.00
1997-03-10	1.00
1997-03-11	1.00
1997-03-12	1.00
1997-03-13	1.00
1997-03-14	1.00
1997-03-15	1.00
1997-03-16	1.00
1997-03-17	1.00
1997-03-18	1.00
1997-03-19	1.00
1997-03-20	1.00
1997-03-21	1.00
1997-03-22	1.00
1997-03-23	1.00
1997-03-24	1.00
1997-03-25	1.00
1997-03-26	1.00
1997-03-27	1.00
1997-03-28	1.00
1997-03-29	1.00
1997-03-30	1.00
1997-03-31	1.00
1997-04-01	1.00
1997-04-02	1.00
1997-04-03	1.00
1997-04-04	1.00
1997-04-05	1.00
1997-04-06	1.00
1997-04-07	1.00
1997-04-08	1.00
1997-04-09	1.00
1997-04-10	1.00
1997-04-11	1.00
1997-04-12	1.00
1997-04-13	1.00
1997-04-14	1.00
1997-04-15	1.00
1997-04-16	0.96
1997-04-17	1.00
1997-04-18	1.00
1997-04-19	1.00
1997-04-20	1.00
1997-04-21	1.00
1997-04-22	1.00
1997-04-23	1.00
1997-04-24	1.00
1997-04-25	1.00
1997-04-26	1.00
1997-04-27	1.00
1997-04-28	1.00
1997-04-29	1.00
1997-04-30	1.00
1997-05-01	1.00
1997-05-02	1.00
1997-05-03	1.00
1997-05-04	1.00
1997-05-05	1.00
1997-05-06	1.00
1997-05-07	1.00
1997-05-08	1.00
1997-05-09	1.00
1997-05-10	1.00
1997-05-11	1.00
1997-05-12	1.00
1997-05-13	1.00
1997-05-14	1.00
1997-05-15	1.00
1997-05-16	1.00
1997-05-17	1.00
1997-05-18	1.00
1997-05-19	1.00
1997-05-20	1.00
1997-05-21	1.00
1997-05-22	1.00
1997-05-23	1.00
1997-05-24	1.00
1997-05-25	1.00
1997-05-26	0.96
1997-05-27	0.97
1997-05-28	0.97
1997-05-29	0.96
1997-05-30	1.00
1997-05-31	1.00
1997-06-01	1.00
1997-06-02	1.00
1997-06-03	0.97
1997-06-04	0.95
1997-06-05	0.93
1997-06-06	0.95
1997-06-07	0.96
1997-06-08	0.96
1997-06-09	0.95
1997-06-10	0.95
1997-06-11	0.97
1997-06-12	1.00
1997-06-13	0.96
1997-06-14	0.95
1997-06-15	0.93
1997-06-16	0.96
1997-06-17	1.00
1997-06-18	0.97
1997-06-19	0.96
1997-06-20	0.93
1997-06-21	0.96
1997-06-22	0.97
1997-06-23	0.96
1997-06-24	0.95
1997-06-25	1.00
1997-06-26	1.00
1997-06-27	0.97
1997-06-28	0.96
1997-06-29	1.00
1997-06-30	1.00
1997-07-01	0.95
1997-07-02	0.93
1997-07-03	0.93
1997-07-04	0.91
1997-07-05	0.92
1997-07-06	0.93
1997-07-07	0.92
1997-07-08	0.92
1997-07-09	0.93
1997-07-10	0.93
1997-07-11	0.93
1997-07-12	0.93
1997-07-13	0.95
1997-07-14	0.95
1997-07-15	0.94
1997-07-16	0.93
1997-07-17	0.93
1997-07-18	0.97
1997-07-19	1.00
1997-07-20	1.00
1997-07-21	1.00
1997-07-22	0.96
1997-07-23	0.93
1997-07-24	1.00
1997-07-25	1.00
1997-07-26	0.96
1997-07-27	0.93
1997-07-28	0.93
1997-07-29	0.93
1997-07-30	0.93
1997-07-31	0.92
1997-08-01	0.93
1997-08-02	0.92
1997-08-03	0.93
1997-08-04	0.93
1997-08-05	0.92
1997-08-06	0.92
1997-08-07	0.92
1997-08-08	0.92
1997-08-09	0.93
1997-08-10	0.95
1997-08-11	0.95
1997-08-12	0.94
1997-08-13	0.95
1997-08-14	0.94
1997-08-15	0.94
1997-08-16	0.93
1997-08-17	0.93
1997-08-18	0.93
1997-08-19	0.95
1997-08-20	0.94
1997-08-21	0.93
1997-08-22	0.92
1997-08-23	0.92
1997-08-24	0.92
1997-08-25	0.92
1997-08-26	0.92
1997-08-27	0.92
1997-08-28	0.92
1997-08-29	0.94
1997-08-30	0.94
1997-08-31	0.93
1997-09-01	0.94
1997-09-02	0.95
1997-09-03	1.00
1997-09-04	0.96
1997-09-05	0.94
1997-09-06	0.93
1997-09-07	0.94
1997-09-08	0.96
1997-09-09	0.96
1997-09-10	0.95
1997-09-11	0.94
1997-09-12	0.93
1997-09-13	0.94
1997-09-14	0.93
1997-09-15	0.96
1997-09-16	1.00
1997-09-17	1.00
1997-09-18	1.00
1997-09-19	1.00
1997-09-20	1.00
1997-09-21	0.96
1997-09-22	1.00
1997-09-23	1.00
1997-09-24	0.97
1997-09-25	0.96
1997-09-26	0.96
1997-09-27	1.00
1997-09-28	1.00
1997-09-29	1.00
1997-09-30	1.00
1997-10-01	1.00
1997-10-02	0.96
1997-10-03	0.96
1997-10-04	0.96
1997-10-05	1.00
1997-10-06	1.00
1997-10-07	1.00
1997-10-08	1.00
1997-10-09	1.00
1997-10-10	1.00
1997-10-11	1.00
1997-10-12	1.00
1997-10-13	1.00
1997-10-14	1.00
1997-10-15	1.00
1997-10-16	1.00
1997-10-17	1.00
1997-10-18	1.00
1997-10-19	1.00
1997-10-20	1.00
1997-10-21	1.00
1997-10-22	1.00
1997-10-23	1.00
1997-10-24	1.00
1997-10-25	1.00
1997-10-26	1.00
1997-10-27	0.97
1997-10-28	0.96
1997-10-29	0.97
1997-10-30	1.00
1997-10-31	1.00
1997-11-01	1.00
1997-11-02	1.00
1997-11-03	1.00
1997-11-04	1.00
1997-11-05	1.00
1997-11-06	1.00
1997-11-07	1.00
1997-11-08	1.00
1997-11-09	1.00
1997-11-10	1.00
1997-11-11	1.00
1997-11-12	1.00
1997-11-13	1.00
1997-11-14	1.00
1997-11-15	1.00
1997-11-16	1.00
1997-11-17	1.00
1997-11-18	1.00
1997-11-19	1.00
1997-11-20	1.00
1997-11-21	1.00
1997-11-22	1.00
1997-11-23	1.00
1997-11-24	1.00
1997-11-25	1.00
1997-11-26	1.00
1997-11-27	1.00
1997-11-28	1.00
1997-11-29	1.00
1997-11-30	1.00
1997-12-01	1.00
1997-12-02	1.00
1997-12-03	1.00
1997-12-04	1.00
1997-12-05	1.00
1997-12-06	1.00
1997-12-07	1.00
1997-12-08	1.00
1997-12-09	1.00
1997-12-10	1.00
1997-12-11	1.00
1997-12-12	1.00
1997-12-13	1.00
1997-12-14	1.00
1997-12-15	1.00
1997-12-16	1.00
1997-12-17	1.00
1997-12-18	1.00
1997-12-19	1.00
1997-12-20	1.00
1997-12-21	1.00
1997-12-22	1.00
1997-12-23	1.00
1997-12-24	1.00
1997-12-25	1.00
1997-12-26	1.00
1997-12-27	1.00
1997-12-28	1.00
1997-12-29	1.00
1997-12-30	1.00
1997-12-31	1.00
1998-01-01	1.00
1998-01-02	1.00
1998-01-03	1.00
1998-01-04	1.00
1998-01-05	1.00
1998-01-06	1.00
1998-01-07	1.00
1998-01-08	1.00
1998-01-09	1.00
1998-01-10	1.00
1998-01-11	1.00
1998-01-12	1.00
1998-01-13	1.00
1998-01-14	1.00
1998-01-15	1.00
1998-01-16	1.00
1998-01-17	1.00
1998-01-18	1.00
1998-01-19	1.00
1998-01-20	1.00
1998-01-21	1.00
1998-01-22	1.00
1998-01-23	1.00
1998-01-24	1.00
1998-01-25	1.00
1998-01-26	1.00
1998-01-27	1.00
1998-01-28	1.00
1998-01-29	1.00
1998-01-30	1.00
1998-01-31	1.00
1998-02-01	1.00
1998-02-02	1.00
1998-02-03	1.00
1998-02-04	1.00
1998-02-05	1.00
1998-02-06	1.00
1998-02-07	1.00
1998-02-08	1.00
1998-02-09	1.00
1998-02-10	1.00
1998-02-11	1.00
1998-02-12	1.00
1998-02-13	1.00
1998-02-14	1.00
1998-02-15	1.00
1998-02-16	1.00
1998-02-17	1.00
1998-02-18	1.00
1998-02-19	1.00
1998-02-20	1.00
1998-02-21	1.00
1998-02-22	1.00
1998-02-23	1.00
1998-02-24	1.00
1998-02-25	1.00
1998-02-26	1.00
1998-02-27	1.00
1998-02-28	1.00
1998-03-01	1.00
1998-03-02	1.00
1998-03-03	1.00
1998-03-04	1.00
1998-03-05	1.00
1998-03-06	1.00
1998-03-07	1.00
1998-03-08	1.00
1998-03-09	1.00
1998-03-10	1.00
1998-03-11	1.00
1998-03-12	1.00
1998-03-13	1.00
1998-03-14	1.00
1998-03-15	1.00
1998-03-16	1.00
1998-03-17	1.00
1998-03-18	1.00
1998-03-19	1.00
1998-03-20	1.00
1998-03-21	1.00
1998-03-22	1.00
1998-03-23	1.00
1998-03-24	1.00
1998-03-25	1.00
1998-03-26	1.00
1998-03-27	1.00
1998-03-28	1.00
1998-03-29	1.00
1998-03-30	1.00
1998-03-31	1.00
1998-04-01	1.00
1998-04-02	1.00
1998-04-03	1.00
1998-04-04	1.00
1998-04-05	1.00
1998-04-06	1.00
1998-04-07	1.00
1998-04-08	1.00
1998-04-09	1.00
1998-04-10	1.00
1998-04-11	1.00
1998-04-12	1.00
1998-04-13	1.00
1998-04-14	1.00
1998-04-15	0.97
1998-04-16	1.00
1998-04-17	1.00
1998-04-18	1.00
1998-04-19	1.00
1998-04-20	1.00
1998-04-21	1.00
1998-04-22	1.00
1998-04-23	1.00
1998-04-24	0.97
1998-04-25	0.96
1998-04-26	0.96
1998-04-27	0.96
1998-04-28	0.96
1998-04-29	1.00
1998-04-30	1.00
1998-05-01	1.00
1998-05-02	1.00
1998-05-03	1.00
1998-05-04	1.00
1998-05-05	1.00
1998-05-06	1.00
1998-05-07	1.00
1998-05-08	1.00
1998-05-09	1.00
1998-05-10	1.00
1998-05-11	1.00
1998-05-12	0.96
1998-05-13	0.97
1998-05-14	1.00
1998-05-15	1.00
1998-05-16	1.00
1998-05-17	1.00
1998-05-18	1.00
1998-05-19	1.00
1998-05-20	0.97
1998-05-21	1.00
1998-05-22	0.96
1998-05-23	1.00
1998-05-24	1.00
1998-05-25	0.96
1998-05-26	0.96
1998-05-27	1.00
1998-05-28	1.00
1998-05-29	1.00
1998-05-30	1.00
1998-05-31	1.00
1998-06-01	1.00
1998-06-02	1.00
1998-06-03	1.00
1998-06-04	1.00
1998-06-05	0.96
1998-06-06	0.92
1998-06-07	0.93
1998-06-08	0.94
1998-06-09	0.93
1998-06-10	0.93
1998-06-11	0.92
1998-06-12	0.93
1998-06-13	0.92
1998-06-14	0.93
1998-06-15	0.93
1998-06-16	0.96
1998-06-17	0.95
1998-06-18	0.94
1998-06-19	0.93
1998-06-20	0.93
1998-06-21	0.93
1998-06-22	0.92
1998-06-23	0.92
1998-06-24	0.95
1998-06-25	1.00
1998-06-26	0.96
1998-06-27	0.95
1998-06-28	0.92
1998-06-29	0.92
1998-06-30	0.93
1998-07-01	0.93
1998-07-02	0.92
1998-07-03	0.92
1998-07-04	0.96
1998-07-05	0.96
1998-07-06	0.95
1998-07-07	0.95
1998-07-08	0.95
1998-07-09	0.93
1998-07-10	0.92
1998-07-11	0.97
1998-07-12	0.96
1998-07-13	0.96
1998-07-14	0.94
1998-07-15	0.96
1998-07-16	0.96
1998-07-17	0.94
1998-07-18	0.92
1998-07-19	0.96
1998-07-20	1.00
1998-07-21	0.96
1998-07-22	0.95
1998-07-23	0.92
1998-07-24	0.95
1998-07-25	0.95
1998-07-26	0.93
1998-07-27	0.93
1998-07-28	0.94
1998-07-29	0.96
1998-07-30	0.96
1998-07-31	0.96
1998-08-01	0.96
1998-08-02	0.96
1998-08-03	0.96
1998-08-04	0.96
1998-08-05	0.96
1998-08-06	0.96
1998-08-07	0.95
1998-08-08	0.94
1998-08-09	0.94
1998-08-10	0.94
1998-08-11	0.93
1998-08-12	0.94
1998-08-13	0.93
1998-08-14	0.96
1998-08-15	0.96
1998-08-16	0.96
1998-08-17	0.96
1998-08-18	0.95
1998-08-19	0.95
1998-08-20	1.00
1998-08-21	1.00
1998-08-22	0.97
1998-08-23	0.94
1998-08-24	0.94
1998-08-25	0.96
1998-08-26	1.00
1998-08-27	0.97
1998-08-28	0.95
1998-08-29	0.96
1998-08-30	0.95
1998-08-31	0.95
1998-09-01	0.96
1998-09-02	1.00
1998-09-03	1.00
1998-09-04	0.94
1998-09-05	0.95
1998-09-06	0.94
1998-09-07	0.96
1998-09-08	1.00
1998-09-09	1.00
1998-09-10	0.95
1998-09-11	0.95
1998-09-12	0.96
1998-09-13	0.96
1998-09-14	0.93
1998-09-15	1.00
1998-09-16	1.00
1998-09-17	1.00
1998-09-18	1.00
1998-09-19	0.95
1998-09-20	1.00
1998-09-21	1.00
1998-09-22	1.00
1998-09-23	1.00
1998-09-24	1.00
1998-09-25	1.00
1998-09-26	0.96
1998-09-27	1.00
1998-09-28	1.00
1998-09-29	1.00
1998-09-30	1.00
1998-10-01	1.00
1998-10-02	1.00
1998-10-03	0.97
1998-10-04	0.96
1998-10-05	1.00
1998-10-06	1.00
1998-10-07	1.00
1998-10-08	1.00
1998-10-09	1.00
1998-10-10	1.00
1998-10-11	1.00
1998-10-12	1.00
1998-10-13	1.00
1998-10-14	1.00
1998-10-15	1.00
1998-10-16	1.00
1998-10-17	0.95
1998-10-18	0.96
1998-10-19	0.96
1998-10-20	1.00
1998-10-21	1.00
1998-10-22	1.00
1998-10-23	1.00
1998-10-24	1.00
1998-10-25	1.00
1998-10-26	1.00
1998-10-27	1.00
1998-10-28	1.00
1998-10-29	1.00
1998-10-30	1.00
1998-10-31	1.00
1998-11-01	1.00
1998-11-02	1.00
1998-11-03	1.00
1998-11-04	1.00
1998-11-05	1.00
1998-11-06	1.00
1998-11-07	1.00
1998-11-08	1.00
1998-11-09	1.00
1998-11-10	1.00
1998-11-11	1.00
1998-11-12	1.00
1998-11-13	1.00
1998-11-14	1.00
1998-11-15	1.00
1998-11-16	1.00
1998-11-17	1.00
1998-11-18	1.00
1998-11-19	1.00
1998-11-20	1.00
1998-11-21	1.00
1998-11-22	1.00
1998-11-23	1.00
1998-11-24	1.00
1998-11-25	1.00
1998-11-26	1.00
1998-11-27	1.00
1998-11-28	1.00
1998-11-29	1.00
1998-11-30	1.00
1998-12-01	1.00
1998-12-02	1.00
1998-12-03	1.00
1998-12-04	1.00
1998-12-05	1.00
1998-12-06	1.00
1998-12-07	1.00
1998-12-08	1.00
1998-12-09	1.00
1998-12-10	1.00
1998-12-11	1.00
1998-12-12	1.00
1998-12-13	1.00
1998-12-14	1.00
1998-12-15	1.00
1998-12-16	1.00
1998-12-17	1.00
1998-12-18	1.00
1998-12-19	1.00
1998-12-20	1.00
1998-12-21	1.00
1998-12-22	1.00
1998-12-23	1.00
1998-12-24	1.00
1998-12-25	1.00
1998-12-26	1.00
1998-12-27	1.00
1998-12-28	1.00
1998-12-29	1.00
1998-12-30	1.00
1998-12-31	1.00
1999-01-01	1.00
1999-01-02	1.00
1999-01-03	1.00
1999-01-04	1.00
1999-01-05	1.00
1999-01-06	1.00
1999-01-07	1.00
1999-01-08	1.00
1999-01-09	1.00
1999-01-10	1.00
1999-01-11	1.00
1999-01-12	1.00
1999-01-13	1.00
1999-01-14	1.00
1999-01-15	1.00
1999-01-16	1.00
1999-01-17	1.00
1999-01-18	1.00
1999-01-19	1.00
1999-01-20	1.00
1999-01-21	1.00
1999-01-22	1.00
1999-01-23	1.00
1999-01-24	1.00
1999-01-25	1.00
1999-01-26	1.00
1999-01-27	1.00
1999-01-28	1.00
1999-01-29	1.00
1999-01-30	1.00
1999-01-31	1.00
1999-02-01	1.00
1999-02-02	1.00
1999-02-03	1.00
1999-02-04	1.00
1999-02-05	1.00
1999-02-06	1.00
1999-02-07	1.00
1999-02-08	1.00
1999-02-09	1.00
1999-02-10	1.00
1999-02-11	1.00
1999-02-12	1.00
1999-02-13	1.00
1999-02-14	1.00
1999-02-15	1.00
1999-02-16	1.00
1999-02-17	1.00
1999-02-18	1.00
1999-02-19	1.00
1999-02-20	1.00
1999-02-21	1.00
1999-02-22	1.00
1999-02-23	1.00
1999-02-24	1.00
1999-02-25	1.00
1999-02-26	1.00
1999-02-27	1.00
1999-02-28	1.00
1999-03-01	1.00
1999-03-02	1.00
1999-03-03	1.00
1999-03-04	1.00
1999-03-05	1.00
1999-03-06	1.00
1999-03-07	1.00
1999-03-08	1.00
1999-03-09	1.00
1999-03-10	1.00
1999-03-11	1.00
1999-03-12	1.00
1999-03-13	1.00
1999-03-14	1.00
1999-03-15	1.00
1999-03-16	1.00
1999-03-17	1.00
1999-03-18	1.00
1999-03-19	1.00
1999-03-20	1.00
1999-03-21	1.00
1999-03-22	1.00
1999-03-23	1.00
1999-03-24	1.00
1999-03-25	1.00
1999-03-26	1.00
1999-03-27	1.00
1999-03-28	1.00
1999-03-29	1.00
1999-03-30	1.00
1999-03-31	1.00
1999-04-01	1.00
1999-04-02	1.00
1999-04-03	1.00
1999-04-04	0.97
1999-04-05	1.00
1999-04-06	1.00
1999-04-07	1.00
1999-04-08	1.00
1999-04-09	1.00
1999-04-10	1.00
1999-04-11	1.00
1999-04-12	1.00
1999-04-13	1.00
1999-04-14	1.00
1999-04-15	1.00
1999-04-16	1.00
1999-04-17	1.00
1999-04-18	1.00
1999-04-19	1.00
1999-04-20	1.00
1999-04-21	1.00
1999-04-22	1.00
1999-04-23	1.00
1999-04-24	1.00
1999-04-25	1.00
1999-04-26	1.00
1999-04-27	1.00
1999-04-28	1.00
1999-04-29	1.00
1999-04-30	1.00
1999-05-01	1.00
1999-05-02	1.00
1999-05-03	1.00
1999-05-04	1.00
1999-05-05	1.00
1999-05-06	0.97
1999-05-07	1.00
1999-05-08	1.00
1999-05-09	1.00
1999-05-10	0.96
1999-05-11	0.95
1999-05-12	0.95
1999-05-13	0.96
1999-05-14	1.00
1999-05-15	1.00
1999-05-16	1.00
1999-05-17	1.00
1999-05-18	1.00
1999-05-19	1.00
1999-05-20	1.00
1999-05-21	1.00
1999-05-22	0.96
1999-05-23	0.96
1999-05-24	0.95
1999-05-25	0.95
1999-05-26	0.94
1999-05-27	0.93
1999-05-28	0.93
1999-05-29	0.93
1999-05-30	0.93
1999-05-31	0.93
1999-06-01	0.92
1999-06-02	0.93
1999-06-03	1.00
1999-06-04	1.00
1999-06-05	1.00
1999-06-06	1.00
1999-06-07	1.00
1999-06-08	1.00
1999-06-09	1.00
1999-06-10	0.97
1999-06-11	0.96
1999-06-12	0.95
1999-06-13	0.94
1999-06-14	0.93
1999-06-15	0.93
1999-06-16	0.92
1999-06-17	0.92
1999-06-18	0.92
1999-06-19	0.92
1999-06-20	0.93
1999-06-21	0.94
1999-06-22	0.95
1999-06-23	0.93
1999-06-24	0.92
1999-06-25	0.92
1999-06-26	0.96
1999-06-27	0.97
1999-06-28	0.96
1999-06-29	0.95
1999-06-30	1.00
1999-07-01	1.00
1999-07-02	1.00
1999-07-03	0.95
1999-07-04	0.91
1999-07-05	0.90
1999-07-06	0.92
1999-07-07	0.93
1999-07-08	0.96
1999-07-09	0.95
1999-07-10	0.93
1999-07-11	0.93
1999-07-12	0.93
1999-07-13	0.92
1999-07-14	0.91
1999-07-15	0.91
1999-07-16	0.95
1999-07-17	0.97
1999-07-18	1.00
1999-07-19	0.96
1999-07-20	0.96
1999-07-21	0.92
1999-07-22	0.92
1999-07-23	0.93
1999-07-24	0.92
1999-07-25	0.91
1999-07-26	0.92
1999-07-27	0.93
1999-07-28	0.94
1999-07-29	0.95
1999-07-30	0.95
1999-07-31	0.94
1999-08-01	0.93
1999-08-02	0.93
1999-08-03	0.95
1999-08-04	0.96
1999-08-05	1.00
1999-08-06	1.00
1999-08-07	1.00
1999-08-08	0.94
1999-08-09	0.95
1999-08-10	1.00
1999-08-11	1.00
1999-08-12	0.96
1999-08-13	0.97
1999-08-14	1.00
1999-08-15	1.00
1999-08-16	0.96
1999-08-17	0.94
1999-08-18	1.00
1999-08-19	1.00
1999-08-20	1.00
1999-08-21	1.00
1999-08-22	1.00
1999-08-23	0.97
1999-08-24	0.96
1999-08-25	0.96
1999-08-26	0.96
1999-08-27	0.94
1999-08-28	0.94
1999-08-29	0.94
1999-08-30	0.94
1999-08-31	0.94
1999-09-01	0.95
1999-09-02	0.96
1999-09-03	1.00
1999-09-04	0.97
1999-09-05	0.96
1999-09-06	0.95
1999-09-07	0.95
1999-09-08	0.95
1999-09-09	0.95
1999-09-10	0.95
1999-09-11	0.96
1999-09-12	0.95
1999-09-13	0.93
1999-09-14	0.93
1999-09-15	0.94
1999-09-16	0.96
1999-09-17	1.00
1999-09-18	1.00
1999-09-19	1.00
1999-09-20	1.00
1999-09-21	1.00
1999-09-22	1.00
1999-09-23	1.00
1999-09-24	1.00
1999-09-25	1.00
1999-09-26	0.97
1999-09-27	0.96
1999-09-28	0.97
1999-09-29	0.96
1999-09-30	0.96
1999-10-01	1.00
1999-10-02	1.00
1999-10-03	1.00
1999-10-04	1.00
1999-10-05	1.00
1999-10-06	1.00
1999-10-07	1.00
1999-10-08	1.00
1999-10-09	1.00
1999-10-10	1.00
1999-10-11	1.00
1999-10-12	1.00
1999-10-13	1.00
1999-10-14	1.00
1999-10-15	1.00
1999-10-16	1.00
1999-10-17	1.00
1999-10-18	1.00
1999-10-19	1.00
1999-10-20	1.00
1999-10-21	1.00
1999-10-22	0.95
1999-10-23	1.00
1999-10-24	1.00
1999-10-25	1.00
1999-10-26	1.00
1999-10-27	1.00
1999-10-28	1.00
1999-10-29	1.00
1999-10-30	1.00
1999-10-31	1.00
1999-11-01	1.00
1999-11-02	1.00
1999-11-03	1.00
1999-11-04	1.00
1999-11-05	1.00
1999-11-06	1.00
1999-11-07	1.00
1999-11-08	1.00
1999-11-09	1.00
1999-11-10	1.00
1999-11-11	1.00
1999-11-12	1.00
1999-11-13	1.00
1999-11-14	1.00
1999-11-15	1.00
1999-11-16	1.00
1999-11-17	1.00
1999-11-18	1.00
1999-11-19	1.00
1999-11-20	1.00
1999-11-21	1.00
1999-11-22	1.00
1999-11-23	1.00
1999-11-24	1.00
1999-11-25	1.00
1999-11-26	1.00
1999-11-27	1.00
1999-11-28	1.00
1999-11-29	1.00
1999-11-30	1.00
1999-12-01	1.00
1999-12-02	1.00
1999-12-03	1.00
1999-12-04	1.00
1999-12-05	1.00
1999-12-06	1.00
1999-12-07	1.00
1999-12-08	1.00
1999-12-09	1.00
1999-12-10	1.00
1999-12-11	1.00
1999-12-12	1.00
1999-12-13	1.00
1999-12-14	1.00
1999-12-15	1.00
1999-12-16	1.00
1999-12-17	1.00
1999-12-18	1.00
1999-12-19	1.00
1999-12-20	1.00
1999-12-21	1.00
1999-12-22	1.00
1999-12-23	1.00
1999-12-24	1.00
1999-12-25	1.00
1999-12-26	1.00
1999-12-27	1.00
1999-12-28	1.00
1999-12-29	1.00
1999-12-30	1.00
1999-12-31	1.00
2000-01-01	1.00
2000-01-02	1.00
2000-01-03	1.00
2000-01-04	1.00
2000-01-05	1.00
2000-01-06	1.00
2000-01-07	1.00
2000-01-08	1.00
2000-01-09	1.00
2000-01-10	1.00
2000-01-11	1.00
2000-01-12	1.00
2000-01-13	1.00
2000-01-14	1.00
2000-01-15	1.00
2000-01-16	1.00
2000-01-17	1.00
2000-01-18	1.00
2000-01-19	1.00
2000-01-20	1.00
2000-01-21	1.00
2000-01-22	1.00
2000-01-23	1.00
2000-01-24	1.00
2000-01-25	1.00
2000-01-26	1.00
2000-01-27	1.00
2000-01-28	1.00
2000-01-29	1.00
2000-01-30	1.00
2000-01-31	1.00
2000-02-01	1.00
2000-02-02	1.00
2000-02-03	1.00
2000-02-04	1.00
2000-02-05	1.00
2000-02-06	1.00
2000-02-07	1.00
2000-02-08	1.00
2000-02-09	1.00
2000-02-10	1.00
2000-02-11	1.00
2000-02-12	1.00
2000-02-13	1.00
2000-02-14	1.00
2000-02-15	1.00
2000-02-16	1.00
2000-02-17	1.00
2000-02-18	1.00
2000-02-19	1.00
2000-02-20	1.00
2000-02-21	1.00
2000-02-22	1.00
2000-02-23	1.00
2000-02-24	1.00
2000-02-25	1.00
2000-02-26	1.00
2000-02-27	1.00
2000-02-28	1.00
2000-02-29	1.00
2000-03-01	1.00
2000-03-02	1.00
2000-03-03	1.00
2000-03-04	1.00
2000-03-05	1.00
2000-03-06	1.00
2000-03-07	1.00
2000-03-08	1.00
2000-03-09	1.00
2000-03-10	1.00
2000-03-11	1.00
2000-03-12	1.00
2000-03-13	1.00
2000-03-14	1.00
2000-03-15	1.00
2000-03-16	1.00
2000-03-17	1.00
2000-03-18	1.00
2000-03-19	1.00
2000-03-20	1.00
2000-03-21	1.00
2000-03-22	1.00
2000-03-23	1.00
2000-03-24	1.00
2000-03-25	1.00
2000-03-26	1.00
2000-03-27	1.00
2000-03-28	1.00
2000-03-29	1.00
2000-03-30	1.00
2000-03-31	1.00
2000-04-01	1.00
2000-04-02	1.00
2000-04-03	1.00
2000-04-04	1.00
2000-04-05	1.00
2000-04-06	1.00
2000-04-07	1.00
2000-04-08	1.00
2000-04-09	1.00
2000-04-10	1.00
2000-04-11	1.00
2000-04-12	1.00
2000-04-13	1.00
2000-04-14	1.00
2000-04-15	1.00
2000-04-16	1.00
2000-04-17	1.00
2000-04-18	1.00
2000-04-19	1.00
2000-04-20	1.00
2000-04-21	1.00
2000-04-22	1.00
2000-04-23	1.00
2000-04-24	1.00
2000-04-25	0.97
2000-04-26	1.00
2000-04-27	1.00
2000-04-28	1.00
2000-04-29	1.00
2000-04-30	1.00
2000-05-01	0.96
2000-05-02	1.00
2000-05-03	1.00
2000-05-04	1.00
2000-05-05	1.00
2000-05-06	1.00
2000-05-07	1.00
2000-05-08	1.00
2000-05-09	1.00
2000-05-10	1.00
2000-05-11	1.00
2000-05-12	1.00
2000-05-13	1.00
2000-05-14	1.00
2000-05-15	1.00
2000-05-16	1.00
2000-05-17	1.00
2000-05-18	1.00
2000-05-19	1.00
2000-05-20	0.97
2000-05-21	0.96
2000-05-22	0.95
2000-05-23	0.95
2000-05-24	0.95
2000-05-25	0.95
2000-05-26	0.95
2000-05-27	0.96
2000-05-28	0.96
2000-05-29	0.96
2000-05-30	0.96
2000-05-31	1.00
2000-06-01	0.96
2000-06-02	0.95
2000-06-03	0.96
2000-06-04	1.00
2000-06-05	1.00
2000-06-06	0.96
2000-06-07	0.93
2000-06-08	0.92
2000-06-09	0.92
2000-06-10	0.92
2000-06-11	0.92
2000-06-12	0.92
2000-06-13	0.92
2000-06-14	0.93
2000-06-15	0.96
2000-06-16	1.00
2000-06-17	1.00
2000-06-18	1.00
2000-06-19	1.00
2000-06-20	0.97
2000-06-21	0.96
2000-06-22	0.95
2000-06-23	0.95
2000-06-24	1.00
2000-06-25	1.00
2000-06-26	0.95
2000-06-27	1.00
2000-06-28	1.00
2000-06-29	1.00
2000-06-30	1.00
2000-07-01	0.96
2000-07-02	0.95
2000-07-03	0.95
2000-07-04	0.95
2000-07-05	0.93
2000-07-06	0.92
2000-07-07	0.92
2000-07-08	0.91
2000-07-09	0.92
2000-07-10	0.92
2000-07-11	1.00
2000-07-12	0.96
2000-07-13	0.95
2000-07-14	0.94
2000-07-15	0.94
2000-07-16	0.93
2000-07-17	0.93
2000-07-18	0.91
2000-07-19	0.92
2000-07-20	0.96
2000-07-21	0.96
2000-07-22	0.95
2000-07-23	0.94
2000-07-24	0.94
2000-07-25	0.95
2000-07-26	0.94
2000-07-27	0.93
2000-07-28	0.93
2000-07-29	0.93
2000-07-30	0.93
2000-07-31	0.93
2000-08-01	0.92
2000-08-02	0.93
2000-08-03	0.96
2000-08-04	0.96
2000-08-05	0.96
2000-08-06	0.96
2000-08-07	0.95
2000-08-08	0.95
2000-08-09	0.93
2000-08-10	0.93
2000-08-11	0.93
2000-08-12	0.96
2000-08-13	0.97
2000-08-14	0.96
2000-08-15	0.95
2000-08-16	0.95
2000-08-17	0.95
2000-08-18	0.94
2000-08-19	0.95
2000-08-20	0.94
2000-08-21	0.94
2000-08-22	0.95
2000-08-23	0.94
2000-08-24	0.95
2000-08-25	1.00
2000-08-26	1.00
2000-08-27	0.96
2000-08-28	0.95
2000-08-29	1.00
2000-08-30	1.00
2000-08-31	1.00
2000-09-01	1.00
2000-09-02	0.95
2000-09-03	0.95
2000-09-04	0.94
2000-09-05	0.95
2000-09-06	1.00
2000-09-07	1.00
2000-09-08	0.97
2000-09-09	0.94
2000-09-10	0.94
2000-09-11	0.94
2000-09-12	0.92
2000-09-13	0.92
2000-09-14	0.92
2000-09-15	0.92
2000-09-16	0.92
2000-09-17	0.92
2000-09-18	0.92
2000-09-19	0.92
2000-09-20	0.93
2000-09-21	0.93
2000-09-22	0.93
2000-09-23	0.94
2000-09-24	0.93
2000-09-25	0.93
2000-09-26	0.93
2000-09-27	0.93
2000-09-28	0.94
2000-09-29	0.95
2000-09-30	0.95
2000-10-01	1.00
2000-10-02	1.00
2000-10-03	1.00
2000-10-04	0.97
2000-10-05	0.94
2000-10-06	0.94
2000-10-07	0.94
2000-10-08	1.00
2000-10-09	1.00
2000-10-10	1.00
2000-10-11	1.00
2000-10-12	1.00
2000-10-13	1.00
2000-10-14	1.00
2000-10-15	1.00
2000-10-16	1.00
2000-10-17	1.00
2000-10-18	1.00
2000-10-19	1.00
2000-10-20	1.00
2000-10-21	1.00
2000-10-22	1.00
2000-10-23	1.00
2000-10-24	1.00
2000-10-25	1.00
2000-10-26	1.00
2000-10-27	1.00
2000-10-28	1.00
2000-10-29	1.00
2000-10-30	1.00
2000-10-31	1.00
2000-11-01	1.00
2000-11-02	1.00
2000-11-03	1.00
2000-11-04	1.00
2000-11-05	1.00
2000-11-06	1.00
2000-11-07	1.00
2000-11-08	1.00
2000-11-09	1.00
2000-11-10	1.00
2000-11-11	1.00
2000-11-12	1.00
2000-11-13	1.00
2000-11-14	0.96
2000-11-15	1.00
2000-11-16	0.97
2000-11-17	1.00
2000-11-18	1.00
2000-11-19	1.00
2000-11-20	1.00
2000-11-21	1.00
2000-11-22	1.00
2000-11-23	1.00
2000-11-24	1.00
2000-11-25	1.00
2000-11-26	1.00
2000-11-27	1.00
2000-11-28	1.00
2000-11-29	1.00
2000-11-30	0.96
2000-12-01	1.00
2000-12-02	1.00
2000-12-03	1.00
2000-12-04	1.00
2000-12-05	1.00
2000-12-06	1.00
2000-12-07	1.00
2000-12-08	1.00
2000-12-09	1.00
2000-12-10	1.00
2000-12-11	1.00
2000-12-12	1.00
2000-12-13	1.00
2000-12-14	1.00
2000-12-15	1.00
2000-12-16	1.00
2000-12-17	1.00
2000-12-18	1.00
2000-12-19	1.00
2000-12-20	1.00
2000-12-21	1.00
2000-12-22	1.00
2000-12-23	1.00
2000-12-24	1.00
2000-12-25	1.00
2000-12-26	1.00
2000-12-27	1.00
2000-12-28	1.00
2000-12-29	1.00
2000-12-30	1.00
2000-12-31	1.00
2001-01-01	1.00
2001-01-02	1.00
2001-01-03	1.00
2001-01-04	1.00
2001-01-05	1.00
2001-01-06	1.00
2001-01-07	1.00
2001-01-08	1.00
2001-01-09	1.00
2001-01-10	1.00
2001-01-11	1.00
2001-01-12	1.00
2001-01-13	1.00
2001-01-14	1.00
2001-01-15	1.00
2001-01-16	1.00
2001-01-17	1.00
2001-01-18	1.00
2001-01-19	1.00
2001-01-20	1.00
2001-01-21	1.00
2001-01-22	1.00
2001-01-23	1.00
2001-01-24	1.00
2001-01-25	1.00
2001-01-26	1.00
2001-01-27	1.00
2001-01-28	1.00
2001-01-29	1.00
2001-01-30	1.00
2001-01-31	1.00
2001-02-01	1.00
2001-02-02	1.00
2001-02-03	1.00
2001-02-04	1.00
2001-02-05	1.00
2001-02-06	1.00
2001-02-07	1.00
2001-02-08	1.00
2001-02-09	1.00
2001-02-10	1.00
2001-02-11	1.00
2001-02-12	1.00
2001-02-13	1.00
2001-02-14	1.00
2001-02-15	1.00
2001-02-16	1.00
2001-02-17	1.00
2001-02-18	1.00
2001-02-19	1.00
2001-02-20	1.00
2001-02-21	1.00
2001-02-22	1.00
2001-02-23	1.00
2001-02-24	1.00
2001-02-25	1.00
2001-02-26	1.00
2001-02-27	1.00
2001-02-28	1.00
2001-03-01	1.00
2001-03-02	1.00
2001-03-03	1.00
2001-03-04	1.00
2001-03-05	1.00
2001-03-06	1.00
2001-03-07	1.00
2001-03-08	1.00
2001-03-09	1.00
2001-03-10	1.00
2001-03-11	1.00
2001-03-12	1.00
2001-03-13	1.00
2001-03-14	1.00
2001-03-15	1.00
2001-03-16	1.00
2001-03-17	1.00
2001-03-18	1.00
2001-03-19	1.00
2001-03-20	1.00
2001-03-21	1.00
2001-03-22	1.00
2001-03-23	1.00
2001-03-24	1.00
2001-03-25	1.00
2001-03-26	1.00
2001-03-27	1.00
2001-03-28	1.00
2001-03-29	1.00
2001-03-30	1.00
2001-03-31	1.00
2001-04-01	1.00
2001-04-02	1.00
2001-04-03	1.00
2001-04-04	1.00
2001-04-05	1.00
2001-04-06	1.00
2001-04-07	1.00
2001-04-08	1.00
2001-04-09	1.00
2001-04-10	1.00
2001-04-11	1.00
2001-04-12	1.00
2001-04-13	1.00
2001-04-14	1.00
2001-04-15	1.00
2001-04-16	1.00
2001-04-17	1.00
2001-04-18	1.00
2001-04-19	1.00
2001-04-20	1.00
2001-04-21	1.00
2001-04-22	1.00
2001-04-23	1.00
2001-04-24	1.00
2001-04-25	1.00
2001-04-26	1.00
2001-04-27	1.00
2001-04-28	1.00
2001-04-29	1.00
2001-04-30	1.00
2001-05-01	1.00
2001-05-02	1.00
2001-05-03	1.00
2001-05-04	1.00
2001-05-05	1.00
2001-05-06	0.96
2001-05-07	0.96
2001-05-08	0.96
2001-05-09	0.95
2001-05-10	0.94
2001-05-11	0.94
2001-05-12	0.95
2001-05-13	0.96
2001-05-14	1.00
2001-05-15	1.00
2001-05-16	1.00
2001-05-17	1.00
2001-05-18	1.00
2001-05-19	1.00
2001-05-20	1.00
2001-05-21	1.00
2001-05-22	1.00
2001-05-23	1.00
2001-05-24	1.00
2001-05-25	1.00
2001-05-26	0.97
2001-05-27	1.00
2001-05-28	1.00
2001-05-29	1.00
2001-05-30	1.00
2001-05-31	1.00
2001-06-01	1.00
2001-06-02	1.00
2001-06-03	0.96
2001-06-04	0.95
2001-06-05	0.93
2001-06-06	0.95
2001-06-07	0.94
2001-06-08	0.93
2001-06-09	0.96
2001-06-10	1.00
2001-06-11	0.95
2001-06-12	0.97
2001-06-13	1.00
2001-06-14	0.96
2001-06-15	0.93
2001-06-16	0.93
2001-06-17	0.95
2001-06-18	0.95
2001-06-19	0.93
2001-06-20	0.92
2001-06-21	0.93
2001-06-22	0.93
2001-06-23	0.92
2001-06-24	0.92
2001-06-25	0.91
2001-06-26	0.91
2001-06-27	0.91
2001-06-28	0.93
2001-06-29	0.96
2001-06-30	0.96
2001-07-01	0.95
2001-07-02	0.93
2001-07-03	0.92
2001-07-04	0.96
2001-07-05	0.96
2001-07-06	0.93
2001-07-07	0.90
2001-07-08	0.91
2001-07-09	0.91
2001-07-10	0.95
2001-07-11	0.97
2001-07-12	0.96
2001-07-13	0.97
2001-07-14	0.97
2001-07-15	0.96
2001-07-16	0.94
2001-07-17	0.93
2001-07-18	0.93
2001-07-19	0.94
2001-07-20	0.95
2001-07-21	0.94
2001-07-22	0.93
2001-07-23	0.93
2001-07-24	0.93
2001-07-25	0.93
2001-07-26	0.93
2001-07-27	0.93
2001-07-28	0.92
2001-07-29	0.92
2001-07-30	0.92
2001-07-31	0.92
2001-08-01	0.93
2001-08-02	0.96
2001-08-03	0.96
2001-08-04	0.95
2001-08-05	0.94
2001-08-06	0.94
2001-08-07	0.94
2001-08-08	0.94
2001-08-09	0.94
2001-08-10	0.94
2001-08-11	0.96
2001-08-12	1.00
2001-08-13	1.00
2001-08-14	0.95
2001-08-15	0.95
2001-08-16	1.00
2001-08-17	0.96
2001-08-18	1.00
2001-08-19	1.00
2001-08-20	1.00
2001-08-21	0.96
2001-08-22	1.00
2001-08-23	1.00
2001-08-24	1.00
2001-08-25	1.00
2001-08-26	1.00
2001-08-27	1.00
2001-08-28	0.96
2001-08-29	0.96
2001-08-30	0.96
2001-08-31	0.96
2001-09-01	1.00
2001-09-02	1.00
2001-09-03	1.00
2001-09-04	1.00
2001-09-05	1.00
2001-09-06	0.95
2001-09-07	0.93
2001-09-08	0.95
2001-09-09	0.96
2001-09-10	0.95
2001-09-11	0.95
2001-09-12	1.00
2001-09-13	1.00
2001-09-14	1.00
2001-09-15	1.00
2001-09-16	0.95
2001-09-17	0.92
2001-09-18	0.92
2001-09-19	0.92
2001-09-20	0.92
2001-09-21	0.92
2001-09-22	0.96
2001-09-23	0.97
2001-09-24	0.96
2001-09-25	0.96
2001-09-26	0.96
2001-09-27	0.94
2001-09-28	0.92
2001-09-29	0.94
2001-09-30	0.96
2001-10-01	1.00
2001-10-02	0.95
2001-10-03	0.95
2001-10-04	1.00
2001-10-05	1.00
2001-10-06	1.00
2001-10-07	1.00
2001-10-08	1.00
2001-10-09	1.00
2001-10-10	1.00
2001-10-11	1.00
2001-10-12	0.97
2001-10-13	0.95
2001-10-14	0.96
2001-10-15	0.96
2001-10-16	0.96
2001-10-17	1.00
2001-10-18	1.00
2001-10-19	1.00
2001-10-20	1.00
2001-10-21	1.00
2001-10-22	1.00
2001-10-23	1.00
2001-10-24	1.00
2001-10-25	1.00
2001-10-26	1.00
2001-10-27	1.00
2001-10-28	1.00
2001-10-29	1.00
2001-10-30	1.00
2001-10-31	1.00
2001-11-01	1.00
2001-11-02	1.00
2001-11-03	1.00
2001-11-04	1.00
2001-11-05	1.00
2001-11-06	1.00
2001-11-07	1.00
2001-11-08	0.96
2001-11-09	0.95
2001-11-10	1.00
2001-11-11	1.00
2001-11-12	1.00
2001-11-13	1.00
2001-11-14	1.00
2001-11-15	1.00
2001-11-16	1.00
2001-11-17	1.00
2001-11-18	1.00
2001-11-19	0.96
2001-11-20	1.00
2001-11-21	0.97
2001-11-22	1.00
2001-11-23	1.00
2001-11-24	1.00
2001-11-25	1.00
2001-11-26	1.00
2001-11-27	1.00
2001-11-28	1.00
2001-11-29	1.00
2001-11-30	1.00
2001-12-01	1.00
2001-12-02	1.00
2001-12-03	1.00
2001-12-04	1.00
2001-12-05	1.00
2001-12-06	1.00
2001-12-07	1.00
2001-12-08	1.00
2001-12-09	1.00
2001-12-10	1.00
2001-12-11	1.00
2001-12-12	1.00
2001-12-13	1.00
2001-12-14	1.00
2001-12-15	1.00
2001-12-16	1.00
2001-12-17	1.00
2001-12-18	1.00
2001-12-19	1.00
2001-12-20	1.00
2001-12-21	1.00
2001-12-22	1.00
2001-12-23	1.00
2001-12-24	1.00
2001-12-25	1.00
2001-12-26	1.00
2001-12-27	1.00
2001-12-28	1.00
2001-12-29	1.00
2001-12-30	1.00
2001-12-31	1.00
2002-01-01	1.00
2002-01-02	1.00
2002-01-03	1.00
2002-01-04	1.00
2002-01-05	1.00
2002-01-06	1.00
2002-01-07	1.00
2002-01-08	1.00
2002-01-09	1.00
2002-01-10	1.00
2002-01-11	1.00
2002-01-12	1.00
2002-01-13	1.00
2002-01-14	1.00
2002-01-15	1.00
2002-01-16	1.00
2002-01-17	1.00
2002-01-18	1.00
2002-01-19	1.00
2002-01-20	1.00
2002-01-21	1.00
2002-01-22	1.00
2002-01-23	1.00
2002-01-24	1.00
2002-01-25	1.00
2002-01-26	1.00
2002-01-27	1.00
2002-01-28	1.00
2002-01-29	1.00
2002-01-30	1.00
2002-01-31	1.00
2002-02-01	1.00
2002-02-02	1.00
2002-02-03	1.00
2002-02-04	1.00
2002-02-05	1.00
2002-02-06	1.00
2002-02-07	1.00
2002-02-08	1.00
2002-02-09	1.00
2002-02-10	1.00
2002-02-11	1.00
2002-02-12	1.00
2002-02-13	1.00
2002-02-14	1.00
2002-02-15	1.00
2002-02-16	1.00
2002-02-17	1.00
2002-02-18	1.00
2002-02-19	1.00
2002-02-20	1.00
2002-02-21	1.00
2002-02-22	1.00
2002-02-23	1.00
2002-02-24	1.00
2002-02-25	1.00
2002-02-26	1.00
2002-02-27	1.00
2002-02-28	1.00
2002-03-01	1.00
2002-03-02	1.00
2002-03-03	1.00
2002-03-04	1.00
2002-03-05	1.00
2002-03-06	1.00
2002-03-07	1.00
2002-03-08	1.00
2002-03-09	1.00
2002-03-10	1.00
2002-03-11	1.00
2002-03-12	1.00
2002-03-13	1.00
2002-03-14	1.00
2002-03-15	1.00
2002-03-16	1.00
2002-03-17	1.00
2002-03-18	1.00
2002-03-19	1.00
2002-03-20	1.00
2002-03-21	1.00
2002-03-22	1.00
2002-03-23	1.00
2002-03-24	1.00
2002-03-25	1.00
2002-03-26	1.00
2002-03-27	1.00
2002-03-28	1.00
2002-03-29	1.00
2002-03-30	1.00
2002-03-31	1.00
2002-04-01	1.00
2002-04-02	1.00
2002-04-03	1.00
2002-04-04	1.00
2002-04-05	1.00
2002-04-06	1.00
2002-04-07	1.00
2002-04-08	1.00
2002-04-09	1.00
2002-04-10	1.00
2002-04-11	1.00
2002-04-12	1.00
2002-04-13	1.00
2002-04-14	1.00
2002-04-15	1.00
2002-04-16	1.00
2002-04-17	1.00
2002-04-18	1.00
2002-04-19	1.00
2002-04-20	1.00
2002-04-21	1.00
2002-04-22	1.00
2002-04-23	1.00
2002-04-24	1.00
2002-04-25	1.00
2002-04-26	1.00
2002-04-27	1.00
2002-04-28	1.00
2002-04-29	1.00
2002-04-30	1.00
2002-05-01	1.00
2002-05-02	1.00
2002-05-03	0.96
2002-05-04	1.00
2002-05-05	1.00
2002-05-06	1.00
2002-05-07	1.00
2002-05-08	0.96
2002-05-09	1.00
2002-05-10	1.00
2002-05-11	1.00
2002-05-12	1.00
2002-05-13	1.00
2002-05-14	1.00
2002-05-15	1.00
2002-05-16	1.00
2002-05-17	1.00
2002-05-18	1.00
2002-05-19	1.00
2002-05-20	1.00
2002-05-21	1.00
2002-05-22	1.00
2002-05-23	1.00
2002-05-24	1.00
2002-05-25	1.00
2002-05-26	1.00
2002-05-27	1.00
2002-05-28	1.00
2002-05-29	0.96
2002-05-30	0.95
2002-05-31	0.95
2002-06-01	1.00
2002-06-02	0.95
2002-06-03	0.95
2002-06-04	1.00
2002-06-05	0.94
2002-06-06	0.93
2002-06-07	0.92
2002-06-08	0.93
2002-06-09	0.94
2002-06-10	1.00
2002-06-11	1.00
2002-06-12	1.00
2002-06-13	1.00
2002-06-14	0.96
2002-06-15	0.95
2002-06-16	0.94
2002-06-17	0.95
2002-06-18	0.96
2002-06-19	0.95
2002-06-20	0.91
2002-06-21	0.92
2002-06-22	0.93
2002-06-23	0.94
2002-06-24	1.00
2002-06-25	1.00
2002-06-26	0.96
2002-06-27	0.96
2002-06-28	0.95
2002-06-29	1.00
2002-06-30	1.00
2002-07-01	0.96
2002-07-02	0.95
2002-07-03	0.93
2002-07-04	0.96
2002-07-05	0.96
2002-07-06	0.95
2002-07-07	0.95
2002-07-08	0.95
2002-07-09	0.96
2002-07-10	0.94
2002-07-11	0.96
2002-07-12	0.96
2002-07-13	0.94
2002-07-14	0.92
2002-07-15	0.93
2002-07-16	0.92
2002-07-17	0.92
2002-07-18	0.92
2002-07-19	0.92
2002-07-20	0.92
2002-07-21	0.92
2002-07-22	0.93
2002-07-23	0.93
2002-07-24	0.93
2002-07-25	0.95
2002-07-26	0.95
2002-07-27	0.93
2002-07-28	0.93
2002-07-29	0.93
2002-07-30	0.93
2002-07-31	0.93
2002-08-01	0.95
2002-08-02	0.96
2002-08-03	0.95
2002-08-04	0.93
2002-08-05	0.92
2002-08-06	0.93
2002-08-07	0.94
2002-08-08	0.95
2002-08-09	0.95
2002-08-10	0.94
2002-08-11	0.93
2002-08-12	0.93
2002-08-13	0.93
2002-08-14	0.94
2002-08-15	0.94
2002-08-16	0.95
2002-08-17	0.94
2002-08-18	0.93
2002-08-19	0.93
2002-08-20	0.93
2002-08-21	0.93
2002-08-22	0.95
2002-08-23	0.95
2002-08-24	0.92
2002-08-25	0.93
2002-08-26	0.93
2002-08-27	0.92
2002-08-28	0.97
2002-08-29	1.00
2002-08-30	1.00
2002-08-31	1.00
2002-09-01	1.00
2002-09-02	1.00
2002-09-03	1.00
2002-09-04	0.97
2002-09-05	0.95
2002-09-06	0.95
2002-09-07	0.96
2002-09-08	0.97
2002-09-09	1.00
2002-09-10	1.00
2002-09-11	1.00
2002-09-12	1.00
2002-09-13	0.96
2002-09-14	0.96
2002-09-15	0.96
2002-09-16	0.95
2002-09-17	1.00
2002-09-18	1.00
2002-09-19	1.00
2002-09-20	0.95
2002-09-21	0.94
2002-09-22	1.00
2002-09-23	1.00
2002-09-24	1.00
2002-09-25	1.00
2002-09-26	1.00
2002-09-27	1.00
2002-09-28	0.96
2002-09-29	0.95
2002-09-30	0.93
2002-10-01	0.95
2002-10-02	0.95
2002-10-03	0.95
2002-10-04	0.96
2002-10-05	1.00
2002-10-06	1.00
2002-10-07	1.00
2002-10-08	1.00
2002-10-09	1.00
2002-10-10	1.00
2002-10-11	1.00
2002-10-12	1.00
2002-10-13	0.96
2002-10-14	1.00
2002-10-15	1.00
2002-10-16	1.00
2002-10-17	1.00
2002-10-18	1.00
2002-10-19	1.00
2002-10-20	1.00
2002-10-21	1.00
2002-10-22	1.00
2002-10-23	1.00
2002-10-24	1.00
2002-10-25	1.00
2002-10-26	1.00
2002-10-27	1.00
2002-10-28	1.00
2002-10-29	1.00
2002-10-30	1.00
2002-10-31	1.00
2002-11-01	1.00
2002-11-02	1.00
2002-11-03	1.00
2002-11-04	1.00
2002-11-05	1.00
2002-11-06	1.00
2002-11-07	1.00
2002-11-08	1.00
2002-11-09	1.00
2002-11-10	1.00
2002-11-11	1.00
2002-11-12	1.00
2002-11-13	1.00
2002-11-14	1.00
2002-11-15	1.00
2002-11-16	1.00
2002-11-17	1.00
2002-11-18	1.00
2002-11-19	1.00
2002-11-20	1.00
2002-11-21	1.00
2002-11-22	1.00
2002-11-23	1.00
2002-11-24	1.00
2002-11-25	1.00
2002-11-26	1.00
2002-11-27	1.00
2002-11-28	1.00
2002-11-29	1.00
2002-11-30	1.00
2002-12-01	1.00
2002-12-02	1.00
2002-12-03	1.00
2002-12-04	1.00
2002-12-05	1.00
2002-12-06	1.00
2002-12-07	1.00
2002-12-08	1.00
2002-12-09	1.00
2002-12-10	1.00
2002-12-11	1.00
2002-12-12	1.00
2002-12-13	1.00
2002-12-14	1.00
2002-12-15	1.00
2002-12-16	1.00
2002-12-17	1.00
2002-12-18	1.00
2002-12-19	1.00
2002-12-20	1.00
2002-12-21	1.00
2002-12-22	1.00
2002-12-23	1.00
2002-12-24	1.00
2002-12-25	1.00
2002-12-26	1.00
2002-12-27	1.00
2002-12-28	1.00
2002-12-29	1.00
2002-12-30	1.00
2002-12-31	1.00
2003-01-01	1.00
2003-01-02	1.00
2003-01-03	1.00
2003-01-04	1.00
2003-01-05	1.00
2003-01-06	1.00
2003-01-07	1.00
2003-01-08	1.00
2003-01-09	1.00
2003-01-10	1.00
2003-01-11	1.00
2003-01-12	1.00
2003-01-13	1.00
2003-01-14	1.00
2003-01-15	1.00
2003-01-16	1.00
2003-01-17	1.00
2003-01-18	1.00
2003-01-19	1.00
2003-01-20	1.00
2003-01-21	1.00
2003-01-22	1.00
2003-01-23	1.00
2003-01-24	1.00
2003-01-25	1.00
2003-01-26	1.00
2003-01-27	1.00
2003-01-28	1.00
2003-01-29	1.00
2003-01-30	1.00
2003-01-31	1.00
2003-02-01	1.00
2003-02-02	1.00
2003-02-03	1.00
2003-02-04	1.00
2003-02-05	1.00
2003-02-06	1.00
2003-02-07	1.00
2003-02-08	1.00
2003-02-09	1.00
2003-02-10	1.00
2003-02-11	1.00
2003-02-12	1.00
2003-02-13	1.00
2003-02-14	1.00
2003-02-15	1.00
2003-02-16	1.00
2003-02-17	1.00
2003-02-18	1.00
2003-02-19	1.00
2003-02-20	1.00
2003-02-21	1.00
2003-02-22	1.00
2003-02-23	1.00
2003-02-24	1.00
2003-02-25	1.00
2003-02-26	1.00
2003-02-27	1.00
2003-02-28	1.00
2003-03-01	1.00
2003-03-02	1.00
2003-03-03	1.00
2003-03-04	1.00
2003-03-05	1.00
2003-03-06	1.00
2003-03-07	1.00
2003-03-08	1.00
2003-03-09	1.00
2003-03-10	1.00
2003-03-11	1.00
2003-03-12	1.00
2003-03-13	1.00
2003-03-14	1.00
2003-03-15	1.00
2003-03-16	1.00
2003-03-17	1.00
2003-03-18	1.00
2003-03-19	1.00
2003-03-20	1.00
2003-03-21	1.00
2003-03-22	1.00
2003-03-23	1.00
2003-03-24	1.00
2003-03-25	1.00
2003-03-26	1.00
2003-03-27	1.00
2003-03-28	1.00
2003-03-29	1.00
2003-03-30	1.00
2003-03-31	1.00
2003-04-01	1.00
2003-04-02	1.00
2003-04-03	1.00
2003-04-04	1.00
2003-04-05	1.00
2003-04-06	1.00
2003-04-07	1.00
2003-04-08	1.00
2003-04-09	1.00
2003-04-10	1.00
2003-04-11	1.00
2003-04-12	1.00
2003-04-13	1.00
2003-04-14	1.00
2003-04-15	1.00
2003-04-16	1.00
2003-04-17	1.00
2003-04-18	1.00
2003-04-19	1.00
2003-04-20	0.96
2003-04-21	0.96
2003-04-22	1.00
2003-04-23	1.00
2003-04-24	1.00
2003-04-25	1.00
2003-04-26	1.00
2003-04-27	1.00
2003-04-28	1.00
2003-04-29	0.97
2003-04-30	1.00
2003-05-01	0.96
2003-05-02	1.00
2003-05-03	1.00
2003-05-04	1.00
2003-05-05	0.96
2003-05-06	0.95
2003-05-07	0.95
2003-05-08	0.95
2003-05-09	0.95
2003-05-10	0.96
2003-05-11	1.00
2003-05-12	1.00
2003-05-13	0.97
2003-05-14	1.00
2003-05-15	1.00
2003-05-16	1.00
2003-05-17	1.00
2003-05-18	1.00
2003-05-19	0.97
2003-05-20	0.96
2003-05-21	0.95
2003-05-22	0.95
2003-05-23	0.96
2003-05-24	0.97
2003-05-25	0.96
2003-05-26	0.96
2003-05-27	1.00
2003-05-28	0.96
2003-05-29	0.94
2003-05-30	0.94
2003-05-31	0.95
2003-06-01	0.94
2003-06-02	0.94
2003-06-03	0.94
2003-06-04	0.94
2003-06-05	1.00
2003-06-06	1.00
2003-06-07	1.00
2003-06-08	1.00
2003-06-09	1.00
2003-06-10	0.96
2003-06-11	0.95
2003-06-12	0.95
2003-06-13	0.95
2003-06-14	0.95
2003-06-15	0.95
2003-06-16	0.93
2003-06-17	0.93
2003-06-18	0.92
2003-06-19	0.93
2003-06-20	0.94
2003-06-21	0.93
2003-06-22	0.93
2003-06-23	0.93
2003-06-24	0.95
2003-06-25	0.95
2003-06-26	0.92
2003-06-27	0.96
2003-06-28	0.97
2003-06-29	0.96
2003-06-30	0.96
2003-07-01	0.95
2003-07-02	0.93
2003-07-03	0.93
2003-07-04	0.94
2003-07-05	0.92
2003-07-06	0.92
2003-07-07	0.92
2003-07-08	0.91
2003-07-09	0.92
2003-07-10	0.92
2003-07-11	0.95
2003-07-12	0.95
2003-07-13	0.93
2003-07-14	0.92
2003-07-15	0.95
2003-07-16	0.96
2003-07-17	0.96
2003-07-18	0.95
2003-07-19	0.93
2003-07-20	0.93
2003-07-21	0.91
2003-07-22	0.92
2003-07-23	0.93
2003-07-24	0.95
2003-07-25	1.00
2003-07-26	0.97
2003-07-27	0.96
2003-07-28	0.96
2003-07-29	0.94
2003-07-30	0.93
2003-07-31	0.93
2003-08-01	0.93
2003-08-02	0.93
2003-08-03	0.93
2003-08-04	0.93
2003-08-05	0.92
2003-08-06	0.93
2003-08-07	0.94
2003-08-08	0.93
2003-08-09	0.94
2003-08-10	0.96
2003-08-11	1.00
2003-08-12	1.00
2003-08-13	0.96
2003-08-14	0.96
2003-08-15	0.96
2003-08-16	0.96
2003-08-17	0.95
2003-08-18	0.94
2003-08-19	0.95
2003-08-20	0.96
2003-08-21	1.00
2003-08-22	0.96
2003-08-23	0.95
2003-08-24	0.96
2003-08-25	1.00
2003-08-26	1.00
2003-08-27	0.97
2003-08-28	0.94
2003-08-29	0.94
2003-08-30	0.95
2003-08-31	0.96
2003-09-01	0.95
2003-09-02	0.94
2003-09-03	0.94
2003-09-04	0.94
2003-09-05	0.95
2003-09-06	0.96
2003-09-07	0.96
2003-09-08	0.95
2003-09-09	0.95
2003-09-10	0.92
2003-09-11	0.93
2003-09-12	0.95
2003-09-13	0.96
2003-09-14	1.00
2003-09-15	1.00
2003-09-16	1.00
2003-09-17	1.00
2003-09-18	1.00
2003-09-19	0.95
2003-09-20	0.95
2003-09-21	0.93
2003-09-22	1.00
2003-09-23	1.00
2003-09-24	1.00
2003-09-25	0.97
2003-09-26	0.96
2003-09-27	0.95
2003-09-28	0.96
2003-09-29	0.94
2003-09-30	0.94
2003-10-01	1.00
2003-10-02	1.00
2003-10-03	1.00
2003-10-04	1.00
2003-10-05	1.00
2003-10-06	1.00
2003-10-07	1.00
2003-10-08	1.00
2003-10-09	1.00
2003-10-10	1.00
2003-10-11	1.00
2003-10-12	1.00
2003-10-13	1.00
2003-10-14	1.00
2003-10-15	1.00
2003-10-16	1.00
2003-10-17	1.00
2003-10-18	1.00
2003-10-19	1.00
2003-10-20	1.00
2003-10-21	1.00
2003-10-22	1.00
2003-10-23	1.00
2003-10-24	1.00
2003-10-25	1.00
2003-10-26	1.00
2003-10-27	1.00
2003-10-28	1.00
2003-10-29	1.00
2003-10-30	1.00
2003-10-31	1.00
2003-11-01	1.00
2003-11-02	1.00
2003-11-03	1.00
2003-11-04	1.00
2003-11-05	1.00
2003-11-06	1.00
2003-11-07	1.00
2003-11-08	1.00
2003-11-09	1.00
2003-11-10	1.00
2003-11-11	1.00
2003-11-12	1.00
2003-11-13	1.00
2003-11-14	1.00
2003-11-15	1.00
2003-11-16	1.00
2003-11-17	1.00
2003-11-18	1.00
2003-11-19	1.00
2003-11-20	1.00
2003-11-21	1.00
2003-11-22	1.00
2003-11-23	1.00
2003-11-24	1.00
2003-11-25	1.00
2003-11-26	1.00
2003-11-27	1.00
2003-11-28	1.00
2003-11-29	1.00
2003-11-30	1.00
2003-12-01	1.00
2003-12-02	1.00
2003-12-03	1.00
2003-12-04	1.00
2003-12-05	1.00
2003-12-06	1.00
2003-12-07	1.00
2003-12-08	1.00
2003-12-09	1.00
2003-12-10	1.00
2003-12-11	1.00
2003-12-12	1.00
2003-12-13	1.00
2003-12-14	1.00
2003-12-15	1.00
2003-12-16	1.00
2003-12-17	1.00
2003-12-18	1.00
2003-12-19	1.00
2003-12-20	1.00
2003-12-21	1.00
2003-12-22	1.00
2003-12-23	1.00
2003-12-24	1.00
2003-12-25	1.00
2003-12-26	1.00
2003-12-27	1.00
2003-12-28	1.00
2003-12-29	1.00
2003-12-30	1.00
2003-12-31	1.00
2004-01-01	1.00
2004-01-02	1.00
2004-01-03	1.00
2004-01-04	1.00
2004-01-05	1.00
2004-01-06	1.00
2004-01-07	1.00
2004-01-08	1.00
2004-01-09	1.00
2004-01-10	1.00
2004-01-11	1.00
2004-01-12	1.00
2004-01-13	1.00
2004-01-14	1.00
2004-01-15	1.00
2004-01-16	1.00
2004-01-17	1.00
2004-01-18	1.00
2004-01-19	1.00
2004-01-20	1.00
2004-01-21	1.00
2004-01-22	1.00
2004-01-23	1.00
2004-01-24	1.00
2004-01-25	1.00
2004-01-26	1.00
2004-01-27	1.00
2004-01-28	1.00
2004-01-29	1.00
2004-01-30	1.00
2004-01-31	1.00
2004-02-01	1.00
2004-02-02	1.00
2004-02-03	1.00
2004-02-04	1.00
2004-02-05	1.00
2004-02-06	1.00
2004-02-07	1.00
2004-02-08	1.00
2004-02-09	1.00
2004-02-10	1.00
2004-02-11	1.00
2004-02-12	1.00
2004-02-13	1.00
2004-02-14	1.00
2004-02-15	1.00
2004-02-16	1.00
2004-02-17	1.00
2004-02-18	1.00
2004-02-19	1.00
2004-02-20	1.00
2004-02-21	1.00
2004-02-22	1.00
2004-02-23	1.00
2004-02-24	1.00
2004-02-25	1.00
2004-02-26	1.00
2004-02-27	1.00
2004-02-28	1.00
2004-02-29	1.00
2004-03-01	1.00
2004-03-02	1.00
2004-03-03	1.00
2004-03-04	1.00
2004-03-05	1.00
2004-03-06	1.00
2004-03-07	1.00
2004-03-08	1.00
2004-03-09	1.00
2004-03-10	1.00
2004-03-11	1.00
2004-03-12	1.00
2004-03-13	1.00
2004-03-14	1.00
2004-03-15	1.00
2004-03-16	1.00
2004-03-17	1.00
2004-03-18	1.00
2004-03-19	1.00
2004-03-20	1.00
2004-03-21	1.00
2004-03-22	1.00
2004-03-23	1.00
2004-03-24	1.00
2004-03-25	1.00
2004-03-26	1.00
2004-03-27	1.00
2004-03-28	1.00
2004-03-29	1.00
2004-03-30	1.00
2004-03-31	1.00
2004-04-01	1.00
2004-04-02	1.00
2004-04-03	1.00
2004-04-04	1.00
2004-04-05	1.00
2004-04-06	1.00
2004-04-07	1.00
2004-04-08	1.00
2004-04-09	1.00
2004-04-10	1.00
2004-04-11	1.00
2004-04-12	1.00
2004-04-13	1.00
2004-04-14	1.00
2004-04-15	1.00
2004-04-16	0.96
2004-04-17	1.00
2004-04-18	1.00
2004-04-19	1.00
2004-04-20	1.00
2004-04-21	1.00
2004-04-22	1.00
2004-04-23	1.00
2004-04-24	1.00
2004-04-25	1.00
2004-04-26	1.00
2004-04-27	1.00
2004-04-28	1.00
2004-04-29	1.00
2004-04-30	0.96
2004-05-01	0.96
2004-05-02	0.96
2004-05-03	1.00
2004-05-04	1.00
2004-05-05	1.00
2004-05-06	1.00
2004-05-07	1.00
2004-05-08	1.00
2004-05-09	1.00
2004-05-10	1.00
2004-05-11	1.00
2004-05-12	1.00
2004-05-13	1.00
2004-05-14	1.00
2004-05-15	1.00
2004-05-16	1.00
2004-05-17	1.00
2004-05-18	1.00
2004-05-19	1.00
2004-05-20	1.00
2004-05-21	1.00
2004-05-22	1.00
2004-05-23	1.00
2004-05-24	0.96
2004-05-25	0.96
2004-05-26	0.95
2004-05-27	0.95
2004-05-28	0.95
2004-05-29	0.95
2004-05-30	0.97
2004-05-31	1.00
2004-06-01	1.00
2004-06-02	0.96
2004-06-03	0.96
2004-06-04	1.00
2004-06-05	1.00
2004-06-06	1.00
2004-06-07	0.96
2004-06-08	0.94
2004-06-09	0.93
2004-06-10	1.00
2004-06-11	1.00
2004-06-12	1.00
2004-06-13	0.96
2004-06-14	0.96
2004-06-15	0.95
2004-06-16	0.95
2004-06-17	0.94
2004-06-18	0.93
2004-06-19	0.92
2004-06-20	0.92
2004-06-21	0.95
2004-06-22	0.97
2004-06-23	0.96
2004-06-24	0.92
2004-06-25	0.92
2004-06-26	0.95
2004-06-27	0.96
2004-06-28	0.95
2004-06-29	1.00
2004-06-30	0.97
2004-07-01	0.95
2004-07-02	0.93
2004-07-03	0.91
2004-07-04	0.96
2004-07-05	0.97
2004-07-06	0.96
2004-07-07	0.93
2004-07-08	0.92
2004-07-09	0.93
2004-07-10	0.94
2004-07-11	0.92
2004-07-12	0.95
2004-07-13	0.95
2004-07-14	0.96
2004-07-15	1.00
2004-07-16	0.96
2004-07-17	0.95
2004-07-18	0.96
2004-07-19	1.00
2004-07-20	1.00
2004-07-21	0.96
2004-07-22	0.96
2004-07-23	0.95
2004-07-24	0.95
2004-07-25	0.94
2004-07-26	0.92
2004-07-27	0.92
2004-07-28	0.91
2004-07-29	0.92
2004-07-30	0.93
2004-07-31	0.93
2004-08-01	0.93
2004-08-02	0.93
2004-08-03	0.96
2004-08-04	0.95
2004-08-05	0.93
2004-08-06	0.93
2004-08-07	0.93
2004-08-08	0.96
2004-08-09	0.96
2004-08-10	0.96
2004-08-11	0.95
2004-08-12	0.95
2004-08-13	1.00
2004-08-14	1.00
2004-08-15	0.97
2004-08-16	0.95
2004-08-17	0.95
2004-08-18	0.95
2004-08-19	0.95
2004-08-20	0.95
2004-08-21	0.95
2004-08-22	0.95
2004-08-23	0.95
2004-08-24	0.95
2004-08-25	1.00
2004-08-26	1.00
2004-08-27	0.94
2004-08-28	0.93
2004-08-29	0.93
2004-08-30	0.94
2004-08-31	0.95
2004-09-01	0.95
2004-09-02	0.96
2004-09-03	1.00
2004-09-04	1.00
2004-09-05	0.96
2004-09-06	0.95
2004-09-07	0.94
2004-09-08	0.94
2004-09-09	0.93
2004-09-10	0.95
2004-09-11	1.00
2004-09-12	1.00
2004-09-13	1.00
2004-09-14	0.96
2004-09-15	0.95
2004-09-16	0.94
2004-09-17	0.96
2004-09-18	1.00
2004-09-19	1.00
2004-09-20	1.00
2004-09-21	0.95
2004-09-22	0.95
2004-09-23	0.95
2004-09-24	0.94
2004-09-25	0.94
2004-09-26	0.95
2004-09-27	1.00
2004-09-28	1.00
2004-09-29	1.00
2004-09-30	1.00
2004-10-01	1.00
2004-10-02	1.00
2004-10-03	1.00
2004-10-04	1.00
2004-10-05	1.00
2004-10-06	1.00
2004-10-07	1.00
2004-10-08	1.00
2004-10-09	1.00
2004-10-10	1.00
2004-10-11	1.00
2004-10-12	1.00
2004-10-13	1.00
2004-10-14	1.00
2004-10-15	1.00
2004-10-16	1.00
2004-10-17	1.00
2004-10-18	1.00
2004-10-19	1.00
2004-10-20	1.00
2004-10-21	1.00
2004-10-22	1.00
2004-10-23	1.00
2004-10-24	1.00
2004-10-25	1.00
2004-10-26	1.00
2004-10-27	1.00
2004-10-28	1.00
2004-10-29	1.00
2004-10-30	1.00
2004-10-31	1.00
2004-11-01	1.00
2004-11-02	1.00
2004-11-03	1.00
2004-11-04	1.00
2004-11-05	1.00
2004-11-06	1.00
2004-11-07	1.00
2004-11-08	1.00
2004-11-09	1.00
2004-11-10	1.00
2004-11-11	1.00
2004-11-12	1.00
2004-11-13	1.00
2004-11-14	1.00
2004-11-15	1.00
2004-11-16	1.00
2004-11-17	1.00
2004-11-18	1.00
2004-11-19	1.00
2004-11-20	1.00
2004-11-21	1.00
2004-11-22	1.00
2004-11-23	1.00
2004-11-24	1.00
2004-11-25	1.00
2004-11-26	1.00
2004-11-27	0.96
2004-11-28	1.00
2004-11-29	1.00
2004-11-30	1.00
2004-12-01	1.00
2004-12-02	1.00
2004-12-03	1.00
2004-12-04	1.00
2004-12-05	1.00
2004-12-06	1.00
2004-12-07	1.00
2004-12-08	1.00
2004-12-09	1.00
2004-12-10	1.00
2004-12-11	1.00
2004-12-12	1.00
2004-12-13	1.00
2004-12-14	1.00
2004-12-15	1.00
2004-12-16	1.00
2004-12-17	1.00
2004-12-18	1.00
2004-12-19	1.00
2004-12-20	1.00
2004-12-21	1.00
2004-12-22	1.00
2004-12-23	1.00
2004-12-24	1.00
2004-12-25	1.00
2004-12-26	1.00
2004-12-27	1.00
2004-12-28	1.00
2004-12-29	1.00
2004-12-30	1.00
2004-12-31	1.00
2005-01-01	1.00
2005-01-02	1.00
2005-01-03	1.00
2005-01-04	1.00
2005-01-05	1.00
2005-01-06	1.00
2005-01-07	1.00
2005-01-08	1.00
2005-01-09	1.00
2005-01-10	1.00
2005-01-11	1.00
2005-01-12	1.00
2005-01-13	1.00
2005-01-14	1.00
2005-01-15	1.00
2005-01-16	1.00
2005-01-17	1.00
2005-01-18	1.00
2005-01-19	1.00
2005-01-20	1.00
2005-01-21	1.00
2005-01-22	1.00
2005-01-23	1.00
2005-01-24	1.00
2005-01-25	1.00
2005-01-26	1.00
2005-01-27	1.00
2005-01-28	1.00
2005-01-29	1.00
2005-01-30	1.00
2005-01-31	1.00
2005-02-01	1.00
2005-02-02	1.00
2005-02-03	1.00
2005-02-04	1.00
2005-02-05	1.00
2005-02-06	1.00
2005-02-07	1.00
2005-02-08	1.00
2005-02-09	1.00
2005-02-10	1.00
2005-02-11	1.00
2005-02-12	1.00
2005-02-13	1.00
2005-02-14	1.00
2005-02-15	1.00
2005-02-16	1.00
2005-02-17	1.00
2005-02-18	1.00
2005-02-19	1.00
2005-02-20	1.00
2005-02-21	1.00
2005-02-22	1.00
2005-02-23	1.00
2005-02-24	1.00
2005-02-25	1.00
2005-02-26	1.00
2005-02-27	1.00
2005-02-28	1.00
2005-03-01	1.00
2005-03-02	1.00
2005-03-03	1.00
2005-03-04	1.00
2005-03-05	1.00
2005-03-06	1.00
2005-03-07	1.00
2005-03-08	1.00
2005-03-09	1.00
2005-03-10	1.00
2005-03-11	1.00
2005-03-12	1.00
2005-03-13	1.00
2005-03-14	1.00
2005-03-15	1.00
2005-03-16	1.00
2005-03-17	1.00
2005-03-18	1.00
2005-03-19	1.00
2005-03-20	1.00
2005-03-21	1.00
2005-03-22	1.00
2005-03-23	1.00
2005-03-24	1.00
2005-03-25	1.00
2005-03-26	1.00
2005-03-27	1.00
2005-03-28	1.00
2005-03-29	1.00
2005-03-30	1.00
2005-03-31	1.00
2005-04-01	1.00
2005-04-02	1.00
2005-04-03	1.00
2005-04-04	1.00
2005-04-05	1.00
2005-04-06	1.00
2005-04-07	1.00
2005-04-08	1.00
2005-04-09	1.00
2005-04-10	1.00
2005-04-11	1.00
2005-04-12	1.00
2005-04-13	1.00
2005-04-14	1.00
2005-04-15	1.00
2005-04-16	1.00
2005-04-17	1.00
2005-04-18	1.00
2005-04-19	1.00
2005-04-20	1.00
2005-04-21	1.00
2005-04-22	1.00
2005-04-23	1.00
2005-04-24	1.00
2005-04-25	1.00
2005-04-26	1.00
2005-04-27	1.00
2005-04-28	1.00
2005-04-29	1.00
2005-04-30	1.00
2005-05-01	1.00
2005-05-02	1.00
2005-05-03	1.00
2005-05-04	1.00
2005-05-05	1.00
2005-05-06	0.97
2005-05-07	1.00
2005-05-08	1.00
2005-05-09	1.00
2005-05-10	1.00
2005-05-11	1.00
2005-05-12	1.00
2005-05-13	1.00
2005-05-14	1.00
2005-05-15	1.00
2005-05-16	1.00
2005-05-17	1.00
2005-05-18	1.00
2005-05-19	1.00
2005-05-20	0.96
2005-05-21	0.94
2005-05-22	0.94
2005-05-23	0.95
2005-05-24	0.95
2005-05-25	0.96
2005-05-26	0.95
2005-05-27	0.95
2005-05-28	1.00
2005-05-29	1.00
2005-05-30	1.00
2005-05-31	1.00
2005-06-01	1.00
2005-06-02	0.96
2005-06-03	0.95
2005-06-04	0.95
2005-06-05	0.93
2005-06-06	0.93
2005-06-07	1.00
2005-06-08	1.00
2005-06-09	1.00
2005-06-10	1.00
2005-06-11	1.00
2005-06-12	1.00
2005-06-13	1.00
2005-06-14	1.00
2005-06-15	1.00
2005-06-16	1.00
2005-06-17	1.00
2005-06-18	0.96
2005-06-19	0.95
2005-06-20	0.94
2005-06-21	0.92
2005-06-22	0.92
2005-06-23	0.92
2005-06-24	0.92
2005-06-25	0.92
2005-06-26	0.95
2005-06-27	1.00
2005-06-28	1.00
2005-06-29	1.00
2005-06-30	0.96
2005-07-01	0.95
2005-07-02	0.93
2005-07-03	0.93
2005-07-04	0.91
2005-07-05	0.92
2005-07-06	0.93
2005-07-07	0.93
2005-07-08	0.92
2005-07-09	0.92
2005-07-10	0.95
2005-07-11	0.95
2005-07-12	0.95
2005-07-13	1.00
2005-07-14	0.97
2005-07-15	0.96
2005-07-16	0.93
2005-07-17	0.92
2005-07-18	0.92
2005-07-19	0.92
2005-07-20	0.92
2005-07-21	0.92
2005-07-22	0.91
2005-07-23	0.92
2005-07-24	0.92
2005-07-25	0.95
2005-07-26	1.00
2005-07-27	0.96
2005-07-28	0.95
2005-07-29	0.93
2005-07-30	0.93
2005-07-31	0.92
2005-08-01	0.92
2005-08-02	0.93
2005-08-03	1.00
2005-08-04	1.00
2005-08-05	1.00
2005-08-06	0.96
2005-08-07	0.96
2005-08-08	0.94
2005-08-09	0.93
2005-08-10	0.93
2005-08-11	0.93
2005-08-12	0.93
2005-08-13	0.92
2005-08-14	0.92
2005-08-15	0.92
2005-08-16	0.92
2005-08-17	0.92
2005-08-18	0.93
2005-08-19	0.92
2005-08-20	0.91
2005-08-21	0.92
2005-08-22	0.92
2005-08-23	0.91
2005-08-24	0.92
2005-08-25	1.00
2005-08-26	1.00
2005-08-27	1.00
2005-08-28	0.95
2005-08-29	0.95
2005-08-30	0.94
2005-08-31	0.93
2005-09-01	0.93
2005-09-02	0.93
2005-09-03	0.93
2005-09-04	0.93
2005-09-05	0.92
2005-09-06	0.93
2005-09-07	0.93
2005-09-08	0.94
2005-09-09	0.96
2005-09-10	0.96
2005-09-11	0.95
2005-09-12	0.93
2005-09-13	0.93
2005-09-14	0.94
2005-09-15	0.95
2005-09-16	0.95
2005-09-17	0.95
2005-09-18	0.96
2005-09-19	0.95
2005-09-20	0.95
2005-09-21	1.00
2005-09-22	0.96
2005-09-23	0.95
2005-09-24	0.96
2005-09-25	1.00
2005-09-26	1.00
2005-09-27	1.00
2005-09-28	1.00
2005-09-29	1.00
2005-09-30	1.00
2005-10-01	0.96
2005-10-02	1.00
2005-10-03	1.00
2005-10-04	1.00
2005-10-05	1.00
2005-10-06	1.00
2005-10-07	1.00
2005-10-08	1.00
2005-10-09	0.97
2005-10-10	1.00
2005-10-11	1.00
2005-10-12	1.00
2005-10-13	1.00
2005-10-14	1.00
2005-10-15	1.00
2005-10-16	1.00
2005-10-17	1.00
2005-10-18	1.00
2005-10-19	1.00
2005-10-20	1.00
2005-10-21	1.00
2005-10-22	1.00
2005-10-23	1.00
2005-10-24	1.00
2005-10-25	1.00
2005-10-26	1.00
2005-10-27	1.00
2005-10-28	1.00
2005-10-29	1.00
2005-10-30	1.00
2005-10-31	1.00
2005-11-01	1.00
2005-11-02	1.00
2005-11-03	1.00
2005-11-04	1.00
2005-11-05	1.00
2005-11-06	1.00
2005-11-07	1.00
2005-11-08	1.00
2005-11-09	1.00
2005-11-10	1.00
2005-11-11	1.00
2005-11-12	1.00
2005-11-13	1.00
2005-11-14	0.96
2005-11-15	0.96
2005-11-16	0.96
2005-11-17	0.96
2005-11-18	1.00
2005-11-19	1.00
2005-11-20	1.00
2005-11-21	1.00
2005-11-22	1.00
2005-11-23	1.00
2005-11-24	1.00
2005-11-25	1.00
2005-11-26	1.00
2005-11-27	1.00
2005-11-28	1.00
2005-11-29	1.00
2005-11-30	1.00
2005-12-01	1.00
2005-12-02	1.00
2005-12-03	1.00
2005-12-04	1.00
2005-12-05	1.00
2005-12-06	1.00
2005-12-07	1.00
2005-12-08	1.00
2005-12-09	1.00
2005-12-10	1.00
2005-12-11	1.00
2005-12-12	1.00
2005-12-13	1.00
2005-12-14	1.00
2005-12-15	1.00
2005-12-16	1.00
2005-12-17	1.00
2005-12-18	1.00
2005-12-19	1.00
2005-12-20	1.00
2005-12-21	1.00
2005-12-22	1.00
2005-12-23	1.00
2005-12-24	1.00
2005-12-25	1.00
2005-12-26	1.00
2005-12-27	1.00
2005-12-28	1.00
2005-12-29	1.00
2005-12-30	1.00
2005-12-31	1.00
2006-01-01	1.00
2006-01-02	1.00
2006-01-03	1.00
2006-01-04	1.00
2006-01-05	1.00
2006-01-06	1.00
2006-01-07	1.00
2006-01-08	1.00
2006-01-09	1.00
2006-01-10	1.00
2006-01-11	1.00
2006-01-12	1.00
2006-01-13	1.00
2006-01-14	1.00
2006-01-15	1.00
2006-01-16	1.00
2006-01-17	1.00
2006-01-18	1.00
2006-01-19	1.00
2006-01-20	1.00
2006-01-21	1.00
2006-01-22	1.00
2006-01-23	1.00
2006-01-24	1.00
2006-01-25	1.00
2006-01-26	1.00
2006-01-27	1.00
2006-01-28	1.00
2006-01-29	1.00
2006-01-30	1.00
2006-01-31	1.00
2006-02-01	1.00
2006-02-02	1.00
2006-02-03	1.00
2006-02-04	1.00
2006-02-05	1.00
2006-02-06	1.00
2006-02-07	1.00
2006-02-08	1.00
2006-02-09	1.00
2006-02-10	1.00
2006-02-11	1.00
2006-02-12	1.00
2006-02-13	1.00
2006-02-14	1.00
2006-02-15	1.00
2006-02-16	1.00
2006-02-17	1.00
2006-02-18	1.00
2006-02-19	1.00
2006-02-20	1.00
2006-02-21	1.00
2006-02-22	1.00
2006-02-23	1.00
2006-02-24	1.00
2006-02-25	1.00
2006-02-26	1.00
2006-02-27	1.00
2006-02-28	1.00
2006-03-01	1.00
2006-03-02	1.00
2006-03-03	1.00
2006-03-04	1.00
2006-03-05	1.00
2006-03-06	1.00
2006-03-07	1.00
2006-03-08	1.00
2006-03-09	1.00
2006-03-10	1.00
2006-03-11	1.00
2006-03-12	1.00
2006-03-13	1.00
2006-03-14	1.00
2006-03-15	1.00
2006-03-16	1.00
2006-03-17	1.00
2006-03-18	1.00
2006-03-19	1.00
2006-03-20	1.00
2006-03-21	1.00
2006-03-22	1.00
2006-03-23	1.00
2006-03-24	1.00
2006-03-25	1.00
2006-03-26	1.00
2006-03-27	1.00
2006-03-28	1.00
2006-03-29	1.00
2006-03-30	1.00
2006-03-31	1.00
2006-04-01	1.00
2006-04-02	1.00
2006-04-03	1.00
2006-04-04	1.00
2006-04-05	1.00
2006-04-06	1.00
2006-04-07	1.00
2006-04-08	1.00
2006-04-09	1.00
2006-04-10	1.00
2006-04-11	1.00
2006-04-12	1.00
2006-04-13	1.00
2006-04-14	1.00
2006-04-15	1.00
2006-04-16	1.00
2006-04-17	1.00
2006-04-18	1.00
2006-04-19	1.00
2006-04-20	1.00
2006-04-21	1.00
2006-04-22	1.00
2006-04-23	1.00
2006-04-24	1.00
2006-04-25	1.00
2006-04-26	1.00
2006-04-27	1.00
2006-04-28	1.00
2006-04-29	1.00
2006-04-30	1.00
2006-05-01	1.00
2006-05-02	1.00
2006-05-03	1.00
2006-05-04	1.00
2006-05-05	1.00
2006-05-06	1.00
2006-05-07	1.00
2006-05-08	1.00
2006-05-09	0.97
2006-05-10	0.97
2006-05-11	0.97
2006-05-12	0.96
2006-05-13	1.00
2006-05-14	1.00
2006-05-15	1.00
2006-05-16	1.00
2006-05-17	1.00
2006-05-18	1.00
2006-05-19	1.00
2006-05-20	1.00
2006-05-21	1.00
2006-05-22	0.96
2006-05-23	0.96
2006-05-24	0.96
2006-05-25	0.95
2006-05-26	0.95
2006-05-27	0.95
2006-05-28	0.95
2006-05-29	0.95
2006-05-30	0.94
2006-05-31	0.94
2006-06-01	0.93
2006-06-02	0.93
2006-06-03	0.94
2006-06-04	0.94
2006-06-05	0.94
2006-06-06	0.94
2006-06-07	1.00
2006-06-08	1.00
2006-06-09	0.96
2006-06-10	0.95
2006-06-11	0.94
2006-06-12	0.93
2006-06-13	0.95
2006-06-14	1.00
2006-06-15	1.00
2006-06-16	0.96
2006-06-17	0.95
2006-06-18	0.94
2006-06-19	0.94
2006-06-20	0.93
2006-06-21	0.94
2006-06-22	0.94
2006-06-23	0.95
2006-06-24	0.94
2006-06-25	0.95
2006-06-26	1.00
2006-06-27	0.97
2006-06-28	1.00
2006-06-29	1.00
2006-06-30	0.97
2006-07-01	0.94
2006-07-02	0.93
2006-07-03	0.96
2006-07-04	0.94
2006-07-05	0.93
2006-07-06	0.91
2006-07-07	0.94
2006-07-08	0.94
2006-07-09	0.94
2006-07-10	0.95
2006-07-11	0.95
2006-07-12	0.94
2006-07-13	0.93
2006-07-14	0.93
2006-07-15	0.92
2006-07-16	0.91
2006-07-17	0.92
2006-07-18	0.93
2006-07-19	0.92
2006-07-20	0.92
2006-07-21	0.91
2006-07-22	0.91
2006-07-23	0.91
2006-07-24	0.92
2006-07-25	0.92
2006-07-26	0.91
2006-07-27	0.91
2006-07-28	0.91
2006-07-29	0.91
2006-07-30	0.91
2006-07-31	0.91
2006-08-01	0.95
2006-08-02	0.95
2006-08-03	0.93
2006-08-04	0.93
2006-08-05	0.94
2006-08-06	0.95
2006-08-07	0.96
2006-08-08	1.00
2006-08-09	0.97
2006-08-10	0.96
2006-08-11	1.00
2006-08-12	1.00
2006-08-13	1.00
2006-08-14	0.96
2006-08-15	0.93
2006-08-16	0.95
2006-08-17	1.00
2006-08-18	1.00
2006-08-19	0.97
2006-08-20	1.00
2006-08-21	1.00
2006-08-22	0.96
2006-08-23	0.96
2006-08-24	0.97
2006-08-25	1.00
2006-08-26	1.00
2006-08-27	0.95
2006-08-28	0.93
2006-08-29	0.93
2006-08-30	0.93
2006-08-31	0.93
2006-09-01	0.95
2006-09-02	0.94
2006-09-03	0.94
2006-09-04	0.93
2006-09-05	0.92
2006-09-06	0.93
2006-09-07	0.93
2006-09-08	0.94
2006-09-09	0.93
2006-09-10	0.93
2006-09-11	0.93
2006-09-12	1.00
2006-09-13	1.00
2006-09-14	0.97
2006-09-15	0.95
2006-09-16	0.94
2006-09-17	0.96
2006-09-18	1.00
2006-09-19	1.00
2006-09-20	1.00
2006-09-21	0.95
2006-09-22	0.94
2006-09-23	0.93
2006-09-24	0.93
2006-09-25	0.93
2006-09-26	1.00
2006-09-27	1.00
2006-09-28	1.00
2006-09-29	0.97
2006-09-30	0.95
2006-10-01	0.93
2006-10-02	0.94
2006-10-03	0.95
2006-10-04	0.94
2006-10-05	0.96
2006-10-06	0.96
2006-10-07	0.96
2006-10-08	0.97
2006-10-09	0.96
2006-10-10	0.97
2006-10-11	0.96
2006-10-12	0.94
2006-10-13	1.00
2006-10-14	1.00
2006-10-15	1.00
2006-10-16	1.00
2006-10-17	1.00
2006-10-18	1.00
2006-10-19	0.97
2006-10-20	1.00
2006-10-21	1.00
2006-10-22	1.00
2006-10-23	1.00
2006-10-24	1.00
2006-10-25	1.00
2006-10-26	1.00
2006-10-27	1.00
2006-10-28	1.00
2006-10-29	1.00
2006-10-30	1.00
2006-10-31	1.00
2006-11-01	1.00
2006-11-02	1.00
2006-11-03	1.00
2006-11-04	1.00
2006-11-05	1.00
2006-11-06	1.00
2006-11-07	1.00
2006-11-08	1.00
2006-11-09	1.00
2006-11-10	1.00
2006-11-11	1.00
2006-11-12	1.00
2006-11-13	1.00
2006-11-14	1.00
2006-11-15	1.00
2006-11-16	1.00
2006-11-17	1.00
2006-11-18	1.00
2006-11-19	1.00
2006-11-20	1.00
2006-11-21	1.00
2006-11-22	1.00
2006-11-23	1.00
2006-11-24	1.00
2006-11-25	1.00
2006-11-26	1.00
2006-11-27	1.00
2006-11-28	1.00
2006-11-29	1.00
2006-11-30	1.00
2006-12-01	1.00
2006-12-02	1.00
2006-12-03	1.00
2006-12-04	1.00
2006-12-05	1.00
2006-12-06	1.00
2006-12-07	1.00
2006-12-08	1.00
2006-12-09	1.00
2006-12-10	1.00
2006-12-11	1.00
2006-12-12	1.00
2006-12-13	1.00
2006-12-14	1.00
2006-12-15	1.00
2006-12-16	1.00
2006-12-17	1.00
2006-12-18	1.00
2006-12-19	1.00
2006-12-20	1.00
2006-12-21	1.00
2006-12-22	1.00
2006-12-23	1.00
2006-12-24	1.00
2006-12-25	1.00
2006-12-26	1.00
2006-12-27	1.00
2006-12-28	1.00
2006-12-29	1.00
2006-12-30	1.00
2006-12-31	1.00
2007-01-01	1.00
2007-01-02	1.00
2007-01-03	1.00
2007-01-04	1.00
2007-01-05	1.00
2007-01-06	1.00
2007-01-07	1.00
2007-01-08	1.00
2007-01-09	1.00
2007-01-10	1.00
2007-01-11	1.00
2007-01-12	1.00
2007-01-13	1.00
2007-01-14	1.00
2007-01-15	1.00
2007-01-16	1.00
2007-01-17	1.00
2007-01-18	1.00
2007-01-19	1.00
2007-01-20	1.00
2007-01-21	1.00
2007-01-22	1.00
2007-01-23	1.00
2007-01-24	1.00
2007-01-25	1.00
2007-01-26	1.00
2007-01-27	1.00
2007-01-28	1.00
2007-01-29	1.00
2007-01-30	1.00
2007-01-31	1.00
2007-02-01	1.00
2007-02-02	1.00
2007-02-03	1.00
2007-02-04	1.00
2007-02-05	1.00
2007-02-06	1.00
2007-02-07	1.00
2007-02-08	1.00
2007-02-09	1.00
2007-02-10	1.00
2007-02-11	1.00
2007-02-12	1.00
2007-02-13	1.00
2007-02-14	1.00
2007-02-15	1.00
2007-02-16	1.00
2007-02-17	1.00
2007-02-18	1.00
2007-02-19	1.00
2007-02-20	1.00
2007-02-21	1.00
2007-02-22	1.00
2007-02-23	1.00
2007-02-24	1.00
2007-02-25	1.00
2007-02-26	1.00
2007-02-27	1.00
2007-02-28	1.00
2007-03-01	1.00
2007-03-02	1.00
2007-03-03	1.00
2007-03-04	1.00
2007-03-05	1.00
2007-03-06	1.00
2007-03-07	1.00
2007-03-08	1.00
2007-03-09	1.00
2007-03-10	1.00
2007-03-11	1.00
2007-03-12	1.00
2007-03-13	1.00
2007-03-14	1.00
2007-03-15	1.00
2007-03-16	1.00
2007-03-17	1.00
2007-03-18	1.00
2007-03-19	1.00
2007-03-20	1.00
2007-03-21	1.00
2007-03-22	1.00
2007-03-23	1.00
2007-03-24	1.00
2007-03-25	1.00
2007-03-26	1.00
2007-03-27	1.00
2007-03-28	1.00
2007-03-29	1.00
2007-03-30	1.00
2007-03-31	1.00
2007-04-01	1.00
2007-04-02	1.00
2007-04-03	1.00
2007-04-04	1.00
2007-04-05	1.00
2007-04-06	1.00
2007-04-07	1.00
2007-04-08	1.00
2007-04-09	1.00
2007-04-10	1.00
2007-04-11	1.00
2007-04-12	1.00
2007-04-13	1.00
2007-04-14	1.00
2007-04-15	1.00
2007-04-16	1.00
2007-04-17	1.00
2007-04-18	1.00
2007-04-19	1.00
2007-04-20	1.00
2007-04-21	1.00
2007-04-22	1.00
2007-04-23	1.00
2007-04-24	1.00
2007-04-25	1.00
2007-04-26	1.00
2007-04-27	1.00
2007-04-28	1.00
2007-04-29	1.00
2007-04-30	1.00
2007-05-01	1.00
2007-05-02	1.00
2007-05-03	1.00
2007-05-04	1.00
2007-05-05	1.00
2007-05-06	1.00
2007-05-07	1.00
2007-05-08	1.00
2007-05-09	1.00
2007-05-10	1.00
2007-05-11	1.00
2007-05-12	1.00
2007-05-13	1.00
2007-05-14	1.00
2007-05-15	1.00
2007-05-16	1.00
2007-05-17	1.00
2007-05-18	1.00
2007-05-19	1.00
2007-05-20	1.00
2007-05-21	1.00
2007-05-22	1.00
2007-05-23	0.96
2007-05-24	0.95
2007-05-25	0.95
2007-05-26	0.94
2007-05-27	1.00
2007-05-28	1.00
2007-05-29	1.00
2007-05-30	0.96
2007-05-31	0.94
2007-06-01	0.94
2007-06-02	0.94
2007-06-03	0.94
2007-06-04	0.93
2007-06-05	0.95
2007-06-06	0.95
2007-06-07	1.00
2007-06-08	1.00
2007-06-09	1.00
2007-06-10	0.97
2007-06-11	0.97
2007-06-12	0.96
2007-06-13	0.95
2007-06-14	0.95
2007-06-15	1.00
2007-06-16	1.00
2007-06-17	1.00
2007-06-18	1.00
2007-06-19	1.00
2007-06-20	0.95
2007-06-21	0.93
2007-06-22	0.96
2007-06-23	0.96
2007-06-24	0.96
2007-06-25	0.95
2007-06-26	0.94
2007-06-27	0.93
2007-06-28	0.91
2007-06-29	0.91
2007-06-30	0.92
2007-07-01	0.96
2007-07-02	0.96
2007-07-03	0.93
2007-07-04	0.91
2007-07-05	0.91
2007-07-06	0.93
2007-07-07	0.93
2007-07-08	0.92
2007-07-09	0.90
2007-07-10	0.91
2007-07-11	0.92
2007-07-12	0.91
2007-07-13	0.94
2007-07-14	0.96
2007-07-15	0.97
2007-07-16	0.96
2007-07-17	0.95
2007-07-18	0.95
2007-07-19	1.00
2007-07-20	0.96
2007-07-21	0.95
2007-07-22	0.95
2007-07-23	0.94
2007-07-24	0.92
2007-07-25	0.92
2007-07-26	0.92
2007-07-27	0.92
2007-07-28	0.93
2007-07-29	0.93
2007-07-30	0.93
2007-07-31	0.93
2007-08-01	0.92
2007-08-02	0.92
2007-08-03	0.93
2007-08-04	0.95
2007-08-05	1.00
2007-08-06	1.00
2007-08-07	0.96
2007-08-08	0.95
2007-08-09	0.94
2007-08-10	0.94
2007-08-11	0.92
2007-08-12	0.92
2007-08-13	0.95
2007-08-14	0.96
2007-08-15	0.96
2007-08-16	0.95
2007-08-17	0.96
2007-08-18	0.96
2007-08-19	0.95
2007-08-20	0.94
2007-08-21	0.93
2007-08-22	0.94
2007-08-23	0.94
2007-08-24	0.93
2007-08-25	0.92
2007-08-26	0.96
2007-08-27	1.00
2007-08-28	0.96
2007-08-29	0.93
2007-08-30	0.94
2007-08-31	0.95
2007-09-01	0.96
2007-09-02	1.00
2007-09-03	1.00
2007-09-04	0.96
2007-09-05	0.95
2007-09-06	1.00
2007-09-07	0.96
2007-09-08	0.93
2007-09-09	0.93
2007-09-10	0.92
2007-09-11	0.93
2007-09-12	0.93
2007-09-13	0.93
2007-09-14	0.93
2007-09-15	0.93
2007-09-16	0.93
2007-09-17	0.93
2007-09-18	1.00
2007-09-19	1.00
2007-09-20	0.95
2007-09-21	0.93
2007-09-22	0.97
2007-09-23	1.00
2007-09-24	1.00
2007-09-25	1.00
2007-09-26	1.00
2007-09-27	1.00
2007-09-28	1.00
2007-09-29	0.96
2007-09-30	0.96
2007-10-01	1.00
2007-10-02	1.00
2007-10-03	0.96
2007-10-04	1.00
2007-10-05	1.00
2007-10-06	1.00
2007-10-07	1.00
2007-10-08	1.00
2007-10-09	1.00
2007-10-10	1.00
2007-10-11	1.00
2007-10-12	1.00
2007-10-13	1.00
2007-10-14	1.00
2007-10-15	1.00
2007-10-16	0.96
2007-10-17	0.96
2007-10-18	1.00
2007-10-19	1.00
2007-10-20	0.96
2007-10-21	1.00
2007-10-22	1.00
2007-10-23	1.00
2007-10-24	0.96
2007-10-25	1.00
2007-10-26	1.00
2007-10-27	1.00
2007-10-28	1.00
2007-10-29	1.00
2007-10-30	1.00
2007-10-31	1.00
2007-11-01	1.00
2007-11-02	1.00
2007-11-03	1.00
2007-11-04	0.96
2007-11-05	1.00
2007-11-06	1.00
2007-11-07	1.00
2007-11-08	1.00
2007-11-09	1.00
2007-11-10	1.00
2007-11-11	1.00
2007-11-12	1.00
2007-11-13	1.00
2007-11-14	1.00
2007-11-15	1.00
2007-11-16	1.00
2007-11-17	1.00
2007-11-18	1.00
2007-11-19	1.00
2007-11-20	1.00
2007-11-21	1.00
2007-11-22	1.00
2007-11-23	1.00
2007-11-24	1.00
2007-11-25	1.00
2007-11-26	1.00
2007-11-27	1.00
2007-11-28	1.00
2007-11-29	1.00
2007-11-30	1.00
2007-12-01	1.00
2007-12-02	1.00
2007-12-03	1.00
2007-12-04	1.00
2007-12-05	1.00
2007-12-06	1.00
2007-12-07	1.00
2007-12-08	1.00
2007-12-09	1.00
2007-12-10	1.00
2007-12-11	1.00
2007-12-12	1.00
2007-12-13	1.00
2007-12-14	1.00
2007-12-15	1.00
2007-12-16	1.00
2007-12-17	1.00
2007-12-18	1.00
2007-12-19	1.00
2007-12-20	1.00
2007-12-21	1.00
2007-12-22	1.00
2007-12-23	1.00
2007-12-24	1.00
2007-12-25	1.00
2007-12-26	1.00
2007-12-27	1.00
2007-12-28	1.00
2007-12-29	1.00
2007-12-30	1.00
2007-12-31	1.00
2008-01-01	1.00
2008-01-02	1.00
2008-01-03	1.00
2008-01-04	1.00
2008-01-05	1.00
2008-01-06	1.00
2008-01-07	1.00
2008-01-08	1.00
2008-01-09	1.00
2008-01-10	1.00
2008-01-11	1.00
2008-01-12	1.00
2008-01-13	1.00
2008-01-14	1.00
2008-01-15	1.00
2008-01-16	1.00
2008-01-17	1.00
2008-01-18	1.00
2008-01-19	1.00
2008-01-20	1.00
2008-01-21	1.00
2008-01-22	1.00
2008-01-23	1.00
2008-01-24	1.00
2008-01-25	1.00
2008-01-26	1.00
2008-01-27	1.00
2008-01-28	1.00
2008-01-29	1.00
2008-01-30	1.00
2008-01-31	1.00
2008-02-01	1.00
2008-02-02	1.00
2008-02-03	1.00
2008-02-04	1.00
2008-02-05	1.00
2008-02-06	1.00
2008-02-07	1.00
2008-02-08	1.00
2008-02-09	1.00
2008-02-10	0.97
2008-02-11	1.00
2008-02-12	1.00
2008-02-13	1.00
2008-02-14	1.00
2008-02-15	1.00
2008-02-16	1.00
2008-02-17	1.00
2008-02-18	1.00
2008-02-19	1.00
2008-02-20	1.00
2008-02-21	1.00
2008-02-22	1.00
2008-02-23	1.00
2008-02-24	1.00
2008-02-25	1.00
2008-02-26	1.00
2008-02-27	1.00
2008-02-28	1.00
2008-02-29	1.00
2008-03-01	1.00
2008-03-02	1.00
2008-03-03	1.00
2008-03-04	1.00
2008-03-05	1.00
2008-03-06	1.00
2008-03-07	1.00
2008-03-08	1.00
2008-03-09	1.00
2008-03-10	1.00
2008-03-11	1.00
2008-03-12	1.00
2008-03-13	1.00
2008-03-14	1.00
2008-03-15	1.00
2008-03-16	1.00
2008-03-17	1.00
2008-03-18	1.00
2008-03-19	1.00
2008-03-20	1.00
2008-03-21	1.00
2008-03-22	1.00
2008-03-23	1.00
2008-03-24	1.00
2008-03-25	1.00
2008-03-26	1.00
2008-03-27	1.00
2008-03-28	1.00
2008-03-29	1.00
2008-03-30	1.00
2008-03-31	1.00
2008-04-01	1.00
2008-04-02	1.00
2008-04-03	1.00
2008-04-04	1.00
2008-04-05	1.00
2008-04-06	1.00
2008-04-07	1.00
2008-04-08	1.00
2008-04-09	1.00
2008-04-10	1.00
2008-04-11	1.00
2008-04-12	1.00
2008-04-13	1.00
2008-04-14	1.00
2008-04-15	1.00
2008-04-16	1.00
2008-04-17	1.00
2008-04-18	1.00
2008-04-19	1.00
2008-04-20	0.97
2008-04-21	1.00
2008-04-22	1.00
2008-04-23	0.97
2008-04-24	1.00
2008-04-25	1.00
2008-04-26	1.00
2008-04-27	1.00
2008-04-28	1.00
2008-04-29	1.00
2008-04-30	1.00
2008-05-01	1.00
2008-05-02	1.00
2008-05-03	1.00
2008-05-04	1.00
2008-05-05	0.96
2008-05-06	1.00
2008-05-07	1.00
2008-05-08	1.00
2008-05-09	1.00
2008-05-10	1.00
2008-05-11	1.00
2008-05-12	0.96
2008-05-13	0.96
2008-05-14	0.95
2008-05-15	0.95
2008-05-16	0.95
2008-05-17	1.00
2008-05-18	1.00
2008-05-19	1.00
2008-05-20	0.96
2008-05-21	1.00
2008-05-22	1.00
2008-05-23	1.00
2008-05-24	1.00
2008-05-25	1.00
2008-05-26	1.00
2008-05-27	0.97
2008-05-28	0.96
2008-05-29	1.00
2008-05-30	1.00
2008-05-31	1.00
2008-06-01	1.00
2008-06-02	1.00
2008-06-03	0.95
2008-06-04	0.95
2008-06-05	0.95
2008-06-06	0.97
2008-06-07	0.96
2008-06-08	0.96
2008-06-09	0.94
2008-06-10	0.93
2008-06-11	0.93
2008-06-12	0.92
2008-06-13	0.92
2008-06-14	0.92
2008-06-15	0.94
2008-06-16	0.96
2008-06-17	0.96
2008-06-18	0.95
2008-06-19	0.93
2008-06-20	0.96
2008-06-21	1.00
2008-06-22	1.00
2008-06-23	0.96
2008-06-24	0.95
2008-06-25	0.96
2008-06-26	0.96
2008-06-27	0.95
2008-06-28	0.96
2008-06-29	0.96
2008-06-30	0.93
2008-07-01	0.91
2008-07-02	0.91
2008-07-03	0.91
2008-07-04	0.90
2008-07-05	0.91
2008-07-06	0.92
2008-07-07	0.92
2008-07-08	0.93
2008-07-09	0.95
2008-07-10	0.93
2008-07-11	0.91
2008-07-12	0.91
2008-07-13	0.93
2008-07-14	0.95
2008-07-15	0.95
2008-07-16	0.94
2008-07-17	0.93
2008-07-18	0.92
2008-07-19	0.93
2008-07-20	0.93
2008-07-21	0.92
2008-07-22	0.92
2008-07-23	0.91
2008-07-24	0.91
2008-07-25	0.91
2008-07-26	0.91
2008-07-27	0.92
2008-07-28	0.92
2008-07-29	0.92
2008-07-30	0.93
2008-07-31	0.95
2008-08-01	0.96
2008-08-02	0.95
2008-08-03	0.95
2008-08-04	0.95
2008-08-05	0.95
2008-08-06	0.92
2008-08-07	0.93
2008-08-08	0.93
2008-08-09	0.95
2008-08-10	0.93
2008-08-11	0.93
2008-08-12	0.92
2008-08-13	0.92
2008-08-14	1.00
2008-08-15	1.00
2008-08-16	1.00
2008-08-17	1.00
2008-08-18	0.96
2008-08-19	0.93
2008-08-20	0.93
2008-08-21	0.92
2008-08-22	0.94
2008-08-23	0.96
2008-08-24	1.00
2008-08-25	1.00
2008-08-26	1.00
2008-08-27	0.97
2008-08-28	0.97
2008-08-29	0.96
2008-08-30	0.96
2008-08-31	0.96
2008-09-01	0.96
2008-09-02	0.95
2008-09-03	0.93
2008-09-04	0.93
2008-09-05	0.93
2008-09-06	0.96
2008-09-07	1.00
2008-09-08	0.96
2008-09-09	0.94
2008-09-10	0.92
2008-09-11	0.92
2008-09-12	0.93
2008-09-13	0.92
2008-09-14	0.93
2008-09-15	0.95
2008-09-16	0.96
2008-09-17	0.94
2008-09-18	0.92
2008-09-19	0.91
2008-09-20	0.92
2008-09-21	0.95
2008-09-22	0.96
2008-09-23	0.96
2008-09-24	1.00
2008-09-25	1.00
2008-09-26	1.00
2008-09-27	1.00
2008-09-28	1.00
2008-09-29	0.96
2008-09-30	0.97
2008-10-01	1.00
2008-10-02	1.00
2008-10-03	1.00
2008-10-04	0.96
2008-10-05	0.96
2008-10-06	1.00
2008-10-07	1.00
2008-10-08	1.00
2008-10-09	1.00
2008-10-10	1.00
2008-10-11	1.00
2008-10-12	1.00
2008-10-13	1.00
2008-10-14	1.00
2008-10-15	1.00
2008-10-16	1.00
2008-10-17	0.96
2008-10-18	1.00
2008-10-19	1.00
2008-10-20	1.00
2008-10-21	0.95
2008-10-22	0.96
2008-10-23	0.94
2008-10-24	1.00
2008-10-25	1.00
2008-10-26	0.95
2008-10-27	1.00
2008-10-28	1.00
2008-10-29	0.94
2008-10-30	0.92
2008-10-31	0.91
2008-11-01	0.93
2008-11-02	1.00
2008-11-03	1.00
2008-11-04	1.00
2008-11-05	1.00
2008-11-06	1.00
2008-11-07	1.00
2008-11-08	1.00
2008-11-09	1.00
2008-11-10	1.00
2008-11-11	1.00
2008-11-12	1.00
2008-11-13	1.00
2008-11-14	1.00
2008-11-15	1.00
2008-11-16	1.00
2008-11-17	1.00
2008-11-18	1.00
2008-11-19	1.00
2008-11-20	1.00
2008-11-21	1.00
2008-11-22	1.00
2008-11-23	1.00
2008-11-24	1.00
2008-11-25	1.00
2008-11-26	1.00
2008-11-27	1.00
2008-11-28	1.00
2008-11-29	1.00
2008-11-30	1.00
2008-12-01	1.00
2008-12-02	1.00
2008-12-03	1.00
2008-12-04	1.00
2008-12-05	1.00
2008-12-06	1.00
2008-12-07	1.00
2008-12-08	1.00
2008-12-09	1.00
2008-12-10	1.00
2008-12-11	1.00
2008-12-12	1.00
2008-12-13	1.00
2008-12-14	1.00
2008-12-15	1.00
2008-12-16	1.00
2008-12-17	1.00
2008-12-18	1.00
2008-12-19	1.00
2008-12-20	1.00
2008-12-21	1.00
2008-12-22	1.00
2008-12-23	1.00
2008-12-24	1.00
2008-12-25	1.00
2008-12-26	1.00
2008-12-27	1.00
2008-12-28	1.00
2008-12-29	1.00
2008-12-30	1.00
2008-12-31	1.00
2009-01-01	1.00
2009-01-02	1.00
2009-01-03	1.00
2009-01-04	1.00
2009-01-05	1.00
2009-01-06	1.00
2009-01-07	1.00
2009-01-08	1.00
2009-01-09	1.00
2009-01-10	1.00
2009-01-11	1.00
2009-01-12	1.00
2009-01-13	1.00
2009-01-14	1.00
2009-01-15	1.00
2009-01-16	1.00
2009-01-17	1.00
2009-01-18	1.00
2009-01-19	1.00
2009-01-20	1.00
2009-01-21	1.00
2009-01-22	1.00
2009-01-23	1.00
2009-01-24	1.00
2009-01-25	1.00
2009-01-26	1.00
2009-01-27	1.00
2009-01-28	1.00
2009-01-29	1.00
2009-01-30	1.00
2009-01-31	1.00
2009-02-01	1.00
2009-02-02	1.00
2009-02-03	1.00
2009-02-04	1.00
2009-02-05	1.00
2009-02-06	1.00
2009-02-07	1.00
2009-02-08	1.00
2009-02-09	1.00
2009-02-10	1.00
2009-02-11	1.00
2009-02-12	1.00
2009-02-13	1.00
2009-02-14	1.00
2009-02-15	1.00
2009-02-16	1.00
2009-02-17	1.00
2009-02-18	1.00
2009-02-19	1.00
2009-02-20	1.00
2009-02-21	1.00
2009-02-22	1.00
2009-02-23	1.00
2009-02-24	1.00
2009-02-25	1.00
2009-02-26	1.00
2009-02-27	1.00
2009-02-28	1.00
2009-03-01	1.00
2009-03-02	1.00
2009-03-03	1.00
2009-03-04	1.00
2009-03-05	1.00
2009-03-06	1.00
2009-03-07	1.00
2009-03-08	1.00
2009-03-09	1.00
2009-03-10	1.00
2009-03-11	1.00
2009-03-12	1.00
2009-03-13	1.00
2009-03-14	1.00
2009-03-15	1.00
2009-03-16	1.00
2009-03-17	1.00
2009-03-18	1.00
2009-03-19	1.00
2009-03-20	1.00
2009-03-21	1.00
2009-03-22	1.00
2009-03-23	1.00
2009-03-24	1.00
2009-03-25	1.00
2009-03-26	1.00
2009-03-27	1.00
2009-03-28	1.00
2009-03-29	1.00
2009-03-30	1.00
2009-03-31	1.00
2009-04-01	1.00
2009-04-02	1.00
2009-04-03	1.00
2009-04-04	1.00
2009-04-05	1.00
2009-04-06	1.00
2009-04-07	1.00
2009-04-08	1.00
2009-04-09	1.00
2009-04-10	1.00
2009-04-11	1.00
2009-04-12	1.00
2009-04-13	1.00
2009-04-14	1.00
2009-04-15	1.00
2009-04-16	1.00
2009-04-17	1.00
2009-04-18	1.00
2009-04-19	1.00
2009-04-20	1.00
2009-04-21	1.00
2009-04-22	1.00
2009-04-23	1.00
2009-04-24	1.00
2009-04-25	1.00
2009-04-26	1.00
2009-04-27	1.00
2009-04-28	1.00
2009-04-29	1.00
2009-04-30	1.00
2009-05-01	1.00
2009-05-02	1.00
2009-05-03	1.00
2009-05-04	0.96
2009-05-05	1.00
2009-05-06	1.00
2009-05-07	1.00
2009-05-08	1.00
2009-05-09	1.00
2009-05-10	1.00
2009-05-11	1.00
2009-05-12	1.00
2009-05-13	1.00
2009-05-14	1.00
2009-05-15	0.96
2009-05-16	0.95
2009-05-17	0.95
2009-05-18	1.00
2009-05-19	1.00
2009-05-20	1.00
2009-05-21	1.00
2009-05-22	0.96
2009-05-23	0.95
2009-05-24	0.95
2009-05-25	0.96
2009-05-26	1.00
2009-05-27	1.00
2009-05-28	1.00
2009-05-29	0.96
2009-05-30	0.96
2009-05-31	0.95
2009-06-01	0.96
2009-06-02	0.95
2009-06-03	0.95
2009-06-04	0.93
2009-06-05	0.93
2009-06-06	0.92
2009-06-07	0.92
2009-06-08	0.92
2009-06-09	0.92
2009-06-10	0.91
2009-06-11	0.91
2009-06-12	0.91
2009-06-13	0.94
2009-06-14	1.00
2009-06-15	0.96
2009-06-16	0.93
2009-06-17	0.95
2009-06-18	0.96
2009-06-19	0.97
2009-06-20	0.96
2009-06-21	0.95
2009-06-22	1.00
2009-06-23	0.96
2009-06-24	0.93
2009-06-25	0.93
2009-06-26	0.92
2009-06-27	0.91
2009-06-28	0.91
2009-06-29	0.92
2009-06-30	0.92
2009-07-01	0.94
2009-07-02	0.93
2009-07-03	0.91
2009-07-04	0.91
2009-07-05	0.92
2009-07-06	0.91
2009-07-07	0.90
2009-07-08	0.91
2009-07-09	0.92
2009-07-10	0.93
2009-07-11	0.94
2009-07-12	0.94
2009-07-13	0.94
2009-07-14	0.93
2009-07-15	0.94
2009-07-16	0.95
2009-07-17	0.95
2009-07-18	0.96
2009-07-19	0.95
2009-07-20	0.95
2009-07-21	0.95
2009-07-22	0.94
2009-07-23	0.93
2009-07-24	0.92
2009-07-25	0.92
2009-07-26	0.91
2009-07-27	0.91
2009-07-28	0.92
2009-07-29	0.91
2009-07-30	0.91
2009-07-31	0.91
2009-08-01	0.91
2009-08-02	0.92
2009-08-03	0.92
2009-08-04	0.91
2009-08-05	0.91
2009-08-06	0.92
2009-08-07	0.92
2009-08-08	0.92
2009-08-09	0.94
2009-08-10	0.96
2009-08-11	0.95
2009-08-12	0.95
2009-08-13	0.96
2009-08-14	1.00
2009-08-15	1.00
2009-08-16	1.00
2009-08-17	0.95
2009-08-18	0.92
2009-08-19	0.93
2009-08-20	0.93
2009-08-21	0.92
2009-08-22	0.92
2009-08-23	0.92
2009-08-24	0.92
2009-08-25	0.91
2009-08-26	0.91
2009-08-27	0.92
2009-08-28	0.93
2009-08-29	1.00
2009-08-30	1.00
2009-08-31	1.00
2009-09-01	1.00
2009-09-02	1.00
2009-09-03	1.00
2009-09-04	0.96
2009-09-05	0.96
2009-09-06	0.96
2009-09-07	0.96
2009-09-08	0.96
2009-09-09	0.96
2009-09-10	0.94
2009-09-11	0.93
2009-09-12	0.93
2009-09-13	0.93
2009-09-14	0.95
2009-09-15	0.96
2009-09-16	0.93
2009-09-17	0.93
2009-09-18	0.94
2009-09-19	1.00
2009-09-20	1.00
2009-09-21	1.00
2009-09-22	1.00
2009-09-23	1.00
2009-09-24	1.00
2009-09-25	1.00
2009-09-26	0.96
2009-09-27	1.00
2009-09-28	1.00
2009-09-29	1.00
2009-09-30	1.00
2009-10-01	1.00
2009-10-02	1.00
2009-10-03	1.00
2009-10-04	1.00
2009-10-05	1.00
2009-10-06	0.96
2009-10-07	0.96
2009-10-08	0.95
2009-10-09	0.95
2009-10-10	1.00
2009-10-11	1.00
2009-10-12	1.00
2009-10-13	1.00
2009-10-14	1.00
2009-10-15	1.00
2009-10-16	1.00
2009-10-17	1.00
2009-10-18	1.00
2009-10-19	1.00
2009-10-20	0.96
2009-10-21	1.00
2009-10-22	1.00
2009-10-23	1.00
2009-10-24	1.00
2009-10-25	1.00
2009-10-26	1.00
2009-10-27	1.00
2009-10-28	1.00
2009-10-29	1.00
2009-10-30	1.00
2009-10-31	1.00
2009-11-01	1.00
2009-11-02	1.00
2009-11-03	1.00
2009-11-04	0.96
2009-11-05	0.95
2009-11-06	1.00
2009-11-07	1.00
2009-11-08	1.00
2009-11-09	1.00
2009-11-10	1.00
2009-11-11	1.00
2009-11-12	1.00
2009-11-13	1.00
2009-11-14	1.00
2009-11-15	1.00
2009-11-16	1.00
2009-11-17	1.00
2009-11-18	1.00
2009-11-19	0.96
2009-11-20	1.00
2009-11-21	1.00
2009-11-22	1.00
2009-11-23	1.00
2009-11-24	1.00
2009-11-25	1.00
2009-11-26	1.00
2009-11-27	1.00
2009-11-28	1.00
2009-11-29	0.97
2009-11-30	0.96
2009-12-01	1.00
2009-12-02	1.00
2009-12-03	1.00
2009-12-04	1.00
2009-12-05	1.00
2009-12-06	1.00
2009-12-07	1.00
2009-12-08	1.00
2009-12-09	1.00
2009-12-10	1.00
2009-12-11	1.00
2009-12-12	1.00
2009-12-13	1.00
2009-12-14	1.00
2009-12-15	1.00
2009-12-16	1.00
2009-12-17	1.00
2009-12-18	1.00
2009-12-19	1.00
2009-12-20	1.00
2009-12-21	1.00
2009-12-22	1.00
2009-12-23	1.00
2009-12-24	1.00
2009-12-25	1.00
2009-12-26	1.00
2009-12-27	1.00
2009-12-28	1.00
2009-12-29	1.00
2009-12-30	1.00
2009-12-31	1.00
2010-01-01	1.00
2010-01-02	1.00
2010-01-03	1.00
2010-01-04	1.00
2010-01-05	1.00
2010-01-06	1.00
2010-01-07	1.00
2010-01-08	1.00
2010-01-09	1.00
2010-01-10	1.00
2010-01-11	1.00
2010-01-12	1.00
2010-01-13	1.00
2010-01-14	1.00
2010-01-15	1.00
2010-01-16	1.00
2010-01-17	1.00
2010-01-18	1.00
2010-01-19	1.00
2010-01-20	1.00
2010-01-21	1.00
2010-01-22	1.00
2010-01-23	1.00
2010-01-24	1.00
2010-01-25	1.00
2010-01-26	1.00
2010-01-27	1.00
2010-01-28	1.00
2010-01-29	1.00
2010-01-30	1.00
2010-01-31	1.00
2010-02-01	1.00
2010-02-02	1.00
2010-02-03	1.00
2010-02-04	1.00
2010-02-05	1.00
2010-02-06	1.00
2010-02-07	1.00
2010-02-08	1.00
2010-02-09	1.00
2010-02-10	1.00
2010-02-11	1.00
2010-02-12	1.00
2010-02-13	1.00
2010-02-14	1.00
2010-02-15	1.00
2010-02-16	1.00
2010-02-17	1.00
2010-02-18	1.00
2010-02-19	1.00
2010-02-20	1.00
2010-02-21	1.00
2010-02-22	1.00
2010-02-23	1.00
2010-02-24	1.00
2010-02-25	1.00
2010-02-26	1.00
2010-02-27	1.00
2010-02-28	1.00
2010-03-01	1.00
2010-03-02	1.00
2010-03-03	1.00
2010-03-04	1.00
2010-03-05	1.00
2010-03-06	1.00
2010-03-07	1.00
2010-03-08	1.00
2010-03-09	1.00
2010-03-10	1.00
2010-03-11	1.00
2010-03-12	1.00
2010-03-13	1.00
2010-03-14	1.00
2010-03-15	1.00
2010-03-16	1.00
2010-03-17	1.00
2010-03-18	1.00
2010-03-19	1.00
2010-03-20	1.00
2010-03-21	1.00
2010-03-22	1.00
2010-03-23	1.00
2010-03-24	1.00
2010-03-25	1.00
2010-03-26	1.00
2010-03-27	1.00
2010-03-28	1.00
2010-03-29	1.00
2010-03-30	1.00
2010-03-31	1.00
2010-04-01	1.00
2010-04-02	1.00
2010-04-03	1.00
2010-04-04	1.00
2010-04-05	1.00
2010-04-06	1.00
2010-04-07	1.00
2010-04-08	1.00
2010-04-09	1.00
2010-04-10	1.00
2010-04-11	1.00
2010-04-12	1.00
2010-04-13	1.00
2010-04-14	1.00
2010-04-15	1.00
2010-04-16	1.00
2010-04-17	1.00
2010-04-18	1.00
2010-04-19	1.00
2010-04-20	1.00
2010-04-21	1.00
2010-04-22	1.00
2010-04-23	1.00
2010-04-24	1.00
2010-04-25	1.00
2010-04-26	1.00
2010-04-27	1.00
2010-04-28	1.00
2010-04-29	1.00
2010-04-30	1.00
2010-05-01	1.00
2010-05-02	1.00
2010-05-03	1.00
2010-05-04	1.00
2010-05-05	0.97
2010-05-06	1.00
2010-05-07	1.00
2010-05-08	1.00
2010-05-09	1.00
2010-05-10	1.00
2010-05-11	1.00
2010-05-12	1.00
2010-05-13	0.96
2010-05-14	1.00
2010-05-15	1.00
2010-05-16	1.00
2010-05-17	1.00
2010-05-18	0.97
2010-05-19	1.00
2010-05-20	1.00
2010-05-21	1.00
2010-05-22	1.00
2010-05-23	0.95
2010-05-24	0.95
2010-05-25	0.95
2010-05-26	0.93
2010-05-27	0.94
2010-05-28	0.96
2010-05-29	1.00
2010-05-30	1.00
2010-05-31	1.00
2010-06-01	1.00
2010-06-02	0.96
2010-06-03	0.96
2010-06-04	1.00
2010-06-05	1.00
2010-06-06	1.00
2010-06-07	0.96
2010-06-08	1.00
2010-06-09	1.00
2010-06-10	0.96
2010-06-11	1.00
2010-06-12	0.97
2010-06-13	0.95
2010-06-14	0.93
2010-06-15	0.92
2010-06-16	0.91
2010-06-17	0.90
2010-06-18	0.90
2010-06-19	0.91
2010-06-20	0.96
2010-06-21	0.97
2010-06-22	1.00
2010-06-23	1.00
2010-06-24	1.00
2010-06-25	1.00
2010-06-26	0.96
2010-06-27	0.94
2010-06-28	0.92
2010-06-29	0.92
2010-06-30	0.91
2010-07-01	0.90
2010-07-02	0.95
2010-07-03	0.96
2010-07-04	0.95
2010-07-05	0.94
2010-07-06	0.92
2010-07-07	0.91
2010-07-08	0.95
2010-07-09	0.96
2010-07-10	0.95
2010-07-11	0.94
2010-07-12	1.00
2010-07-13	1.00
2010-07-14	0.95
2010-07-15	0.94
2010-07-16	0.93
2010-07-17	0.92
2010-07-18	0.92
2010-07-19	0.94
2010-07-20	0.91
2010-07-21	0.91
2010-07-22	0.91
2010-07-23	0.91
2010-07-24	0.91
2010-07-25	0.91
2010-07-26	0.91
2010-07-27	0.92
2010-07-28	0.92
2010-07-29	0.91
2010-07-30	0.93
2010-07-31	0.95
2010-08-01	0.95
2010-08-02	0.93
2010-08-03	0.92
2010-08-04	0.91
2010-08-05	0.92
2010-08-06	0.92
2010-08-07	0.93
2010-08-08	0.93
2010-08-09	0.92
2010-08-10	0.91
2010-08-11	0.91
2010-08-12	0.94
2010-08-13	0.94
2010-08-14	0.95
2010-08-15	0.95
2010-08-16	0.95
2010-08-17	0.93
2010-08-18	0.94
2010-08-19	0.94
2010-08-20	0.93
2010-08-21	0.92
2010-08-22	0.91
2010-08-23	0.92
2010-08-24	0.93
2010-08-25	0.93
2010-08-26	0.93
2010-08-27	0.92
2010-08-28	0.92
2010-08-29	0.92
2010-08-30	0.92
2010-08-31	0.92
2010-09-01	0.92
2010-09-02	0.92
2010-09-03	0.92
2010-09-04	0.92
2010-09-05	0.93
2010-09-06	0.92
2010-09-07	0.95
2010-09-08	0.96
2010-09-09	0.96
2010-09-10	0.95
2010-09-11	0.95
2010-09-12	0.92
2010-09-13	0.94
2010-09-14	0.96
2010-09-15	0.96
2010-09-16	0.96
2010-09-17	0.96
2010-09-18	0.96
2010-09-19	1.00
2010-09-20	1.00
2010-09-21	0.96
2010-09-22	0.96
2010-09-23	0.97
2010-09-24	0.96
2010-09-25	0.95
2010-09-26	0.95
2010-09-27	0.95
2010-09-28	0.95
2010-09-29	0.95
2010-09-30	0.95
2010-10-01	1.00
2010-10-02	1.00
2010-10-03	1.00
2010-10-04	1.00
2010-10-05	1.00
2010-10-06	1.00
2010-10-07	0.97
2010-10-08	1.00
2010-10-09	1.00
2010-10-10	1.00
2010-10-11	1.00
2010-10-12	1.00
2010-10-13	1.00
2010-10-14	1.00
2010-10-15	1.00
2010-10-16	1.00
2010-10-17	1.00
2010-10-18	1.00
2010-10-19	1.00
2010-10-20	1.00
2010-10-21	1.00
2010-10-22	1.00
2010-10-23	1.00
2010-10-24	1.00
2010-10-25	1.00
2010-10-26	1.00
2010-10-27	1.00
2010-10-28	1.00
2010-10-29	0.96
2010-10-30	0.96
2010-10-31	0.97
2010-11-01	0.97
2010-11-02	0.97
2010-11-03	1.00
2010-11-04	1.00
2010-11-05	1.00
2010-11-06	1.00
2010-11-07	1.00
2010-11-08	1.00
2010-11-09	1.00
2010-11-10	1.00
2010-11-11	1.00
2010-11-12	1.00
2010-11-13	1.00
2010-11-14	1.00
2010-11-15	1.00
2010-11-16	1.00
2010-11-17	1.00
2010-11-18	1.00
2010-11-19	1.00
2010-11-20	1.00
2010-11-21	1.00
2010-11-22	1.00
2010-11-23	1.00
2010-11-24	1.00
2010-11-25	1.00
2010-11-26	1.00
2010-11-27	1.00
2010-11-28	1.00
2010-11-29	1.00
2010-11-30	1.00
2010-12-01	1.00
2010-12-02	1.00
2010-12-03	1.00
2010-12-04	1.00
2010-12-05	1.00
2010-12-06	1.00
2010-12-07	1.00
2010-12-08	1.00
2010-12-09	1.00
2010-12-10	1.00
2010-12-11	1.00
2010-12-12	1.00
2010-12-13	1.00
2010-12-14	1.00
2010-12-15	1.00
2010-12-16	1.00
2010-12-17	1.00
2010-12-18	1.00
2010-12-19	1.00
2010-12-20	1.00
2010-12-21	1.00
2010-12-22	1.00
2010-12-23	1.00
2010-12-24	1.00
2010-12-25	1.00
2010-12-26	1.00
2010-12-27	1.00
2010-12-28	1.00
2010-12-29	1.00
2010-12-30	1.00
2010-12-31	1.00
2011-01-01	1.00
2011-01-02	1.00
2011-01-03	1.00
2011-01-04	1.00
2011-01-05	1.00
2011-01-06	1.00
2011-01-07	1.00
2011-01-08	1.00
2011-01-09	1.00
2011-01-10	1.00
2011-01-11	1.00
2011-01-12	1.00
2011-01-13	1.00
2011-01-14	1.00
2011-01-15	1.00
2011-01-16	1.00
2011-01-17	1.00
2011-01-18	1.00
2011-01-19	1.00
2011-01-20	1.00
2011-01-21	1.00
2011-01-22	1.00
2011-01-23	1.00
2011-01-24	1.00
2011-01-25	1.00
2011-01-26	1.00
2011-01-27	1.00
2011-01-28	1.00
2011-01-29	1.00
2011-01-30	1.00
2011-01-31	1.00
2011-02-01	1.00
2011-02-02	1.00
2011-02-03	1.00
2011-02-04	1.00
2011-02-05	1.00
2011-02-06	1.00
2011-02-07	1.00
2011-02-08	1.00
2011-02-09	1.00
2011-02-10	1.00
2011-02-11	1.00
2011-02-12	1.00
2011-02-13	1.00
2011-02-14	1.00
2011-02-15	1.00
2011-02-16	1.00
2011-02-17	1.00
2011-02-18	1.00
2011-02-19	1.00
2011-02-20	1.00
2011-02-21	1.00
2011-02-22	1.00
2011-02-23	1.00
2011-02-24	1.00
2011-02-25	1.00
2011-02-26	1.00
2011-02-27	1.00
2011-02-28	1.00
2011-03-01	1.00
2011-03-02	1.00
2011-03-03	1.00
2011-03-04	1.00
2011-03-05	1.00
2011-03-06	1.00
2011-03-07	1.00
2011-03-08	1.00
2011-03-09	1.00
2011-03-10	1.00
2011-03-11	1.00
2011-03-12	1.00
2011-03-13	1.00
2011-03-14	1.00
2011-03-15	1.00
2011-03-16	1.00
2011-03-17	1.00
2011-03-18	1.00
2011-03-19	1.00
2011-03-20	1.00
2011-03-21	1.00
2011-03-22	1.00
2011-03-23	1.00
2011-03-24	1.00
2011-03-25	1.00
2011-03-26	1.00
2011-03-27	1.00
2011-03-28	1.00
2011-03-29	1.00
2011-03-30	1.00
2011-03-31	1.00
2011-04-01	1.00
2011-04-02	1.00
2011-04-03	1.00
2011-04-04	1.00
2011-04-05	1.00
2011-04-06	1.00
2011-04-07	1.00
2011-04-08	1.00
2011-04-09	1.00
2011-04-10	1.00
2011-04-11	1.00
2011-04-12	1.00
2011-04-13	1.00
2011-04-14	1.00
2011-04-15	1.00
2011-04-16	1.00
2011-04-17	1.00
2011-04-18	1.00
2011-04-19	1.00
2011-04-20	1.00
2011-04-21	1.00
2011-04-22	1.00
2011-04-23	1.00
2011-04-24	1.00
2011-04-25	1.00
2011-04-26	1.00
2011-04-27	1.00
2011-04-28	1.00
2011-04-29	1.00
2011-04-30	1.00
2011-05-01	1.00
2011-05-02	1.00
2011-05-03	1.00
2011-05-04	1.00
2011-05-05	0.97
2011-05-06	1.00
2011-05-07	1.00
2011-05-08	0.96
2011-05-09	0.96
2011-05-10	0.97
2011-05-11	1.00
2011-05-12	1.00
2011-05-13	1.00
2011-05-14	1.00
2011-05-15	1.00
2011-05-16	1.00
2011-05-17	1.00
2011-05-18	1.00
2011-05-19	1.00
2011-05-20	1.00
2011-05-21	0.96
2011-05-22	0.96
2011-05-23	0.96
2011-05-24	0.96
2011-05-25	0.95
2011-05-26	0.95
2011-05-27	0.95
2011-05-28	1.00
2011-05-29	1.00
2011-05-30	0.97
2011-05-31	0.97
2011-06-01	1.00
2011-06-02	1.00
2011-06-03	1.00
2011-06-04	1.00
2011-06-05	1.00
2011-06-06	1.00
2011-06-07	0.96
2011-06-08	0.97
2011-06-09	0.95
2011-06-10	0.94
2011-06-11	0.92
2011-06-12	0.93
2011-06-13	1.00
2011-06-14	1.00
2011-06-15	1.00
2011-06-16	0.97
2011-06-17	0.94
2011-06-18	0.94
2011-06-19	0.94
2011-06-20	0.92
2011-06-21	0.95
2011-06-22	1.00
2011-06-23	1.00
2011-06-24	0.96
2011-06-25	0.95
2011-06-26	0.94
2011-06-27	0.93
2011-06-28	0.93
2011-06-29	0.93
2011-06-30	0.93
2011-07-01	0.92
2011-07-02	0.92
2011-07-03	0.92
2011-07-04	0.92
2011-07-05	0.92
2011-07-06	0.92
2011-07-07	0.92
2011-07-08	0.91
2011-07-09	0.91
2011-07-10	0.94
2011-07-11	1.00
2011-07-12	0.97
2011-07-13	0.96
2011-07-14	0.93
2011-07-15	0.92
2011-07-16	0.92
2011-07-17	1.00
2011-07-18	0.97
2011-07-19	0.93
2011-07-20	0.91
2011-07-21	0.92
2011-07-22	0.93
2011-07-23	0.94
2011-07-24	0.94
2011-07-25	0.94
2011-07-26	0.93
2011-07-27	0.91
2011-07-28	0.92
2011-07-29	0.92
2011-07-30	0.92
2011-07-31	0.91
2011-08-01	0.92
2011-08-02	0.94
2011-08-03	0.95
2011-08-04	0.96
2011-08-05	0.96
2011-08-06	0.96
2011-08-07	0.95
2011-08-08	0.94
2011-08-09	0.94
2011-08-10	0.94
2011-08-11	0.93
2011-08-12	0.93
2011-08-13	0.93
2011-08-14	0.93
2011-08-15	0.93
2011-08-16	0.92
2011-08-17	0.94
2011-08-18	0.93
2011-08-19	0.92
2011-08-20	0.92
2011-08-21	0.91
2011-08-22	0.91
2011-08-23	0.92
2011-08-24	0.92
2011-08-25	0.91
2011-08-26	0.92
2011-08-27	0.94
2011-08-28	1.00
2011-08-29	0.97
2011-08-30	0.96
2011-08-31	0.96
2011-09-01	0.96
2011-09-02	0.96
2011-09-03	0.95
2011-09-04	0.94
2011-09-05	0.94
2011-09-06	0.94
2011-09-07	0.94
2011-09-08	0.93
2011-09-09	0.93
2011-09-10	0.93
2011-09-11	0.93
2011-09-12	0.92
2011-09-13	0.92
2011-09-14	0.92
2011-09-15	0.92
2011-09-16	1.00
2011-09-17	1.00
2011-09-18	0.93
2011-09-19	0.94
2011-09-20	1.00
2011-09-21	1.00
2011-09-22	0.96
2011-09-23	0.97
2011-09-24	1.00
2011-09-25	0.96
2011-09-26	0.94
2011-09-27	0.92
2011-09-28	0.92
2011-09-29	0.92
2011-09-30	0.94
2011-10-01	0.94
2011-10-02	0.96
2011-10-03	1.00
2011-10-04	1.00
2011-10-05	1.00
2011-10-06	1.00
2011-10-07	1.00
2011-10-08	1.00
2011-10-09	1.00
2011-10-10	0.96
2011-10-11	1.00
2011-10-12	1.00
2011-10-13	1.00
2011-10-14	1.00
2011-10-15	1.00
2011-10-16	1.00
2011-10-17	1.00
2011-10-18	1.00
2011-10-19	1.00
2011-10-20	1.00
2011-10-21	1.00
2011-10-22	1.00
2011-10-23	1.00
2011-10-24	1.00
2011-10-25	1.00
2011-10-26	1.00
2011-10-27	1.00
2011-10-28	1.00
2011-10-29	0.96
2011-10-30	0.96
2011-10-31	0.96
2011-11-01	1.00
2011-11-02	0.96
2011-11-03	1.00
2011-11-04	1.00
2011-11-05	1.00
2011-11-06	1.00
2011-11-07	0.95
2011-11-08	0.94
2011-11-09	0.96
2011-11-10	1.00
2011-11-11	1.00
2011-11-12	1.00
2011-11-13	1.00
2011-11-14	1.00
2011-11-15	0.97
2011-11-16	0.95
2011-11-17	1.00
2011-11-18	1.00
2011-11-19	1.00
2011-11-20	0.96
2011-11-21	0.97
2011-11-22	1.00
2011-11-23	1.00
2011-11-24	1.00
2011-11-25	1.00
2011-11-26	1.00
2011-11-27	1.00
2011-11-28	1.00
2011-11-29	1.00
2011-11-30	1.00
2011-12-01	1.00
2011-12-02	1.00
2011-12-03	1.00
2011-12-04	1.00
2011-12-05	1.00
2011-12-06	1.00
2011-12-07	1.00
2011-12-08	1.00
2011-12-09	1.00
2011-12-10	1.00
2011-12-11	1.00
2011-12-12	1.00
2011-12-13	1.00
2011-12-14	1.00
2011-12-15	1.00
2011-12-16	1.00
2011-12-17	1.00
2011-12-18	1.00
2011-12-19	1.00
2011-12-20	1.00
2011-12-21	1.00
2011-12-22	1.00
2011-12-23	1.00
2011-12-24	1.00
2011-12-25	1.00
2011-12-26	1.00
2011-12-27	1.00
2011-12-28	1.00
2011-12-29	1.00
2011-12-30	1.00
2011-12-31	1.00
2012-01-01	1.00
2012-01-02	1.00
2012-01-03	1.00
2012-01-04	1.00
2012-01-05	1.00
2012-01-06	1.00
2012-01-07	1.00
2012-01-08	1.00
2012-01-09	1.00
2012-01-10	1.00
2012-01-11	1.00
2012-01-12	1.00
2012-01-13	1.00
2012-01-14	1.00
2012-01-15	1.00
2012-01-16	1.00
2012-01-17	1.00
2012-01-18	1.00
2012-01-19	1.00
2012-01-20	1.00
2012-01-21	1.00
2012-01-22	1.00
2012-01-23	1.00
2012-01-24	1.00
2012-01-25	1.00
2012-01-26	1.00
2012-01-27	1.00
2012-01-28	1.00
2012-01-29	1.00
2012-01-30	1.00
2012-01-31	1.00
2012-02-01	1.00
2012-02-02	1.00
2012-02-03	1.00
2012-02-04	1.00
2012-02-05	1.00
2012-02-06	1.00
2012-02-07	1.00
2012-02-08	1.00
2012-02-09	1.00
2012-02-10	1.00
2012-02-11	1.00
2012-02-12	1.00
2012-02-13	1.00
2012-02-14	1.00
2012-02-15	1.00
2012-02-16	1.00
2012-02-17	1.00
2012-02-18	1.00
2012-02-19	1.00
2012-02-20	1.00
2012-02-21	1.00
2012-02-22	1.00
2012-02-23	1.00
2012-02-24	1.00
2012-02-25	1.00
2012-02-26	1.00
2012-02-27	1.00
2012-02-28	1.00
2012-02-29	1.00
2012-03-01	1.00
2012-03-02	1.00
2012-03-03	1.00
2012-03-04	1.00
2012-03-05	1.00
2012-03-06	1.00
2012-03-07	1.00
2012-03-08	1.00
2012-03-09	1.00
2012-03-10	1.00
2012-03-11	1.00
2012-03-12	1.00
2012-03-13	1.00
2012-03-14	1.00
2012-03-15	1.00
2012-03-16	1.00
2012-03-17	1.00
2012-03-18	1.00
2012-03-19	1.00
2012-03-20	1.00
2012-03-21	1.00
2012-03-22	1.00
2012-03-23	1.00
2012-03-24	1.00
2012-03-25	1.00
2012-03-26	1.00
2012-03-27	1.00
2012-03-28	1.00
2012-03-29	1.00
2012-03-30	1.00
2012-03-31	1.00
2012-04-01	1.00
2012-04-02	1.00
2012-04-03	1.00
2012-04-04	1.00
2012-04-05	1.00
2012-04-06	1.00
2012-04-07	1.00
2012-04-08	1.00
2012-04-09	1.00
2012-04-10	1.00
2012-04-11	1.00
2012-04-12	1.00
2012-04-13	1.00
2012-04-14	1.00
2012-04-15	1.00
2012-04-16	1.00
2012-04-17	1.00
2012-04-18	1.00
2012-04-19	1.00
2012-04-20	1.00
2012-04-21	1.00
2012-04-22	1.00
2012-04-23	1.00
2012-04-24	0.96
2012-04-25	0.97
2012-04-26	1.00
2012-04-27	1.00
2012-04-28	1.00
2012-04-29	1.00
2012-04-30	0.96
2012-05-01	0.97
2012-05-02	0.96
2012-05-03	0.96
2012-05-04	0.95
2012-05-05	0.96
2012-05-06	1.00
2012-05-07	1.00
2012-05-08	1.00
2012-05-09	1.00
2012-05-10	0.96
2012-05-11	1.00
2012-05-12	1.00
2012-05-13	1.00
2012-05-14	1.00
2012-05-15	0.96
2012-05-16	0.97
2012-05-17	0.96
2012-05-18	0.95
2012-05-19	1.00
2012-05-20	1.00
2012-05-21	1.00
2012-05-22	1.00
2012-05-23	0.97
2012-05-24	1.00
2012-05-25	1.00
2012-05-26	1.00
2012-05-27	1.00
2012-05-28	1.00
2012-05-29	1.00
2012-05-30	1.00
2012-05-31	1.00
2012-06-01	1.00
2012-06-02	1.00
2012-06-03	1.00
2012-06-04	1.00
2012-06-05	1.00
2012-06-06	1.00
2012-06-07	1.00
2012-06-08	1.00
2012-06-09	1.00
2012-06-10	0.97
2012-06-11	1.00
2012-06-12	1.00
2012-06-13	1.00
2012-06-14	0.97
2012-06-15	0.96
2012-06-16	0.95
2012-06-17	0.95
2012-06-18	1.00
2012-06-19	0.96
2012-06-20	0.95
2012-06-21	0.93
2012-06-22	0.93
2012-06-23	0.94
2012-06-24	0.96
2012-06-25	0.95
2012-06-26	0.94
2012-06-27	0.93
2012-06-28	0.93
2012-06-29	0.93
2012-06-30	0.93
2012-07-01	0.92
2012-07-02	0.91
2012-07-03	0.92
2012-07-04	0.92
2012-07-05	0.91
2012-07-06	0.91
2012-07-07	0.90
2012-07-08	0.91
2012-07-09	0.91
2012-07-10	0.91
2012-07-11	0.96
2012-07-12	1.00
2012-07-13	1.00
2012-07-14	0.97
2012-07-15	0.97
2012-07-16	0.95
2012-07-17	0.95
2012-07-18	0.94
2012-07-19	0.92
2012-07-20	0.92
2012-07-21	0.92
2012-07-22	0.92
2012-07-23	0.92
2012-07-24	0.93
2012-07-25	0.92
2012-07-26	0.92
2012-07-27	0.92
2012-07-28	0.92
2012-07-29	0.92
2012-07-30	0.93
2012-07-31	0.94
2012-08-01	0.96
2012-08-02	0.95
2012-08-03	0.94
2012-08-04	0.93
2012-08-05	0.92
2012-08-06	0.91
2012-08-07	0.92
2012-08-08	0.93
2012-08-09	0.92
2012-08-10	0.92
2012-08-11	0.97
2012-08-12	1.00
2012-08-13	0.96
2012-08-14	0.97
2012-08-15	0.96
2012-08-16	0.96
2012-08-17	0.95
2012-08-18	0.92
2012-08-19	0.94
2012-08-20	0.96
2012-08-21	0.97
2012-08-22	0.95
2012-08-23	0.94
2012-08-24	0.96
2012-08-25	0.96
2012-08-26	0.96
2012-08-27	0.95
2012-08-28	0.95
2012-08-29	0.96
2012-08-30	0.96
2012-08-31	1.00
2012-09-01	1.00
2012-09-02	1.00
2012-09-03	0.96
2012-09-04	0.96
2012-09-05	0.94
2012-09-06	0.93
2012-09-07	0.95
2012-09-08	1.00
2012-09-09	1.00
2012-09-10	1.00
2012-09-11	0.96
2012-09-12	0.96
2012-09-13	0.96
2012-09-14	0.96
2012-09-15	1.00
2012-09-16	1.00
2012-09-17	1.00
2012-09-18	1.00
2012-09-19	1.00
2012-09-20	0.96
2012-09-21	0.96
2012-09-22	0.93
2012-09-23	0.93
2012-09-24	0.95
2012-09-25	0.94
2012-09-26	0.94
2012-09-27	1.00
2012-09-28	1.00
2012-09-29	1.00
2012-09-30	1.00
2012-10-01	1.00
2012-10-02	1.00
2012-10-03	1.00
2012-10-04	0.97
2012-10-05	0.97
2012-10-06	0.97
2012-10-07	1.00
2012-10-08	0.97
2012-10-09	0.97
2012-10-10	0.96
2012-10-11	0.97
2012-10-12	0.96
2012-10-13	1.00
2012-10-14	1.00
2012-10-15	1.00
2012-10-16	1.00
2012-10-17	1.00
2012-10-18	1.00
2012-10-19	1.00
2012-10-20	1.00
2012-10-21	1.00
2012-10-22	1.00
2012-10-23	1.00
2012-10-24	1.00
2012-10-25	1.00
2012-10-26	1.00
2012-10-27	1.00
2012-10-28	1.00
2012-10-29	1.00
2012-10-30	1.00
2012-10-31	1.00
2012-11-01	1.00
2012-11-02	1.00
2012-11-03	1.00
2012-11-04	1.00
2012-11-05	1.00
2012-11-06	1.00
2012-11-07	1.00
2012-11-08	1.00
2012-11-09	1.00
2012-11-10	1.00
2012-11-11	1.00
2012-11-12	1.00
2012-11-13	1.00
2012-11-14	1.00
2012-11-15	1.00
2012-11-16	1.00
2012-11-17	1.00
2012-11-18	1.00
2012-11-19	1.00
2012-11-20	1.00
2012-11-21	1.00
2012-11-22	1.00
2012-11-23	1.00
2012-11-24	1.00
2012-11-25	1.00
2012-11-26	1.00
2012-11-27	1.00
2012-11-28	1.00
2012-11-29	1.00
2012-11-30	1.00
2012-12-01	1.00
2012-12-02	1.00
2012-12-03	1.00
2012-12-04	1.00
2012-12-05	1.00
2012-12-06	1.00
2012-12-07	1.00
2012-12-08	1.00
2012-12-09	1.00
2012-12-10	1.00
2012-12-11	1.00
2012-12-12	1.00
2012-12-13	1.00
2012-12-14	1.00
2012-12-15	1.00
2012-12-16	1.00
2012-12-17	1.00
2012-12-18	1.00
2012-12-19	1.00
2012-12-20	1.00
2012-12-21	1.00
2012-12-22	1.00
2012-12-23	1.00
2012-12-24	1.00
2012-12-25	1.00
2012-12-26	1.00
2012-12-27	1.00
2012-12-28	1.00
2012-12-29	1.00
2012-12-30	1.00
2012-12-31	1.00
2013-01-01	1.00
2013-01-02	1.00
2013-01-03	1.00
2013-01-04	1.00
2013-01-05	1.00
2013-01-06	1.00
2013-01-07	1.00
2013-01-08	1.00
2013-01-09	1.00
2013-01-10	1.00
2013-01-11	1.00
2013-01-12	1.00
2013-01-13	1.00
2013-01-14	1.00
2013-01-15	1.00
2013-01-16	1.00
2013-01-17	1.00
2013-01-18	1.00
2013-01-19	1.00
2013-01-20	1.00
2013-01-21	1.00
2013-01-22	1.00
2013-01-23	1.00
2013-01-24	1.00
2013-01-25	1.00
2013-01-26	1.00
2013-01-27	1.00
2013-01-28	1.00
2013-01-29	1.00
2013-01-30	1.00
2013-01-31	1.00
2013-02-01	1.00
2013-02-02	1.00
2013-02-03	1.00
2013-02-04	1.00
2013-02-05	1.00
2013-02-06	1.00
2013-02-07	1.00
2013-02-08	1.00
2013-02-09	1.00
2013-02-10	1.00
2013-02-11	1.00
2013-02-12	1.00
2013-02-13	1.00
2013-02-14	1.00
2013-02-15	1.00
2013-02-16	1.00
2013-02-17	1.00
2013-02-18	1.00
2013-02-19	1.00
2013-02-20	1.00
2013-02-21	1.00
2013-02-22	1.00
2013-02-23	1.00
2013-02-24	1.00
2013-02-25	1.00
2013-02-26	1.00
2013-02-27	1.00
2013-02-28	1.00
2013-03-01	1.00
2013-03-02	1.00
2013-03-03	1.00
2013-03-04	1.00
2013-03-05	1.00
2013-03-06	1.00
2013-03-07	1.00
2013-03-08	1.00
2013-03-09	1.00
2013-03-10	1.00
2013-03-11	1.00
2013-03-12	1.00
2013-03-13	1.00
2013-03-14	1.00
2013-03-15	1.00
2013-03-16	1.00
2013-03-17	1.00
2013-03-18	1.00
2013-03-19	1.00
2013-03-20	1.00
2013-03-21	1.00
2013-03-22	1.00
2013-03-23	1.00
2013-03-24	1.00
2013-03-25	1.00
2013-03-26	1.00
2013-03-27	1.00
2013-03-28	1.00
2013-03-29	1.00
2013-03-30	1.00
2013-03-31	1.00
2013-04-01	1.00
2013-04-02	1.00
2013-04-03	1.00
2013-04-04	1.00
2013-04-05	1.00
2013-04-06	1.00
2013-04-07	1.00
2013-04-08	1.00
2013-04-09	1.00
2013-04-10	1.00
2013-04-11	1.00
2013-04-12	1.00
2013-04-13	1.00
2013-04-14	1.00
2013-04-15	1.00
2013-04-16	1.00
2013-04-17	1.00
2013-04-18	1.00
2013-04-19	1.00
2013-04-20	1.00
2013-04-21	1.00
2013-04-22	1.00
2013-04-23	1.00
2013-04-24	1.00
2013-04-25	1.00
2013-04-26	1.00
2013-04-27	1.00
2013-04-28	1.00
2013-04-29	1.00
2013-04-30	1.00
2013-05-01	1.00
2013-05-02	1.00
2013-05-03	1.00
2013-05-04	1.00
2013-05-05	1.00
2013-05-06	1.00
2013-05-07	1.00
2013-05-08	1.00
2013-05-09	1.00
2013-05-10	1.00
2013-05-11	1.00
2013-05-12	0.96
2013-05-13	0.96
2013-05-14	1.00
2013-05-15	1.00
2013-05-16	1.00
2013-05-17	1.00
2013-05-18	1.00
2013-05-19	1.00
2013-05-20	1.00
2013-05-21	1.00
2013-05-22	0.96
2013-05-23	0.94
2013-05-24	0.93
2013-05-25	0.93
2013-05-26	0.92
2013-05-27	0.92
2013-05-28	0.93
2013-05-29	0.93
2013-05-30	0.93
2013-05-31	0.93
2013-06-01	0.93
2013-06-02	0.95
2013-06-03	1.00
2013-06-04	1.00
2013-06-05	1.00
2013-06-06	1.00
2013-06-07	1.00
2013-06-08	0.97
2013-06-09	0.96
2013-06-10	0.96
2013-06-11	0.92
2013-06-12	0.93
2013-06-13	0.92
2013-06-14	0.93
2013-06-15	0.93
2013-06-16	0.95
2013-06-17	0.95
2013-06-18	0.91
2013-06-19	0.90
2013-06-20	0.92
2013-06-21	0.95
2013-06-22	1.00
2013-06-23	0.97
2013-06-24	0.96
2013-06-25	0.97
2013-06-26	0.96
2013-06-27	0.94
2013-06-28	0.93
2013-06-29	0.92
2013-06-30	0.92
2013-07-01	0.93
2013-07-02	0.95
2013-07-03	0.92
2013-07-04	0.92
2013-07-05	0.90
2013-07-06	0.92
2013-07-07	0.91
2013-07-08	0.91
2013-07-09	0.93
2013-07-10	0.93
2013-07-11	0.93
2013-07-12	0.91
2013-07-13	1.00
2013-07-14	0.97
2013-07-15	0.93
2013-07-16	0.93
2013-07-17	0.95
2013-07-18	0.93
2013-07-19	0.93
2013-07-20	0.93
2013-07-21	0.93
2013-07-22	0.91
2013-07-23	0.90
2013-07-24	0.93
2013-07-25	0.95
2013-07-26	0.96
2013-07-27	0.95
2013-07-28	0.93
2013-07-29	0.93
2013-07-30	0.93
2013-07-31	0.93
2013-08-01	0.95
2013-08-02	0.96
2013-08-03	0.96
2013-08-04	0.94
2013-08-05	0.93
2013-08-06	0.95
2013-08-07	0.95
2013-08-08	0.97
2013-08-09	1.00
2013-08-10	0.96
2013-08-11	0.96
2013-08-12	0.96
2013-08-13	1.00
2013-08-14	0.97
2013-08-15	0.97
2013-08-16	0.96
2013-08-17	1.00
2013-08-18	1.00
2013-08-19	1.00
2013-08-20	1.00
2013-08-21	0.95
2013-08-22	0.96
2013-08-23	0.96
2013-08-24	0.97
2013-08-25	0.96
2013-08-26	0.96
2013-08-27	0.94
2013-08-28	0.97
2013-08-29	1.00
2013-08-30	1.00
2013-08-31	1.00
2013-09-01	1.00
2013-09-02	1.00
2013-09-03	0.96
2013-09-04	0.96
2013-09-05	0.96
2013-09-06	0.94
2013-09-07	0.95
2013-09-08	0.95
2013-09-09	0.94
2013-09-10	0.92
2013-09-11	0.93
2013-09-12	0.93
2013-09-13	0.95
2013-09-14	0.93
2013-09-15	0.92
2013-09-16	0.91
2013-09-17	0.92
2013-09-18	0.93
2013-09-19	1.00
2013-09-20	1.00
2013-09-21	1.00
2013-09-22	0.96
2013-09-23	0.96
2013-09-24	0.95
2013-09-25	0.93
2013-09-26	0.93
2013-09-27	0.93
2013-09-28	0.94
2013-09-29	0.95
2013-09-30	1.00
2013-10-01	1.00
2013-10-02	1.00
2013-10-03	1.00
2013-10-04	0.96
2013-10-05	1.00
2013-10-06	1.00
2013-10-07	1.00
2013-10-08	1.00
2013-10-09	0.93
2013-10-10	0.94
2013-10-11	0.94
2013-10-12	0.94
2013-10-13	0.93
2013-10-14	1.00
2013-10-15	1.00
2013-10-16	1.00
2013-10-17	1.00
2013-10-18	1.00
2013-10-19	1.00
2013-10-20	0.96
2013-10-21	1.00
2013-10-22	1.00
2013-10-23	1.00
2013-10-24	1.00
2013-10-25	1.00
2013-10-26	0.97
2013-10-27	0.97
2013-10-28	0.97
2013-10-29	1.00
2013-10-30	1.00
2013-10-31	1.00
2013-11-01	1.00
2013-11-02	1.00
2013-11-03	1.00
2013-11-04	1.00
2013-11-05	0.95
2013-11-06	1.00
2013-11-07	1.00
2013-11-08	0.96
2013-11-09	1.00
2013-11-10	1.00
2013-11-11	0.96
2013-11-12	0.94
2013-11-13	1.00
2013-11-14	1.00
2013-11-15	1.00
2013-11-16	1.00
2013-11-17	1.00
2013-11-18	1.00
2013-11-19	1.00
2013-11-20	1.00
2013-11-21	1.00
2013-11-22	0.95
2013-11-23	1.00
2013-11-24	1.00
2013-11-25	1.00
2013-11-26	1.00
2013-11-27	1.00
2013-11-28	1.00
2013-11-29	1.00
2013-11-30	1.00
2013-12-01	1.00
2013-12-02	1.00
2013-12-03	1.00
2013-12-04	1.00
2013-12-05	1.00
2013-12-06	0.94
2013-12-07	1.00
2013-12-08	1.00
2013-12-09	1.00
2013-12-10	1.00
2013-12-11	1.00
2013-12-12	1.00
2013-12-13	1.00
2013-12-14	1.00
2013-12-15	1.00
2013-12-16	1.00
2013-12-17	1.00
2013-12-18	1.00
2013-12-19	1.00
2013-12-20	1.00
2013-12-21	1.00
2013-12-22	1.00
2013-12-23	1.00
2013-12-24	1.00
2013-12-25	1.00
2013-12-26	1.00
2013-12-27	1.00
2013-12-28	1.00
2013-12-29	1.00
2013-12-30	1.00
2013-12-31	1.00
2014-01-01	1.00
2014-01-02	1.00
2014-01-03	1.00
2014-01-04	1.00
2014-01-05	1.00
2014-01-06	1.00
2014-01-07	1.00
2014-01-08	1.00
2014-01-09	1.00
2014-01-10	1.00
2014-01-11	1.00
2014-01-12	1.00
2014-01-13	1.00
2014-01-14	1.00
2014-01-15	1.00
2014-01-16	1.00
2014-01-17	1.00
2014-01-18	1.00
2014-01-19	1.00
2014-01-20	1.00
2014-01-21	1.00
2014-01-22	1.00
2014-01-23	1.00
2014-01-24	1.00
2014-01-25	1.00
2014-01-26	1.00
2014-01-27	1.00
2014-01-28	1.00
2014-01-29	1.00
2014-01-30	1.00
2014-01-31	1.00
2014-02-01	1.00
2014-02-02	1.00
2014-02-03	1.00
2014-02-04	1.00
2014-02-05	1.00
2014-02-06	1.00
2014-02-07	1.00
2014-02-08	1.00
2014-02-09	1.00
2014-02-10	1.00
2014-02-11	1.00
2014-02-12	1.00
2014-02-13	1.00
2014-02-14	1.00
2014-02-15	1.00
2014-02-16	1.00
2014-02-17	1.00
2014-02-18	1.00
2014-02-19	1.00
2014-02-20	1.00
2014-02-21	1.00
2014-02-22	1.00
2014-02-23	1.00
2014-02-24	1.00
2014-02-25	1.00
2014-02-26	1.00
2014-02-27	1.00
2014-02-28	1.00
2014-03-01	1.00
2014-03-02	1.00
2014-03-03	1.00
2014-03-04	1.00
2014-03-05	1.00
2014-03-06	1.00
2014-03-07	1.00
2014-03-08	1.00
2014-03-09	1.00
2014-03-10	1.00
2014-03-11	1.00
2014-03-12	1.00
2014-03-13	1.00
2014-03-14	1.00
2014-03-15	1.00
2014-03-16	1.00
2014-03-17	1.00
2014-03-18	1.00
2014-03-19	1.00
2014-03-20	1.00
2014-03-21	1.00
2014-03-22	1.00
2014-03-23	1.00
2014-03-24	1.00
2014-03-25	1.00
2014-03-26	1.00
2014-03-27	1.00
2014-03-28	1.00
2014-03-29	1.00
2014-03-30	1.00
2014-03-31	1.00
2014-04-01	1.00
2014-04-02	1.00
2014-04-03	1.00
2014-04-04	1.00
2014-04-05	1.00
2014-04-06	1.00
2014-04-07	1.00
2014-04-08	1.00
2014-04-09	1.00
2014-04-10	1.00
2014-04-11	1.00
2014-04-12	1.00
2014-04-13	1.00
2014-04-14	1.00
2014-04-15	1.00
2014-04-16	1.00
2014-04-17	1.00
2014-04-18	1.00
2014-04-19	1.00
2014-04-20	1.00
2014-04-21	1.00
2014-04-22	1.00
2014-04-23	1.00
2014-04-24	1.00
2014-04-25	1.00
2014-04-26	1.00
2014-04-27	1.00
2014-04-28	1.00
2014-04-29	1.00
2014-04-30	1.00
2014-05-01	1.00
2014-05-02	1.00
2014-05-03	1.00
2014-05-04	1.00
2014-05-05	1.00
2014-05-06	1.00
2014-05-07	1.00
2014-05-08	1.00
2014-05-09	1.00
2014-05-10	1.00
2014-05-11	1.00
2014-05-12	1.00
2014-05-13	1.00
2014-05-14	1.00
2014-05-15	1.00
2014-05-16	1.00
2014-05-17	1.00
2014-05-18	1.00
2014-05-19	1.00
2014-05-20	1.00
2014-05-21	0.96
2014-05-22	0.96
2014-05-23	1.00
2014-05-24	1.00
2014-05-25	1.00
2014-05-26	1.00
2014-05-27	1.00
2014-05-28	0.96
2014-05-29	0.94
2014-05-30	0.94
2014-05-31	0.94
2014-06-01	0.96
2014-06-02	1.00
2014-06-03	0.97
2014-06-04	0.96
2014-06-05	0.93
2014-06-06	0.92
2014-06-07	0.93
2014-06-08	0.94
2014-06-09	0.95
2014-06-10	1.00
2014-06-11	1.00
2014-06-12	0.95
2014-06-13	0.91
2014-06-14	0.91
2014-06-15	0.91
2014-06-16	0.92
2014-06-17	0.96
2014-06-18	0.96
2014-06-19	0.96
2014-06-20	0.95
2014-06-21	0.94
2014-06-22	0.93
2014-06-23	0.93
2014-06-24	0.92
2014-06-25	0.91
2014-06-26	0.92
2014-06-27	0.94
2014-06-28	0.92
2014-06-29	0.91
2014-06-30	0.96
2014-07-01	0.96
2014-07-02	0.96
2014-07-03	0.95
2014-07-04	0.93
2014-07-05	0.93
2014-07-06	0.92
2014-07-07	0.93
2014-07-08	0.92
2014-07-09	0.93
2014-07-10	0.92
2014-07-11	0.92
2014-07-12	0.91
2014-07-13	0.91
2014-07-14	0.90
2014-07-15	0.90
2014-07-16	0.90
2014-07-17	0.91
2014-07-18	0.91
2014-07-19	0.90
2014-07-20	0.92
2014-07-21	0.93
2014-07-22	0.92
2014-07-23	0.92
2014-07-24	0.90
2014-07-25	0.91
2014-07-26	0.94
2014-07-27	0.94
2014-07-28	0.95
2014-07-29	0.93
2014-07-30	0.93
2014-07-31	0.94
2014-08-01	0.93
2014-08-02	0.94
2014-08-03	0.96
2014-08-04	1.00
2014-08-05	0.96
2014-08-06	0.95
2014-08-07	0.96
2014-08-08	0.97
2014-08-09	0.96
2014-08-10	0.96
2014-08-11	0.95
2014-08-12	0.96
2014-08-13	0.95
2014-08-14	0.95
2014-08-15	0.93
2014-08-16	0.93
2014-08-17	0.92
2014-08-18	0.92
2014-08-19	0.93
2014-08-20	0.93
2014-08-21	0.95
2014-08-22	1.00
2014-08-23	1.00
2014-08-24	1.00
2014-08-25	1.00
2014-08-26	0.96
2014-08-27	0.95
2014-08-28	0.95
2014-08-29	0.94
2014-08-30	0.94
2014-08-31	0.93
2014-09-01	0.93
2014-09-02	0.93
2014-09-03	0.94
2014-09-04	0.96
2014-09-05	1.00
2014-09-06	1.00
2014-09-07	1.00
2014-09-08	0.96
2014-09-09	0.94
2014-09-10	0.93
2014-09-11	0.96
2014-09-12	0.95
2014-09-13	0.94
2014-09-14	0.96
2014-09-15	1.00
2014-09-16	1.00
2014-09-17	1.00
2014-09-18	1.00
2014-09-19	0.95
2014-09-20	0.92
2014-09-21	0.92
2014-09-22	0.92
2014-09-23	0.93
2014-09-24	0.93
2014-09-25	0.95
2014-09-26	0.93
2014-09-27	0.92
2014-09-28	0.91
2014-09-29	0.92
2014-09-30	0.92
2014-10-01	0.94
2014-10-02	0.96
2014-10-03	1.00
2014-10-04	1.00
2014-10-05	1.00
2014-10-06	1.00
2014-10-07	1.00
2014-10-08	1.00
2014-10-09	1.00
2014-10-10	1.00
2014-10-11	1.00
2014-10-12	1.00
2014-10-13	1.00
2014-10-14	1.00
2014-10-15	1.00
2014-10-16	1.00
2014-10-17	0.97
2014-10-18	1.00
2014-10-19	1.00
2014-10-20	1.00
2014-10-21	1.00
2014-10-22	1.00
2014-10-23	1.00
2014-10-24	1.00
2014-10-25	1.00
2014-10-26	1.00
2014-10-27	1.00
2014-10-28	1.00
2014-10-29	1.00
2014-10-30	1.00
2014-10-31	1.00
2014-11-01	1.00
2014-11-02	1.00
2014-11-03	1.00
2014-11-04	1.00
2014-11-05	1.00
2014-11-06	1.00
2014-11-07	1.00
2014-11-08	1.00
2014-11-09	1.00
2014-11-10	0.96
2014-11-11	1.00
2014-11-12	1.00
2014-11-13	0.95
2014-11-14	0.95
2014-11-15	0.96
2014-11-16	0.97
2014-11-17	1.00
2014-11-18	1.00
2014-11-19	1.00
2014-11-20	1.00
2014-11-21	1.00
2014-11-22	1.00
2014-11-23	1.00
2014-11-24	1.00
2014-11-25	1.00
2014-11-26	1.00
2014-11-27	1.00
2014-11-28	1.00
2014-11-29	1.00
2014-11-30	1.00
2014-12-01	1.00
2014-12-02	1.00
2014-12-03	1.00
2014-12-04	1.00
2014-12-05	1.00
2014-12-06	1.00
2014-12-07	1.00
2014-12-08	1.00
2014-12-09	1.00
2014-12-10	1.00
2014-12-11	1.00
2014-12-12	1.00
2014-12-13	1.00
2014-12-14	1.00
2014-12-15	1.00
2014-12-16	1.00
2014-12-17	1.00
2014-12-18	1.00
2014-12-19	1.00
2014-12-20	1.00
2014-12-21	1.00
2014-12-22	1.00
2014-12-23	1.00
2014-12-24	1.00
2014-12-25	1.00
2014-12-26	1.00
2014-12-27	1.00
2014-12-28	1.00
2014-12-29	1.00
2014-12-30	1.00
2014-12-31	1.00
2015-01-01	1.00
2015-01-02	1.00
2015-01-03	1.00
2015-01-04	1.00
2015-01-05	1.00
2015-01-06	1.00
2015-01-07	1.00
2015-01-08	1.00
2015-01-09	1.00
2015-01-10	1.00
2015-01-11	1.00
2015-01-12	1.00
2015-01-13	1.00
2015-01-14	1.00
2015-01-15	1.00
2015-01-16	1.00
2015-01-17	1.00
2015-01-18	1.00
2015-01-19	1.00
2015-01-20	1.00
2015-01-21	1.00
2015-01-22	1.00
2015-01-23	1.00
2015-01-24	1.00
2015-01-25	1.00
2015-01-26	1.00
2015-01-27	1.00
2015-01-28	1.00
2015-01-29	1.00
2015-01-30	1.00
2015-01-31	1.00
2015-02-01	1.00
2015-02-02	1.00
2015-02-03	1.00
2015-02-04	1.00
2015-02-05	1.00
2015-02-06	1.00
2015-02-07	1.00
2015-02-08	1.00
2015-02-09	1.00
2015-02-10	1.00
2015-02-11	1.00
2015-02-12	1.00
2015-02-13	1.00
2015-02-14	1.00
2015-02-15	1.00
2015-02-16	1.00
2015-02-17	1.00
2015-02-18	1.00
2015-02-19	1.00
2015-02-20	1.00
2015-02-21	1.00
2015-02-22	1.00
2015-02-23	1.00
2015-02-24	1.00
2015-02-25	1.00
2015-02-26	1.00
2015-02-27	1.00
2015-02-28	1.00
2015-03-01	1.00
2015-03-02	1.00
2015-03-03	1.00
2015-03-04	1.00
2015-03-05	1.00
2015-03-06	1.00
2015-03-07	1.00
2015-03-08	1.00
2015-03-09	1.00
2015-03-10	1.00
2015-03-11	1.00
2015-03-12	1.00
2015-03-13	1.00
2015-03-14	1.00
2015-03-15	1.00
2015-03-16	1.00
2015-03-17	1.00
2015-03-18	1.00
2015-03-19	1.00
2015-03-20	1.00
2015-03-21	1.00
2015-03-22	1.00
2015-03-23	1.00
2015-03-24	1.00
2015-03-25	1.00
2015-03-26	1.00
2015-03-27	1.00
2015-03-28	1.00
2015-03-29	1.00
2015-03-30	1.00
2015-03-31	1.00
2015-04-01	1.00
2015-04-02	1.00
2015-04-03	1.00
2015-04-04	1.00
2015-04-05	1.00
2015-04-06	1.00
2015-04-07	1.00
2015-04-08	1.00
2015-04-09	1.00
2015-04-10	1.00
2015-04-11	1.00
2015-04-12	1.00
2015-04-13	1.00
2015-04-14	1.00
2015-04-15	1.00
2015-04-16	1.00
2015-04-17	1.00
2015-04-18	0.96
2015-04-19	0.96
2015-04-20	1.00
2015-04-21	1.00
2015-04-22	1.00
2015-04-23	1.00
2015-04-24	1.00
2015-04-25	1.00
2015-04-26	1.00
2015-04-27	1.00
2015-04-28	1.00
2015-04-29	1.00
2015-04-30	1.00
2015-05-01	1.00
2015-05-02	1.00
2015-05-03	1.00
2015-05-04	1.00
2015-05-05	1.00
2015-05-06	1.00
2015-05-07	1.00
2015-05-08	1.00
2015-05-09	1.00
2015-05-10	0.97
2015-05-11	1.00
2015-05-12	1.00
2015-05-13	1.00
2015-05-14	1.00
2015-05-15	1.00
2015-05-16	1.00
2015-05-17	1.00
2015-05-18	1.00
2015-05-19	1.00
2015-05-20	1.00
2015-05-21	0.96
2015-05-22	0.96
2015-05-23	0.96
2015-05-24	1.00
2015-05-25	1.00
2015-05-26	1.00
2015-05-27	1.00
2015-05-28	1.00
2015-05-29	1.00
2015-05-30	0.97
2015-05-31	0.96
2015-06-01	0.95
2015-06-02	0.95
2015-06-03	0.96
2015-06-04	1.00
2015-06-05	1.00
2015-06-06	0.96
2015-06-07	0.95
2015-06-08	1.00
2015-06-09	1.00
2015-06-10	1.00
2015-06-11	0.96
2015-06-12	0.96
2015-06-13	1.00
2015-06-14	1.00
2015-06-15	0.96
2015-06-16	1.00
2015-06-17	1.00
2015-06-18	1.00
2015-06-19	1.00
2015-06-20	0.96
2015-06-21	0.96
2015-06-22	0.95
2015-06-23	0.94
2015-06-24	0.96
2015-06-25	0.96
2015-06-26	0.94
2015-06-27	0.92
2015-06-28	0.91
2015-06-29	0.91
2015-06-30	0.91
2015-07-01	0.95
2015-07-02	0.94
2015-07-03	0.93
2015-07-04	1.00
2015-07-05	1.00
2015-07-06	1.00
2015-07-07	0.94
2015-07-08	0.92
2015-07-09	0.96
2015-07-10	1.00
2015-07-11	0.96
2015-07-12	0.95
2015-07-13	0.95
2015-07-14	0.94
2015-07-15	0.92
2015-07-16	0.92
2015-07-17	0.93
2015-07-18	0.93
2015-07-19	0.92
2015-07-20	0.93
2015-07-21	0.92
2015-07-22	0.92
2015-07-23	0.91
2015-07-24	0.92
2015-07-25	0.92
2015-07-26	0.93
2015-07-27	0.93
2015-07-28	0.94
2015-07-29	0.97
2015-07-30	0.97
2015-07-31	1.00
2015-08-01	0.96
2015-08-02	0.96
2015-08-03	0.95
2015-08-04	0.95
2015-08-05	0.95
2015-08-06	0.93
2015-08-07	0.92
2015-08-08	0.92
2015-08-09	0.93
2015-08-10	0.93
2015-08-11	0.93
2015-08-12	0.93
2015-08-13	0.92
2015-08-14	0.93
2015-08-15	0.93
2015-08-16	0.92
2015-08-17	0.94
2015-08-18	0.97
2015-08-19	0.96
2015-08-20	0.95
2015-08-21	0.95
2015-08-22	0.93
2015-08-23	0.93
2015-08-24	0.92
2015-08-25	0.92
2015-08-26	0.92
2015-08-27	0.93
2015-08-28	0.93
2015-08-29	0.92
2015-08-30	0.94
2015-08-31	0.95
2015-09-01	1.00
2015-09-02	1.00
2015-09-03	0.97
2015-09-04	0.97
2015-09-05	0.97
2015-09-06	0.96
2015-09-07	0.96
2015-09-08	0.95
2015-09-09	0.95
2015-09-10	0.95
2015-09-11	0.95
2015-09-12	0.95
2015-09-13	0.95
2015-09-14	0.94
2015-09-15	0.94
2015-09-16	0.95
2015-09-17	0.94
2015-09-18	0.94
2015-09-19	0.93
2015-09-20	0.93
2015-09-21	0.94
2015-09-22	1.00
2015-09-23	1.00
2015-09-24	1.00
2015-09-25	1.00
2015-09-26	1.00
2015-09-27	1.00
2015-09-28	0.95
2015-09-29	0.93
2015-09-30	1.00
2015-10-01	0.93
2015-10-02	0.93
2015-10-03	1.00
2015-10-04	1.00
2015-10-05	1.00
2015-10-06	1.00
2015-10-07	1.00
2015-10-08	1.00
2015-10-09	1.00
2015-10-10	1.00
2015-10-11	1.00
2015-10-12	1.00
2015-10-13	0.97
2015-10-14	1.00
2015-10-15	1.00
2015-10-16	1.00
2015-10-17	0.96
2015-10-18	0.96
2015-10-19	1.00
2015-10-20	1.00
2015-10-21	1.00
2015-10-22	1.00
2015-10-23	1.00
2015-10-24	1.00
2015-10-25	1.00
2015-10-26	1.00
2015-10-27	1.00
2015-10-28	1.00
2015-10-29	0.96
2015-10-30	0.95
2015-10-31	0.94
2015-11-01	0.96
2015-11-02	0.96
2015-11-03	1.00
2015-11-04	1.00
2015-11-05	1.00
2015-11-06	1.00
2015-11-07	1.00
2015-11-08	1.00
2015-11-09	1.00
2015-11-10	1.00
2015-11-11	1.00
2015-11-12	1.00
2015-11-13	1.00
2015-11-14	1.00
2015-11-15	1.00
2015-11-16	1.00
2015-11-17	1.00
2015-11-18	1.00
2015-11-19	1.00
2015-11-20	1.00
2015-11-21	1.00
2015-11-22	1.00
2015-11-23	1.00
2015-11-24	1.00
2015-11-25	1.00
2015-11-26	1.00
2015-11-27	1.00
2015-11-28	1.00
2015-11-29	1.00
2015-11-30	1.00
2015-12-01	1.00
2015-12-02	1.00
2015-12-03	1.00
2015-12-04	1.00
2015-12-05	1.00
2015-12-06	1.00
2015-12-07	1.00
2015-12-08	1.00
2015-12-09	1.00
2015-12-10	1.00
2015-12-11	1.00
2015-12-12	1.00
2015-12-13	1.00
2015-12-14	1.00
2015-12-15	1.00
2015-12-16	1.00
2015-12-17	1.00
2015-12-18	1.00
2015-12-19	1.00
2015-12-20	1.00
2015-12-21	1.00
2015-12-22	1.00
2015-12-23	1.00
2015-12-24	1.00
2015-12-25	1.00
2015-12-26	1.00
2015-12-27	1.00
2015-12-28	1.00
2015-12-29	1.00
2015-12-30	1.00
2015-12-31	1.00
2016-01-01	1.00
2016-01-02	1.00
2016-01-03	1.00
2016-01-04	1.00
2016-01-05	1.00
2016-01-06	1.00
2016-01-07	1.00
2016-01-08	1.00
2016-01-09	1.00
2016-01-10	1.00
2016-01-11	1.00
2016-01-12	1.00
2016-01-13	1.00
2016-01-14	1.00
2016-01-15	1.00
2016-01-16	1.00
2016-01-17	1.00
2016-01-18	1.00
2016-01-19	1.00
2016-01-20	1.00
2016-01-21	1.00
2016-01-22	1.00
2016-01-23	1.00
2016-01-24	1.00
2016-01-25	1.00
2016-01-26	1.00
2016-01-27	1.00
2016-01-28	1.00
2016-01-29	1.00
2016-01-30	1.00
2016-01-31	1.00
2016-02-01	1.00
2016-02-02	1.00
2016-02-03	1.00
2016-02-04	1.00
2016-02-05	1.00
2016-02-06	1.00
2016-02-07	1.00
2016-02-08	1.00
2016-02-09	1.00
2016-02-10	1.00
2016-02-11	1.00
2016-02-12	1.00
2016-02-13	1.00
2016-02-14	1.00
2016-02-15	1.00
2016-02-16	1.00
2016-02-17	1.00
2016-02-18	1.00
2016-02-19	1.00
2016-02-20	1.00
2016-02-21	1.00
2016-02-22	1.00
2016-02-23	1.00
2016-02-24	1.00
2016-02-25	1.00
2016-02-26	1.00
2016-02-27	1.00
2016-02-28	1.00
2016-02-29	1.00
2016-03-01	1.00
2016-03-02	1.00
2016-03-03	1.00
2016-03-04	1.00
2016-03-05	1.00
2016-03-06	1.00
2016-03-07	1.00
2016-03-08	1.00
2016-03-09	1.00
2016-03-10	1.00
2016-03-11	1.00
2016-03-12	1.00
2016-03-13	1.00
2016-03-14	1.00
2016-03-15	1.00
2016-03-16	1.00
2016-03-17	1.00
2016-03-18	1.00
2016-03-19	1.00
2016-03-20	1.00
2016-03-21	1.00
2016-03-22	1.00
2016-03-23	1.00
2016-03-24	1.00
2016-03-25	1.00
2016-03-26	1.00
2016-03-27	1.00
2016-03-28	1.00
2016-03-29	1.00
2016-03-30	1.00
2016-03-31	1.00
2016-04-01	1.00
2016-04-02	1.00
2016-04-03	1.00
2016-04-04	1.00
2016-04-05	1.00
2016-04-06	1.00
2016-04-07	1.00
2016-04-08	1.00
2016-04-09	1.00
2016-04-10	1.00
2016-04-11	1.00
2016-04-12	1.00
2016-04-13	1.00
2016-04-14	1.00
2016-04-15	1.00
2016-04-16	1.00
2016-04-17	1.00
2016-04-18	0.96
2016-04-19	0.96
2016-04-20	1.00
2016-04-21	1.00
2016-04-22	0.96
2016-04-23	1.00
2016-04-24	1.00
2016-04-25	1.00
2016-04-26	1.00
2016-04-27	1.00
2016-04-28	1.00
2016-04-29	1.00
2016-04-30	0.97
2016-05-01	0.96
2016-05-02	0.96
2016-05-03	0.96
2016-05-04	1.00
2016-05-05	1.00
2016-05-06	1.00
2016-05-07	1.00
2016-05-08	1.00
2016-05-09	1.00
2016-05-10	1.00
2016-05-11	1.00
2016-05-12	1.00
2016-05-13	1.00
2016-05-14	1.00
2016-05-15	1.00
2016-05-16	1.00
2016-05-17	1.00
2016-05-18	1.00
2016-05-19	1.00
2016-05-20	1.00
2016-05-21	1.00
2016-05-22	1.00
2016-05-23	1.00
2016-05-24	0.96
2016-05-25	0.96
2016-05-26	1.00
2016-05-27	1.00
2016-05-28	1.00
2016-05-29	1.00
2016-05-30	1.00
2016-05-31	1.00
2016-06-01	0.93
2016-06-02	0.93
2016-06-03	0.96
2016-06-04	0.96
2016-06-05	0.95
2016-06-06	0.93
2016-06-07	0.92
2016-06-08	0.93
2016-06-09	0.96
2016-06-10	0.94
2016-06-11	0.93
2016-06-12	1.00
2016-06-13	0.96
2016-06-14	0.95
2016-06-15	0.95
2016-06-16	0.95
2016-06-17	0.95
2016-06-18	0.94
2016-06-19	0.93
2016-06-20	1.00
2016-06-21	1.00
2016-06-22	1.00
2016-06-23	1.00
2016-06-24	0.96
2016-06-25	0.93
2016-06-26	0.92
2016-06-27	0.96
2016-06-28	1.00
2016-06-29	0.96
2016-06-30	0.95
2016-07-01	0.94
2016-07-02	0.92
2016-07-03	0.93
2016-07-04	0.93
2016-07-05	0.94
2016-07-06	0.96
2016-07-07	0.97
2016-07-08	0.96
2016-07-09	0.96
2016-07-10	0.95
2016-07-11	0.93
2016-07-12	0.93
2016-07-13	0.93
2016-07-14	0.93
2016-07-15	0.92
2016-07-16	0.93
2016-07-17	0.95
2016-07-18	0.94
2016-07-19	0.96
2016-07-20	0.95
2016-07-21	0.95
2016-07-22	0.96
2016-07-23	0.97
2016-07-24	0.96
2016-07-25	0.94
2016-07-26	0.93
2016-07-27	0.95
2016-07-28	0.96
2016-07-29	0.95
2016-07-30	0.94
2016-07-31	0.94
2016-08-01	0.94
2016-08-02	0.92
2016-08-03	0.92
2016-08-04	0.91
2016-08-05	0.92
2016-08-06	0.93
2016-08-07	0.93
2016-08-08	0.95
2016-08-09	0.96
2016-08-10	0.96
2016-08-11	0.96
2016-08-12	0.94
2016-08-13	0.93
2016-08-14	0.92
2016-08-15	0.93
2016-08-16	0.93
2016-08-17	0.93
2016-08-18	0.92
2016-08-19	0.94
2016-08-20	0.95
2016-08-21	0.94
2016-08-22	0.93
2016-08-23	1.00
2016-08-24	1.00
2016-08-25	0.97
2016-08-26	0.96
2016-08-27	0.93
2016-08-28	0.93
2016-08-29	0.92
2016-08-30	0.93
2016-08-31	0.94
2016-09-01	0.97
2016-09-02	0.96
2016-09-03	0.95
2016-09-04	1.00
2016-09-05	1.00
2016-09-06	0.96
2016-09-07	0.94
2016-09-08	0.94
2016-09-09	0.94
2016-09-10	0.95
2016-09-11	0.94
2016-09-12	0.96
2016-09-13	1.00
2016-09-14	1.00
2016-09-15	0.93
2016-09-16	0.97
2016-09-17	1.00
2016-09-18	1.00
2016-09-19	0.96
2016-09-20	0.94
2016-09-21	1.00
2016-09-22	0.93
2016-09-23	1.00
2016-09-24	1.00
2016-09-25	1.00
2016-09-26	1.00
2016-09-27	1.00
2016-09-28	1.00
2016-09-29	1.00
2016-09-30	1.00
2016-10-01	1.00
2016-10-02	1.00
2016-10-03	1.00
2016-10-04	1.00
2016-10-05	1.00
2016-10-06	1.00
2016-10-07	0.95
2016-10-08	0.96
2016-10-09	1.00
2016-10-10	1.00
2016-10-11	1.00
2016-10-12	1.00
2016-10-13	1.00
2016-10-14	1.00
2016-10-15	0.96
2016-10-16	0.96
2016-10-17	0.94
2016-10-18	0.95
2016-10-19	1.00
2016-10-20	1.00
2016-10-21	1.00
2016-10-22	1.00
2016-10-23	1.00
2016-10-24	1.00
2016-10-25	1.00
2016-10-26	1.00
2016-10-27	1.00
2016-10-28	1.00
2016-10-29	1.00
2016-10-30	1.00
2016-10-31	1.00
2016-11-01	1.00
2016-11-02	1.00
2016-11-03	1.00
2016-11-04	1.00
2016-11-05	0.97
2016-11-06	0.96
2016-11-07	1.00
2016-11-08	1.00
2016-11-09	1.00
2016-11-10	1.00
2016-11-11	1.00
2016-11-12	1.00
2016-11-13	1.00
2016-11-14	1.00
2016-11-15	1.00
2016-11-16	1.00
2016-11-17	1.00
2016-11-18	1.00
2016-11-19	1.00
2016-11-20	1.00
2016-11-21	1.00
2016-11-22	1.00
2016-11-23	1.00
2016-11-24	1.00
2016-11-25	1.00
2016-11-26	1.00
2016-11-27	1.00
2016-11-28	1.00
2016-11-29	1.00
2016-11-30	1.00
2016-12-01	1.00
2016-12-02	1.00
2016-12-03	1.00
2016-12-04	1.00
2016-12-05	1.00
2016-12-06	1.00
2016-12-07	1.00
2016-12-08	1.00
2016-12-09	1.00
2016-12-10	1.00
2016-12-11	1.00
2016-12-12	1.00
2016-12-13	1.00
2016-12-14	1.00
2016-12-15	1.00
2016-12-16	1.00
2016-12-17	1.00
2016-12-18	1.00
2016-12-19	1.00
2016-12-20	1.00
2016-12-21	1.00
2016-12-22	1.00
2016-12-23	1.00
2016-12-24	1.00
2016-12-25	1.00
2016-12-26	1.00
2016-12-27	1.00
2016-12-28	1.00
2016-12-29	1.00
2016-12-30	1.00
2016-12-31	1.00
2017-01-01	1.00
2017-01-02	1.00
2017-01-03	1.00
2017-01-04	1.00
2017-01-05	1.00
2017-01-06	1.00
2017-01-07	1.00
2017-01-08	1.00
2017-01-09	1.00
2017-01-10	1.00
2017-01-11	1.00
2017-01-12	1.00
2017-01-13	1.00
2017-01-14	1.00
2017-01-15	1.00
2017-01-16	1.00
2017-01-17	1.00
2017-01-18	1.00
2017-01-19	1.00
2017-01-20	1.00
2017-01-21	1.00
2017-01-22	1.00
2017-01-23	1.00
2017-01-24	1.00
2017-01-25	1.00
2017-01-26	1.00
2017-01-27	1.00
2017-01-28	1.00
2017-01-29	1.00
2017-01-30	1.00
2017-01-31	1.00
2017-02-01	1.00
2017-02-02	1.00
2017-02-03	1.00
2017-02-04	1.00
2017-02-05	1.00
2017-02-06	1.00
2017-02-07	1.00
2017-02-08	1.00
2017-02-09	1.00
2017-02-10	1.00
2017-02-11	1.00
2017-02-12	1.00
2017-02-13	1.00
2017-02-14	1.00
2017-02-15	1.00
2017-02-16	1.00
2017-02-17	1.00
2017-02-18	1.00
2017-02-19	1.00
2017-02-20	1.00
2017-02-21	1.00
2017-02-22	1.00
2017-02-23	1.00
2017-02-24	1.00
2017-02-25	1.00
2017-02-26	1.00
2017-02-27	1.00
2017-02-28	1.00
2017-03-01	1.00
2017-03-02	1.00
2017-03-03	1.00
2017-03-04	1.00
2017-03-05	1.00
2017-03-06	1.00
2017-03-07	1.00
2017-03-08	1.00
2017-03-09	1.00
2017-03-10	1.00
2017-03-11	1.00
2017-03-12	1.00
2017-03-13	1.00
2017-03-14	1.00
2017-03-15	1.00
2017-03-16	1.00
2017-03-17	1.00
2017-03-18	1.00
2017-03-19	1.00
2017-03-20	1.00
2017-03-21	1.00
2017-03-22	1.00
2017-03-23	1.00
2017-03-24	1.00
2017-03-25	1.00
2017-03-26	1.00
2017-03-27	1.00
2017-03-28	1.00
2017-03-29	1.00
2017-03-30	1.00
2017-03-31	1.00
2017-04-01	1.00
2017-04-02	1.00
2017-04-03	1.00
2017-04-04	1.00
2017-04-05	1.00
2017-04-06	1.00
2017-04-07	1.00
2017-04-08	1.00
2017-04-09	1.00
2017-04-10	1.00
2017-04-11	1.00
2017-04-12	1.00
2017-04-13	0.96
2017-04-14	1.00
2017-04-15	1.00
2017-04-16	1.00
2017-04-17	1.00
2017-04-18	1.00
2017-04-19	0.97
2017-04-20	1.00
2017-04-21	1.00
2017-04-22	1.00
2017-04-23	1.00
2017-04-24	1.00
2017-04-25	1.00
2017-04-26	1.00
2017-04-27	1.00
2017-04-28	1.00
2017-04-29	1.00
2017-04-30	1.00
2017-05-01	1.00
2017-05-02	1.00
2017-05-03	1.00
2017-05-04	0.97
2017-05-05	0.96
2017-05-06	1.00
2017-05-07	1.00
2017-05-08	1.00
2017-05-09	0.96
2017-05-10	0.95
2017-05-11	0.95
2017-05-12	0.95
2017-05-13	0.95
2017-05-14	0.95
2017-05-15	0.96
2017-05-16	1.00
2017-05-17	0.96
2017-05-18	1.00
2017-05-19	1.00
2017-05-20	1.00
2017-05-21	0.94
2017-05-22	0.93
2017-05-23	0.96
2017-05-24	1.00
2017-05-25	1.00
2017-05-26	1.00
2017-05-27	1.00
2017-05-28	1.00
2017-05-29	1.00
2017-05-30	1.00
2017-05-31	1.00
2017-06-01	0.97
2017-06-02	0.96
2017-06-03	0.95
2017-06-04	0.95
2017-06-05	0.95
2017-06-06	0.95
2017-06-07	0.94
2017-06-08	0.94
2017-06-09	0.92
2017-06-10	0.92
2017-06-11	0.93
2017-06-12	0.95
2017-06-13	0.93
2017-06-14	0.92
2017-06-15	0.92
2017-06-16	0.92
2017-06-17	0.92
2017-06-18	0.92
2017-06-19	0.92
2017-06-20	0.91
2017-06-21	0.91
2017-06-22	0.90
2017-06-23	0.93
2017-06-24	0.97
2017-06-25	0.95
2017-06-26	0.92
2017-06-27	0.91
2017-06-28	0.90
2017-06-29	0.90
2017-06-30	0.92
2017-07-01	0.91
2017-07-02	0.94
2017-07-03	0.96
2017-07-04	0.95
2017-07-05	0.95
2017-07-06	0.95
2017-07-07	0.95
2017-07-08	0.95
2017-07-09	0.93
2017-07-10	0.93
2017-07-11	0.92
2017-07-12	0.91
2017-07-13	0.92
2017-07-14	0.92
2017-07-15	0.95
2017-07-16	0.95
2017-07-17	0.93
2017-07-18	0.92
2017-07-19	0.91
2017-07-20	0.91
2017-07-21	0.92
2017-07-22	0.94
2017-07-23	0.94
2017-07-24	0.94
2017-07-25	0.92
2017-07-26	0.91
2017-07-27	0.92
2017-07-28	0.92
2017-07-29	0.92
2017-07-30	0.91
2017-07-31	0.91
2017-08-01	0.91
2017-08-02	0.92
2017-08-03	0.91
2017-08-04	0.91
2017-08-05	0.92
2017-08-06	0.92
2017-08-07	0.93
2017-08-08	0.92
2017-08-09	0.91
2017-08-10	0.91
2017-08-11	0.92
2017-08-12	0.92
2017-08-13	0.93
2017-08-14	0.93
2017-08-15	0.94
2017-08-16	0.94
2017-08-17	0.93
2017-08-18	0.92
2017-08-19	0.93
2017-08-20	0.94
2017-08-21	0.91
2017-08-22	0.95
2017-08-23	0.96
2017-08-24	0.96
2017-08-25	0.96
2017-08-26	0.95
2017-08-27	0.95
2017-08-28	0.94
2017-08-29	0.93
2017-08-30	0.93
2017-08-31	0.93
2017-09-01	0.93
2017-09-02	1.00
2017-09-03	1.00
2017-09-04	1.00
2017-09-05	1.00
2017-09-06	1.00
2017-09-07	1.00
2017-09-08	1.00
2017-09-09	0.96
2017-09-10	0.95
2017-09-11	0.95
2017-09-12	0.96
2017-09-13	0.96
2017-09-14	1.00
2017-09-15	1.00
2017-09-16	1.00
2017-09-17	0.95
2017-09-18	0.95
2017-09-19	1.00
2017-09-20	1.00
2017-09-21	1.00
2017-09-22	1.00
2017-09-23	0.94
2017-09-24	0.96
2017-09-25	1.00
2017-09-26	1.00
2017-09-27	1.00
2017-09-28	1.00
2017-09-29	1.00
2017-09-30	1.00
2017-10-01	0.96
2017-10-02	0.96
2017-10-03	1.00
2017-10-04	1.00
2017-10-05	1.00
2017-10-06	1.00
2017-10-07	1.00
2017-10-08	0.97
2017-10-09	0.96
2017-10-10	1.00
2017-10-11	1.00
2017-10-12	1.00
2017-10-13	1.00
2017-10-14	1.00
2017-10-15	1.00
2017-10-16	1.00
2017-10-17	1.00
2017-10-18	1.00
2017-10-19	1.00
2017-10-20	1.00
2017-10-21	1.00
2017-10-22	1.00
2017-10-23	1.00
2017-10-24	0.96
2017-10-25	1.00
2017-10-26	1.00
2017-10-27	1.00
2017-10-28	0.96
2017-10-29	0.95
2017-10-30	0.95
2017-10-31	0.95
2017-11-01	0.95
2017-11-02	0.95
2017-11-03	0.96
2017-11-04	1.00
2017-11-05	1.00
2017-11-06	1.00
2017-11-07	1.00
2017-11-08	1.00
2017-11-09	0.96
2017-11-10	0.96
2017-11-11	1.00
2017-11-12	1.00
2017-11-13	1.00
2017-11-14	1.00
2017-11-15	1.00
2017-11-16	1.00
2017-11-17	1.00
2017-11-18	1.00
2017-11-19	1.00
2017-11-20	1.00
2017-11-21	1.00
2017-11-22	1.00
2017-11-23	1.00
2017-11-24	1.00
2017-11-25	1.00
2017-11-26	1.00
2017-11-27	1.00
2017-11-28	1.00
2017-11-29	1.00
2017-11-30	1.00
2017-12-01	1.00
2017-12-02	1.00
2017-12-03	1.00
2017-12-04	1.00
2017-12-05	1.00
2017-12-06	1.00
2017-12-07	1.00
2017-12-08	1.00
2017-12-09	1.00
2017-12-10	1.00
2017-12-11	1.00
2017-12-12	1.00
2017-12-13	1.00
2017-12-14	1.00
2017-12-15	1.00
2017-12-16	1.00
2017-12-17	1.00
2017-12-18	1.00
2017-12-19	1.00
2017-12-20	1.00
2017-12-21	1.00
2017-12-22	1.00
2017-12-23	1.00
2017-12-24	1.00
2017-12-25	1.00
2017-12-26	1.00
2017-12-27	1.00
2017-12-28	1.00
2017-12-29	1.00
2017-12-30	1.00
2017-12-31	1.00
2018-01-01	1.00
2018-01-02	1.00
2018-01-03	1.00
2018-01-04	1.00
2018-01-05	1.00
2018-01-06	1.00
2018-01-07	1.00
2018-01-08	1.00
2018-01-09	1.00
2018-01-10	1.00
2018-01-11	1.00
2018-01-12	1.00
2018-01-13	1.00
2018-01-14	1.00
2018-01-15	1.00
2018-01-16	1.00
2018-01-17	1.00
2018-01-18	1.00
2018-01-19	1.00
2018-01-20	1.00
2018-01-21	1.00
2018-01-22	1.00
2018-01-23	1.00
2018-01-24	1.00
2018-01-25	1.00
2018-01-26	1.00
2018-01-27	1.00
2018-01-28	1.00
2018-01-29	1.00
2018-01-30	1.00
2018-01-31	1.00
2018-02-01	1.00
2018-02-02	1.00
2018-02-03	1.00
2018-02-04	1.00
2018-02-05	1.00
2018-02-06	1.00
2018-02-07	1.00
2018-02-08	1.00
2018-02-09	1.00
2018-02-10	1.00
2018-02-11	1.00
2018-02-12	1.00
2018-02-13	1.00
2018-02-14	1.00
2018-02-15	1.00
2018-02-16	1.00
2018-02-17	1.00
2018-02-18	1.00
2018-02-19	1.00
2018-02-20	1.00
2018-02-21	1.00
2018-02-22	1.00
2018-02-23	1.00
2018-02-24	1.00
2018-02-25	1.00
2018-02-26	1.00
2018-02-27	1.00
2018-02-28	1.00
2018-03-01	1.00
2018-03-02	1.00
2018-03-03	1.00
2018-03-04	1.00
2018-03-05	1.00
2018-03-06	1.00
2018-03-07	1.00
2018-03-08	1.00
2018-03-09	1.00
2018-03-10	1.00
2018-03-11	1.00
2018-03-12	1.00
2018-03-13	1.00
2018-03-14	1.00
2018-03-15	1.00
2018-03-16	1.00
2018-03-17	1.00
2018-03-18	1.00
2018-03-19	1.00
2018-03-20	1.00
2018-03-21	1.00
2018-03-22	1.00
2018-03-23	1.00
2018-03-24	1.00
2018-03-25	1.00
2018-03-26	1.00
2018-03-27	1.00
2018-03-28	1.00
2018-03-29	1.00
2018-03-30	1.00
2018-03-31	1.00
2018-04-01	1.00
2018-04-02	1.00
2018-04-03	1.00
2018-04-04	1.00
2018-04-05	1.00
2018-04-06	1.00
2018-04-07	1.00
2018-04-08	1.00
2018-04-09	1.00
2018-04-10	1.00
2018-04-11	1.00
2018-04-12	1.00
2018-04-13	1.00
2018-04-14	1.00
2018-04-15	1.00
2018-04-16	1.00
2018-04-17	1.00
2018-04-18	1.00
2018-04-19	1.00
2018-04-20	1.00
2018-04-21	1.00
2018-04-22	1.00
2018-04-23	1.00
2018-04-24	1.00
2018-04-25	1.00
2018-04-26	1.00
2018-04-27	1.00
2018-04-28	1.00
2018-04-29	1.00
2018-04-30	1.00
2018-05-01	1.00
2018-05-02	1.00
2018-05-03	1.00
2018-05-04	1.00
2018-05-05	1.00
2018-05-06	1.00
2018-05-07	1.00
2018-05-08	1.00
2018-05-09	1.00
2018-05-10	1.00
2018-05-11	1.00
2018-05-12	0.95
2018-05-13	0.96
2018-05-14	1.00
2018-05-15	1.00
2018-05-16	1.00
2018-05-17	0.95
2018-05-18	1.00
2018-05-19	1.00
2018-05-20	1.00
2018-05-21	1.00
2018-05-22	1.00
2018-05-23	1.00
2018-05-24	1.00
2018-05-25	1.00
2018-05-26	0.95
2018-05-27	0.94
2018-05-28	0.95
2018-05-29	1.00
2018-05-30	1.00
2018-05-31	0.97
2018-06-01	0.95
2018-06-02	0.94
2018-06-03	0.94
2018-06-04	0.94
2018-06-05	0.94
2018-06-06	0.95
2018-06-07	0.95
2018-06-08	0.95
2018-06-09	0.93
2018-06-10	1.00
2018-06-11	1.00
2018-06-12	1.00
2018-06-13	1.00
2018-06-14	1.00
2018-06-15	1.00
2018-06-16	1.00
2018-06-17	0.97
2018-06-18	0.95
2018-06-19	0.95
2018-06-20	0.96
2018-06-21	0.97
2018-06-22	0.96
2018-06-23	0.95
2018-06-24	0.96
2018-06-25	1.00
2018-06-26	0.96
2018-06-27	0.95
2018-06-28	0.93
2018-06-29	0.92
2018-06-30	0.92
2018-07-01	0.92
2018-07-02	0.92
2018-07-03	0.92
2018-07-04	0.95
2018-07-05	1.00
2018-07-06	1.00
2018-07-07	0.96
2018-07-08	0.95
2018-07-09	0.94
2018-07-10	0.94
2018-07-11	0.96
2018-07-12	0.96
2018-07-13	0.95
2018-07-14	0.93
2018-07-15	0.92
2018-07-16	0.93
2018-07-17	0.96
2018-07-18	0.96
2018-07-19	0.95
2018-07-20	0.94
2018-07-21	0.93
2018-07-22	0.93
2018-07-23	0.92
2018-07-24	0.92
2018-07-25	0.93
2018-07-26	0.96
2018-07-27	0.96
2018-07-28	0.95
2018-07-29	0.94
2018-07-30	0.94
2018-07-31	0.94
2018-08-01	0.96
2018-08-02	0.94
2018-08-03	0.92
2018-08-04	0.93
2018-08-05	0.93
2018-08-06	0.95
2018-08-07	0.96
2018-08-08	0.95
2018-08-09	0.94
2018-08-10	0.96
2018-08-11	0.96
2018-08-12	0.95
2018-08-13	0.95
2018-08-14	0.95
2018-08-15	1.00
2018-08-16	1.00
2018-08-17	0.96
2018-08-18	0.93
2018-08-19	1.00
2018-08-20	1.00
2018-08-21	0.97
2018-08-22	0.95
2018-08-23	0.93
2018-08-24	0.92
2018-08-25	0.95
2018-08-26	0.96
2018-08-27	0.95
2018-08-28	0.94
2018-08-29	0.93
2018-08-30	0.93
2018-08-31	0.93
2018-09-01	0.92
2018-09-02	0.94
2018-09-03	0.96
2018-09-04	0.96
2018-09-05	0.96
2018-09-06	0.97
2018-09-07	0.95
2018-09-08	0.92
2018-09-09	0.94
2018-09-10	1.00
2018-09-11	1.00
2018-09-12	0.93
2018-09-13	0.92
2018-09-14	0.97
2018-09-15	0.97
2018-09-16	1.00
2018-09-17	1.00
2018-09-18	1.00
2018-09-19	0.97
2018-09-20	0.95
2018-09-21	0.95
2018-09-22	1.00
2018-09-23	1.00
2018-09-24	1.00
2018-09-25	1.00
2018-09-26	0.96
2018-09-27	0.94
2018-09-28	0.96
2018-09-29	1.00
2018-09-30	1.00
2018-10-01	1.00
2018-10-02	0.97
2018-10-03	0.92
2018-10-04	0.95
2018-10-05	1.00
2018-10-06	0.95
2018-10-07	0.96
2018-10-08	1.00
2018-10-09	1.00
2018-10-10	1.00
2018-10-11	1.00
2018-10-12	1.00
2018-10-13	1.00
2018-10-14	1.00
2018-10-15	1.00
2018-10-16	1.00
2018-10-17	1.00
2018-10-18	1.00
2018-10-19	1.00
2018-10-20	1.00
2018-10-21	1.00
2018-10-22	1.00
2018-10-23	1.00
2018-10-24	1.00
2018-10-25	1.00
2018-10-26	1.00
2018-10-27	0.96
2018-10-28	1.00
2018-10-29	1.00
2018-10-30	1.00
2018-10-31	1.00
2018-11-01	0.96
2018-11-02	0.96
2018-11-03	1.00
2018-11-04	1.00
2018-11-05	1.00
2018-11-06	0.97
2018-11-07	1.00
2018-11-08	1.00
2018-11-09	1.00
2018-11-10	1.00
2018-11-11	1.00
2018-11-12	1.00
2018-11-13	1.00
2018-11-14	1.00
2018-11-15	1.00
2018-11-16	1.00
2018-11-17	1.00
2018-11-18	1.00
2018-11-19	1.00
2018-11-20	1.00
2018-11-21	1.00
2018-11-22	1.00
2018-11-23	1.00
2018-11-24	1.00
2018-11-25	1.00
2018-11-26	1.00
2018-11-27	1.00
2018-11-28	1.00
2018-11-29	1.00
2018-11-30	1.00
2018-12-01	1.00
2018-12-02	1.00
2018-12-03	1.00
2018-12-04	1.00
2018-12-05	1.00
2018-12-06	1.00
2018-12-07	1.00
2018-12-08	1.00
2018-12-09	1.00
2018-12-10	1.00
2018-12-11	1.00
2018-12-12	1.00
2018-12-13	1.00
2018-12-14	1.00
2018-12-15	1.00
2018-12-16	1.00
2018-12-17	1.00
2018-12-18	1.00
2018-12-19	1.00
2018-12-20	1.00
2018-12-21	1.00
2018-12-22	1.00
2018-12-23	1.00
2018-12-24	1.00
2018-12-25	1.00
2018-12-26	1.00
2018-12-27	1.00
2018-12-28	1.00
2018-12-29	1.00
2018-12-30	1.00
2018-12-31	1.00
2019-01-01	1.00
2019-01-02	1.00
2019-01-03	1.00
2019-01-04	1.00
2019-01-05	1.00
2019-01-06	1.00
2019-01-07	1.00
2019-01-08	1.00
2019-01-09	1.00
2019-01-10	1.00
2019-01-11	1.00
2019-01-12	1.00
2019-01-13	1.00
2019-01-14	1.00
2019-01-15	1.00
2019-01-16	1.00
2019-01-17	1.00
2019-01-18	1.00
2019-01-19	1.00
2019-01-20	1.00
2019-01-21	1.00
2019-01-22	1.00
2019-01-23	1.00
2019-01-24	1.00
2019-01-25	1.00
2019-01-26	1.00
2019-01-27	1.00
2019-01-28	1.00
2019-01-29	1.00
2019-01-30	1.00
2019-01-31	1.00
2019-02-01	1.00
2019-02-02	1.00
2019-02-03	1.00
2019-02-04	1.00
2019-02-05	1.00
2019-02-06	1.00
2019-02-07	1.00
2019-02-08	1.00
2019-02-09	1.00
2019-02-10	1.00
2019-02-11	1.00
2019-02-12	1.00
2019-02-13	1.00
2019-02-14	1.00
2019-02-15	1.00
2019-02-16	1.00
2019-02-17	1.00
2019-02-18	1.00
2019-02-19	1.00
2019-02-20	1.00
2019-02-21	1.00
2019-02-22	1.00
2019-02-23	1.00
2019-02-24	1.00
2019-02-25	1.00
2019-02-26	1.00
2019-02-27	1.00
2019-02-28	1.00
2019-03-01	1.00
2019-03-02	1.00
2019-03-03	1.00
2019-03-04	1.00
2019-03-05	1.00
2019-03-06	1.00
2019-03-07	1.00
2019-03-08	1.00
2019-03-09	1.00
2019-03-10	1.00
2019-03-11	1.00
2019-03-12	1.00
2019-03-13	1.00
2019-03-14	1.00
2019-03-15	1.00
2019-03-16	1.00
2019-03-17	1.00
2019-03-18	1.00
2019-03-19	1.00
2019-03-20	1.00
2019-03-21	1.00
2019-03-22	1.00
2019-03-23	1.00
2019-03-24	1.00
2019-03-25	1.00
2019-03-26	1.00
2019-03-27	1.00
2019-03-28	1.00
2019-03-29	1.00
2019-03-30	1.00
2019-03-31	1.00
2019-04-01	1.00
2019-04-02	1.00
2019-04-03	1.00
2019-04-04	1.00
2019-04-05	1.00
2019-04-06	1.00
2019-04-07	1.00
2019-04-08	1.00
2019-04-09	1.00
2019-04-10	0.96
2019-04-11	1.00
2019-04-12	1.00
2019-04-13	1.00
2019-04-14	1.00
2019-04-15	1.00
2019-04-16	1.00
2019-04-17	1.00
2019-04-18	1.00
2019-04-19	1.00
2019-04-20	1.00
2019-04-21	1.00
2019-04-22	1.00
2019-04-23	1.00
2019-04-24	1.00
2019-04-25	1.00
2019-04-26	1.00
2019-04-27	1.00
2019-04-28	1.00
2019-04-29	1.00
2019-04-30	1.00
2019-05-01	0.96
2019-05-02	0.95
2019-05-03	1.00
2019-05-04	1.00
2019-05-05	1.00
2019-05-06	0.97
2019-05-07	1.00
2019-05-08	1.00
2019-05-09	1.00
2019-05-10	1.00
2019-05-11	1.00
2019-05-12	1.00
2019-05-13	1.00
2019-05-14	1.00
2019-05-15	1.00
2019-05-16	0.96
2019-05-17	0.95
2019-05-18	0.94
2019-05-19	0.95
2019-05-20	1.00
2019-05-21	1.00
2019-05-22	0.97
2019-05-23	0.95
2019-05-24	0.94
2019-05-25	0.94
2019-05-26	0.93
2019-05-27	0.94
2019-05-28	1.00
2019-05-29	1.00
2019-05-30	1.00
2019-05-31	1.00
2019-06-01	1.00
2019-06-02	0.96
2019-06-03	0.96
2019-06-04	0.96
2019-06-05	0.95
2019-06-06	0.96
2019-06-07	0.96
2019-06-08	0.96
2019-06-09	0.93
2019-06-10	0.92
2019-06-11	0.93
2019-06-12	0.97
2019-06-13	1.00
2019-06-14	0.97
2019-06-15	1.00
2019-06-16	1.00
2019-06-17	1.00
2019-06-18	0.96
2019-06-19	0.95
2019-06-20	0.94
2019-06-21	0.93
2019-06-22	0.93
2019-06-23	0.92
2019-06-24	0.94
2019-06-25	0.95
2019-06-26	0.95
2019-06-27	0.93
2019-06-28	0.92
2019-06-29	0.91
2019-06-30	0.91
2019-07-01	0.91
2019-07-02	0.90
2019-07-03	0.90
2019-07-04	0.90
2019-07-05	0.90
2019-07-06	0.91
2019-07-07	0.91
2019-07-08	0.91
2019-07-09	0.91
2019-07-10	0.92
2019-07-11	0.92
2019-07-12	0.92
2019-07-13	0.95
2019-07-14	0.96
2019-07-15	0.95
2019-07-16	0.94
2019-07-17	0.93
2019-07-18	0.92
2019-07-19	0.91
2019-07-20	0.94
2019-07-21	0.95
2019-07-22	0.94
2019-07-23	0.94
2019-07-24	0.93
2019-07-25	0.93
2019-07-26	0.93
2019-07-27	0.92
2019-07-28	0.92
2019-07-29	0.92
2019-07-30	0.92
2019-07-31	0.92
2019-08-01	0.92
2019-08-02	0.92
2019-08-03	0.92
2019-08-04	0.91
2019-08-05	0.92
2019-08-06	0.93
2019-08-07	0.92
2019-08-08	0.93
2019-08-09	0.93
2019-08-10	0.93
2019-08-11	0.96
2019-08-12	0.96
2019-08-13	0.96
2019-08-14	0.95
2019-08-15	0.93
2019-08-16	0.92
2019-08-17	0.92
2019-08-18	0.94
2019-08-19	0.95
2019-08-20	0.94
2019-08-21	0.93
2019-08-22	0.91
2019-08-23	0.92
2019-08-24	0.92
2019-08-25	0.91
2019-08-26	0.93
2019-08-27	0.96
2019-08-28	0.96
2019-08-29	0.92
2019-08-30	0.92
2019-08-31	0.91
2019-09-01	0.94
2019-09-02	0.93
2019-09-03	0.92
2019-09-04	0.93
2019-09-05	0.93
2019-09-06	0.94
2019-09-07	0.95
2019-09-08	0.96
2019-09-09	0.95
2019-09-10	0.96
2019-09-11	0.95
2019-09-12	0.96
2019-09-13	1.00
2019-09-14	1.00
2019-09-15	1.00
2019-09-16	0.96
2019-09-17	0.95
2019-09-18	0.95
2019-09-19	0.96
2019-09-20	1.00
2019-09-21	1.00
2019-09-22	0.97
2019-09-23	0.95
2019-09-24	1.00
2019-09-25	1.00
2019-09-26	1.00
2019-09-27	1.00
2019-09-28	1.00
2019-09-29	1.00
2019-09-30	1.00
2019-10-01	1.00
2019-10-02	1.00
2019-10-03	1.00
2019-10-04	1.00
2019-10-05	1.00
2019-10-06	1.00
2019-10-07	1.00
2019-10-08	1.00
2019-10-09	0.94
2019-10-10	1.00
2019-10-11	1.00
2019-10-12	1.00
2019-10-13	1.00
2019-10-14	1.00
2019-10-15	1.00
2019-10-16	1.00
2019-10-17	1.00
2019-10-18	1.00
2019-10-19	0.96
2019-10-20	1.00
2019-10-21	1.00
2019-10-22	1.00
2019-10-23	1.00
2019-10-24	1.00
2019-10-25	0.95
2019-10-26	0.95
2019-10-27	1.00
2019-10-28	0.94
2019-10-29	0.93
2019-10-30	0.95
2019-10-31	0.96
2019-11-01	1.00
2019-11-02	1.00
2019-11-03	0.96
2019-11-04	0.96
2019-11-05	1.00
2019-11-06	1.00
2019-11-07	1.00
2019-11-08	1.00
2019-11-09	1.00
2019-11-10	1.00
2019-11-11	1.00
2019-11-12	1.00
2019-11-13	1.00
2019-11-14	1.00
2019-11-15	1.00
2019-11-16	1.00
2019-11-17	1.00
2019-11-18	1.00
2019-11-19	1.00
2019-11-20	1.00
2019-11-21	1.00
2019-11-22	1.00
2019-11-23	1.00
2019-11-24	1.00
2019-11-25	1.00
2019-11-26	1.00
2019-11-27	1.00
2019-11-28	1.00
2019-11-29	1.00
2019-11-30	1.00
2019-12-01	1.00
2019-12-02	1.00
2019-12-03	1.00
2019-12-04	1.00
2019-12-05	1.00
2019-12-06	1.00
2019-12-07	1.00
2019-12-08	1.00
2019-12-09	1.00
2019-12-10	1.00
2019-12-11	1.00
2019-12-12	1.00
2019-12-13	1.00
2019-12-14	1.00
2019-12-15	1.00
2019-12-16	1.00
2019-12-17	1.00
2019-12-18	1.00
2019-12-19	1.00
2019-12-20	1.00
2019-12-21	1.00
2019-12-22	1.00
2019-12-23	1.00
2019-12-24	1.00
2019-12-25	1.00
2019-12-26	1.00
2019-12-27	1.00
2019-12-28	1.00
2019-12-29	0.96
2019-12-30	1.00
2019-12-31	1.00
2020-01-01	1.00
2020-01-02	1.00
2020-01-03	1.00
2020-01-04	1.00
2020-01-05	1.00
2020-01-06	1.00
2020-01-07	1.00
2020-01-08	1.00
2020-01-09	1.00
2020-01-10	1.00
2020-01-11	1.00
2020-01-12	1.00
2020-01-13	1.00
2020-01-14	1.00
2020-01-15	1.00
2020-01-16	1.00
2020-01-17	1.00
2020-01-18	1.00
2020-01-19	1.00
2020-01-20	1.00
2020-01-21	1.00
2020-01-22	1.00
2020-01-23	1.00
2020-01-24	1.00
2020-01-25	1.00
2020-01-26	1.00
2020-01-27	1.00
2020-01-28	1.00
2020-01-29	1.00
2020-01-30	1.00
2020-01-31	1.00
2020-02-01	1.00
2020-02-02	1.00
2020-02-03	1.00
2020-02-04	1.00
2020-02-05	1.00
2020-02-06	1.00
2020-02-07	1.00
2020-02-08	1.00
2020-02-09	1.00
2020-02-10	1.00
2020-02-11	1.00
2020-02-12	1.00
2020-02-13	1.00
2020-02-14	1.00
2020-02-15	1.00
2020-02-16	1.00
2020-02-17	1.00
2020-02-18	1.00
2020-02-19	1.00
2020-02-20	1.00
2020-02-21	1.00
2020-02-22	1.00
2020-02-23	1.00
2020-02-24	1.00
2020-02-25	1.00
2020-02-26	1.00
2020-02-27	1.00
2020-02-28	1.00
2020-02-29	1.00
2020-03-01	1.00
2020-03-02	1.00
2020-03-03	1.00
2020-03-04	1.00
2020-03-05	1.00
2020-03-06	1.00
2020-03-07	1.00
2020-03-08	1.00
2020-03-09	1.00
2020-03-10	1.00
2020-03-11	1.00
2020-03-12	1.00
2020-03-13	1.00
2020-03-14	1.00
2020-03-15	1.00
2020-03-16	1.00
2020-03-17	1.00
2020-03-18	1.00
2020-03-19	1.00
2020-03-20	1.00
2020-03-21	1.00
2020-03-22	1.00
2020-03-23	1.00
2020-03-24	1.00
2020-03-25	1.00
2020-03-26	1.00
2020-03-27	1.00
2020-03-28	1.00
2020-03-29	1.00
2020-03-30	1.00
2020-03-31	1.00
2020-04-01	1.00
2020-04-02	1.00
2020-04-03	1.00
2020-04-04	1.00
2020-04-05	1.00
2020-04-06	1.00
2020-04-07	1.00
2020-04-08	1.00
2020-04-09	1.00
2020-04-10	1.00
2020-04-11	1.00
2020-04-12	1.00
2020-04-13	1.00
2020-04-14	1.00
2020-04-15	1.00
2020-04-16	1.00
2020-04-17	1.00
2020-04-18	1.00
2020-04-19	1.00
2020-04-20	1.00
2020-04-21	1.00
2020-04-22	1.00
2020-04-23	1.00
2020-04-24	1.00
2020-04-25	1.00
2020-04-26	1.00
2020-04-27	1.00
2020-04-28	1.00
2020-04-29	1.00
2020-04-30	1.00
2020-05-01	1.00
2020-05-02	1.00
2020-05-03	1.00
2020-05-04	1.00
2020-05-05	1.00
2020-05-06	1.00
2020-05-07	1.00
2020-05-08	1.00
2020-05-09	1.00
2020-05-10	1.00
2020-05-11	1.00
2020-05-12	1.00
2020-05-13	1.00
2020-05-14	1.00
2020-05-15	1.00
2020-05-16	1.00
2020-05-17	1.00
2020-05-18	1.00
2020-05-19	1.00
2020-05-20	1.00
2020-05-21	1.00
2020-05-22	1.00
2020-05-23	1.00
2020-05-24	1.00
2020-05-25	1.00
2020-05-26	1.00
2020-05-27	0.96
2020-05-28	0.96
2020-05-29	0.96
2020-05-30	0.96
2020-05-31	0.96
2020-06-01	1.00
2020-06-02	1.00
2020-06-03	0.96
2020-06-04	1.00
2020-06-05	0.96
2020-06-06	0.95
2020-06-07	0.95
2020-06-08	1.00
2020-06-09	0.97
2020-06-10	0.95
2020-06-11	0.93
2020-06-12	0.91
2020-06-13	0.91
2020-06-14	0.91
2020-06-15	0.92
2020-06-16	0.91
2020-06-17	0.91
2020-06-18	0.93
2020-06-19	0.95
2020-06-20	0.93
2020-06-21	0.91
2020-06-22	0.95
2020-06-23	0.96
2020-06-24	0.96
2020-06-25	0.95
2020-06-26	0.95
2020-06-27	0.96
2020-06-28	0.96
2020-06-29	0.96
2020-06-30	0.95
2020-07-01	0.93
2020-07-02	0.93
2020-07-03	0.92
2020-07-04	0.91
2020-07-05	0.91
2020-07-06	0.91
2020-07-07	0.92
2020-07-08	0.91
2020-07-09	0.93
2020-07-10	0.95
2020-07-11	0.95
2020-07-12	0.94
2020-07-13	0.92
2020-07-14	0.95
2020-07-15	1.00
2020-07-16	1.00
2020-07-17	1.00
2020-07-18	1.00
2020-07-19	0.96
2020-07-20	0.95
2020-07-21	0.93
2020-07-22	0.93
2020-07-23	0.93
2020-07-24	0.95
2020-07-25	0.95
2020-07-26	0.95
2020-07-27	0.92
2020-07-28	0.93
2020-07-29	0.95
2020-07-30	0.95
2020-07-31	0.94
2020-08-01	1.00
2020-08-02	0.96
2020-08-03	0.96
2020-08-04	0.96
2020-08-05	0.95
2020-08-06	0.95
2020-08-07	0.93
2020-08-08	0.97
2020-08-09	0.97
2020-08-10	0.96
2020-08-11	0.94
2020-08-12	0.93
2020-08-13	0.93
2020-08-14	0.93
2020-08-15	0.93
2020-08-16	0.95
2020-08-17	0.96
2020-08-18	0.96
2020-08-19	0.95
2020-08-20	0.94
2020-08-21	0.92
2020-08-22	0.93
2020-08-23	0.93
2020-08-24	0.96
2020-08-25	1.00
2020-08-26	0.97
2020-08-27	0.96
2020-08-28	0.93
2020-08-29	0.95
2020-08-30	0.95
2020-08-31	0.95
2020-09-01	0.94
2020-09-02	0.95
2020-09-03	0.95
2020-09-04	0.94
2020-09-05	0.95
2020-09-06	0.95
2020-09-07	1.00
2020-09-08	1.00
2020-09-09	1.00
2020-09-10	1.00
2020-09-11	0.96
2020-09-12	0.96
2020-09-13	0.96
2020-09-14	1.00
2020-09-15	1.00
2020-09-16	0.96
2020-09-17	0.96
2020-09-18	1.00
2020-09-19	1.00
2020-09-20	1.00
2020-09-21	0.96
2020-09-22	1.00
2020-09-23	1.00
2020-09-24	1.00
2020-09-25	0.95
2020-09-26	0.95
2020-09-27	0.95
2020-09-28	1.00
2020-09-29	1.00
2020-09-30	0.95
2020-10-01	0.97
2020-10-02	1.00
2020-10-03	1.00
2020-10-04	1.00
2020-10-05	0.95
2020-10-06	1.00
2020-10-07	1.00
2020-10-08	0.95
2020-10-09	0.96
2020-10-10	1.00
2020-10-11	1.00
2020-10-12	1.00
2020-10-13	1.00
2020-10-14	1.00
2020-10-15	1.00
2020-10-16	1.00
2020-10-17	1.00
2020-10-18	1.00
2020-10-19	1.00
2020-10-20	1.00
2020-10-21	1.00
2020-10-22	0.97
2020-10-23	0.96
2020-10-24	1.00
2020-10-25	1.00
2020-10-26	1.00
2020-10-27	0.94
2020-10-28	0.93
2020-10-29	0.95
2020-10-30	1.00
2020-10-31	1.00
2020-11-01	1.00
2020-11-02	1.00
2020-11-03	1.00
2020-11-04	1.00
2020-11-05	1.00
2020-11-06	1.00
2020-11-07	1.00
2020-11-08	1.00
2020-11-09	1.00
2020-11-10	1.00
2020-11-11	1.00
2020-11-12	1.00
2020-11-13	1.00
2020-11-14	1.00
2020-11-15	1.00
2020-11-16	1.00
2020-11-17	1.00
2020-11-18	1.00
2020-11-19	1.00
2020-11-20	1.00
2020-11-21	1.00
2020-11-22	1.00
2020-11-23	1.00
2020-11-24	1.00
2020-11-25	1.00
2020-11-26	1.00
2020-11-27	1.00
2020-11-28	1.00
2020-11-29	1.00
2020-11-30	1.00
2020-12-01	1.00
2020-12-02	1.00
2020-12-03	1.00
2020-12-04	1.00
2020-12-05	1.00
2020-12-06	1.00
2020-12-07	1.00
2020-12-08	1.00
2020-12-09	1.00
2020-12-10	1.00
2020-12-11	1.00
2020-12-12	1.00
2020-12-13	1.00
2020-12-14	1.00
2020-12-15	1.00
2020-12-16	1.00
2020-12-17	1.00
2020-12-18	1.00
2020-12-19	1.00
2020-12-20	1.00
2020-12-21	1.00
2020-12-22	1.00
2020-12-23	1.00
2020-12-24	1.00
2020-12-25	1.00
2020-12-26	1.00
2020-12-27	1.00
2020-12-28	1.00
2020-12-29	1.00
2020-12-30	1.00
2020-12-31	1.00
2021-01-01	1.00
2021-01-02	1.00
2021-01-03	1.00
2021-01-04	1.00
2021-01-05	1.00
2021-01-06	1.00
2021-01-07	1.00
2021-01-08	1.00
2021-01-09	1.00
2021-01-10	1.00
2021-01-11	1.00
2021-01-12	1.00
2021-01-13	1.00
2021-01-14	1.00
2021-01-15	1.00
2021-01-16	1.00
2021-01-17	1.00
2021-01-18	1.00
2021-01-19	1.00
2021-01-20	1.00
2021-01-21	1.00
2021-01-22	1.00
2021-01-23	1.00
2021-01-24	1.00
2021-01-25	1.00
2021-01-26	1.00
2021-01-27	1.00
2021-01-28	1.00
2021-01-29	1.00
2021-01-30	1.00
2021-01-31	1.00
2021-02-01	1.00
2021-02-02	1.00
2021-02-03	1.00
2021-02-04	1.00
2021-02-05	1.00
2021-02-06	1.00
2021-02-07	1.00
2021-02-08	1.00
2021-02-09	1.00
2021-02-10	1.00
2021-02-11	1.00
2021-02-12	1.00
2021-02-13	1.00
2021-02-14	1.00
2021-02-15	1.00
2021-02-16	1.00
2021-02-17	1.00
2021-02-18	1.00
2021-02-19	1.00
2021-02-20	1.00
2021-02-21	1.00
2021-02-22	1.00
2021-02-23	1.00
2021-02-24	1.00
2021-02-25	1.00
2021-02-26	1.00
2021-02-27	1.00
2021-02-28	1.00
2021-03-01	1.00
2021-03-02	1.00
2021-03-03	1.00
2021-03-04	1.00
2021-03-05	1.00
2021-03-06	1.00
2021-03-07	1.00
2021-03-08	1.00
2021-03-09	1.00
2021-03-10	1.00
2021-03-11	1.00
2021-03-12	1.00
2021-03-13	1.00
2021-03-14	1.00
2021-03-15	1.00
2021-03-16	1.00
2021-03-17	1.00
2021-03-18	1.00
2021-03-19	1.00
2021-03-20	1.00
2021-03-21	1.00
2021-03-22	1.00
2021-03-23	1.00
2021-03-24	1.00
2021-03-25	1.00
2021-03-26	1.00
2021-03-27	1.00
2021-03-28	1.00
2021-03-29	1.00
2021-03-30	1.00
2021-03-31	1.00
2021-04-01	1.00
2021-04-02	1.00
2021-04-03	1.00
2021-04-04	1.00
2021-04-05	1.00
2021-04-06	1.00
2021-04-07	1.00
2021-04-08	1.00
2021-04-09	1.00
2021-04-10	1.00
2021-04-11	1.00
2021-04-12	1.00
2021-04-13	1.00
2021-04-14	1.00
2021-04-15	1.00
2021-04-16	1.00
2021-04-17	1.00
2021-04-18	1.00
2021-04-19	1.00
2021-04-20	1.00
2021-04-21	1.00
2021-04-22	1.00
2021-04-23	1.00
2021-04-24	0.96
2021-04-25	1.00
2021-04-26	1.00
2021-04-27	1.00
2021-04-28	1.00
2021-04-29	1.00
2021-04-30	1.00
2021-05-01	1.00
2021-05-02	0.97
2021-05-03	0.95
2021-05-04	0.95
2021-05-05	0.94
2021-05-06	0.95
2021-05-07	1.00
2021-05-08	1.00
2021-05-09	1.00
2021-05-10	1.00
2021-05-11	1.00
2021-05-12	1.00
2021-05-13	0.96
2021-05-14	1.00
2021-05-15	1.00
2021-05-16	1.00
2021-05-17	1.00
2021-05-18	1.00
2021-05-19	1.00
2021-05-20	1.00
2021-05-21	0.96
2021-05-22	0.96
2021-05-23	1.00
2021-05-24	1.00
2021-05-25	1.00
2021-05-26	0.96
2021-05-27	0.95
2021-05-28	0.96
2021-05-29	0.97
2021-05-30	0.96
2021-05-31	0.96
2021-06-01	0.94
2021-06-02	0.93
2021-06-03	0.93
2021-06-04	0.92
2021-06-05	0.95
2021-06-06	1.00
2021-06-07	0.96
2021-06-08	0.94
2021-06-09	0.93
2021-06-10	0.93
2021-06-11	0.93
2021-06-12	0.95
2021-06-13	0.95
2021-06-14	0.93
2021-06-15	0.92
2021-06-16	0.91
2021-06-17	0.91
2021-06-18	0.92
2021-06-19	0.91
2021-06-20	0.92
2021-06-21	0.94
2021-06-22	0.92
2021-06-23	0.91
2021-06-24	0.90
2021-06-25	0.90
2021-06-26	0.90
2021-06-27	0.90
2021-06-28	0.90
2021-06-29	0.93
2021-06-30	0.93
2021-07-01	0.91
2021-07-02	0.91
2021-07-03	0.90
2021-07-04	0.91
2021-07-05	0.90
2021-07-06	0.90
2021-07-07	0.91
2021-07-08	0.91
2021-07-09	0.92
2021-07-10	0.95
2021-07-11	0.95
2021-07-12	0.94
2021-07-13	0.93
2021-07-14	0.92
2021-07-15	0.92
2021-07-16	0.91
2021-07-17	0.93
2021-07-18	0.95
2021-07-19	0.94
2021-07-20	0.91
2021-07-21	0.91
2021-07-22	0.90
2021-07-23	0.91
2021-07-24	0.92
2021-07-25	0.92
2021-07-26	0.92
2021-07-27	0.91
2021-07-28	0.90
2021-07-29	0.91
2021-07-30	0.90
2021-07-31	0.90
2021-08-01	0.91
2021-08-02	0.91
2021-08-03	0.91
2021-08-04	0.92
2021-08-05	0.95
2021-08-06	1.00
2021-08-07	1.00
2021-08-08	0.96
2021-08-09	0.97
2021-08-10	0.96
2021-08-11	0.95
2021-08-12	0.94
2021-08-13	0.94
2021-08-14	0.95
2021-08-15	0.94
2021-08-16	0.93
2021-08-17	0.93
2021-08-18	0.93
2021-08-19	0.92
2021-08-20	0.92
2021-08-21	0.91
2021-08-22	0.91
2021-08-23	0.91
2021-08-24	0.92
2021-08-25	0.92
2021-08-26	0.93
2021-08-27	0.95
2021-08-28	0.95
2021-08-29	0.95
2021-08-30	0.95
2021-08-31	0.95
2021-09-01	0.96
2021-09-02	0.96
2021-09-03	0.95
2021-09-04	0.95
2021-09-05	0.96
2021-09-06	0.96
2021-09-07	0.95
2021-09-08	0.94
2021-09-09	1.00
2021-09-10	1.00
2021-09-11	1.00
2021-09-12	0.96
2021-09-13	0.96
2021-09-14	0.96
2021-09-15	0.96
2021-09-16	0.95
2021-09-17	0.95
2021-09-18	0.93
2021-09-19	0.94
2021-09-20	0.96
2021-09-21	1.00
2021-09-22	1.00
2021-09-23	1.00
2021-09-24	1.00
2021-09-25	1.00
2021-09-26	0.96
2021-09-27	0.93
2021-09-28	0.93
2021-09-29	0.97
2021-09-30	1.00
2021-10-01	0.94
2021-10-02	1.00
2021-10-03	1.00
2021-10-04	1.00
2021-10-05	1.00
2021-10-06	1.00
2021-10-07	0.97
2021-10-08	0.96
2021-10-09	0.96
2021-10-10	1.00
2021-10-11	1.00
2021-10-12	1.00
2021-10-13	0.96
2021-10-14	1.00
2021-10-15	0.96
2021-10-16	1.00
2021-10-17	0.97
2021-10-18	1.00
2021-10-19	1.00
2021-10-20	1.00
2021-10-21	1.00
2021-10-22	1.00
2021-10-23	1.00
2021-10-24	1.00
2021-10-25	0.97
2021-10-26	1.00
2021-10-27	1.00
2021-10-28	0.96
2021-10-29	1.00
2021-10-30	1.00
2021-10-31	1.00
2021-11-01	1.00
2021-11-02	0.95
2021-11-03	0.95
2021-11-04	1.00
2021-11-05	1.00
2021-11-06	1.00
2021-11-07	1.00
2021-11-08	1.00
2021-11-09	1.00
2021-11-10	1.00
2021-11-11	1.00
2021-11-12	1.00
2021-11-13	1.00
2021-11-14	1.00
2021-11-15	1.00
2021-11-16	1.00
2021-11-17	1.00
2021-11-18	1.00
2021-11-19	1.00
2021-11-20	1.00
2021-11-21	1.00
2021-11-22	1.00
2021-11-23	1.00
2021-11-24	1.00
2021-11-25	1.00
2021-11-26	1.00
2021-11-27	1.00
2021-11-28	1.00
2021-11-29	1.00
2021-11-30	1.00
2021-12-01	1.00
2021-12-02	1.00
2021-12-03	1.00
2021-12-04	1.00
2021-12-05	1.00
2021-12-06	1.00
2021-12-07	1.00
2021-12-08	1.00
2021-12-09	1.00
2021-12-10	1.00
2021-12-11	1.00
2021-12-12	1.00
2021-12-13	1.00
2021-12-14	1.00
2021-12-15	1.00
2021-12-16	1.00
2021-12-17	1.00
2021-12-18	1.00
2021-12-19	1.00
2021-12-20	1.00
2021-12-21	1.00
2021-12-22	1.00
2021-12-23	1.00
2021-12-24	1.00
2021-12-25	1.00
2021-12-26	1.00
2021-12-27	1.00
2021-12-28	1.00
2021-12-29	1.00
2021-12-30	1.00
2021-12-31	1.00
2022-01-01	1.00
2022-01-02	1.00
2022-01-03	1.00
2022-01-04	1.00
2022-01-05	1.00
2022-01-06	1.00
2022-01-07	1.00
2022-01-08	1.00
2022-01-09	1.00
2022-01-10	1.00
2022-01-11	1.00
2022-01-12	1.00
2022-01-13	1.00
2022-01-14	1.00
2022-01-15	1.00
2022-01-16	1.00
2022-01-17	1.00
2022-01-18	1.00
2022-01-19	1.00
2022-01-20	1.00
2022-01-21	1.00
2022-01-22	1.00
2022-01-23	1.00
2022-01-24	1.00
2022-01-25	1.00
2022-01-26	1.00
2022-01-27	1.00
2022-01-28	1.00
2022-01-29	1.00
2022-01-30	1.00
2022-01-31	1.00
2022-02-01	1.00
2022-02-02	1.00
2022-02-03	1.00
2022-02-04	1.00
2022-02-05	1.00
2022-02-06	1.00
2022-02-07	1.00
2022-02-08	1.00
2022-02-09	1.00
2022-02-10	1.00
2022-02-11	1.00
2022-02-12	1.00
2022-02-13	1.00
2022-02-14	1.00
2022-02-15	1.00
2022-02-16	1.00
2022-02-17	1.00
2022-02-18	1.00
2022-02-19	1.00
2022-02-20	1.00
2022-02-21	1.00
2022-02-22	1.00
2022-02-23	1.00
2022-02-24	1.00
2022-02-25	1.00
2022-02-26	1.00
2022-02-27	1.00
2022-02-28	1.00
2022-03-01	1.00
2022-03-02	1.00
2022-03-03	1.00
2022-03-04	1.00
2022-03-05	1.00
2022-03-06	1.00
2022-03-07	1.00
2022-03-08	1.00
2022-03-09	1.00
2022-03-10	1.00
2022-03-11	1.00
2022-03-12	1.00
2022-03-13	1.00
2022-03-14	1.00
2022-03-15	1.00
2022-03-16	1.00
2022-03-17	1.00
2022-03-18	1.00
2022-03-19	1.00
2022-03-20	1.00
2022-03-21	1.00
2022-03-22	1.00
2022-03-23	1.00
2022-03-24	1.00
2022-03-25	1.00
2022-03-26	1.00
2022-03-27	1.00
2022-03-28	1.00
2022-03-29	1.00
2022-03-30	1.00
2022-03-31	1.00
2022-04-01	1.00
2022-04-02	1.00
2022-04-03	1.00
2022-04-04	1.00
2022-04-05	0.96
2022-04-06	1.00
2022-04-07	1.00
2022-04-08	1.00
2022-04-09	1.00
2022-04-10	1.00
2022-04-11	1.00
2022-04-12	1.00
2022-04-13	1.00
2022-04-14	1.00
2022-04-15	1.00
2022-04-16	1.00
2022-04-17	1.00
2022-04-18	1.00
2022-04-19	1.00
2022-04-20	1.00
2022-04-21	1.00
2022-04-22	1.00
2022-04-23	1.00
2022-04-24	1.00
2022-04-25	1.00
2022-04-26	1.00
2022-04-27	1.00
2022-04-28	1.00
2022-04-29	1.00
2022-04-30	0.96
2022-05-01	1.00
2022-05-02	1.00
2022-05-03	0.95
2022-05-04	0.97
2022-05-05	1.00
2022-05-06	1.00
2022-05-07	1.00
2022-05-08	1.00
2022-05-09	1.00
2022-05-10	1.00
2022-05-11	0.96
2022-05-12	0.96
2022-05-13	0.95
2022-05-14	0.96
2022-05-15	1.00
2022-05-16	1.00
2022-05-17	1.00
2022-05-18	0.96
2022-05-19	0.94
2022-05-20	0.94
2022-05-21	0.95
2022-05-22	0.95
2022-05-23	1.00
2022-05-24	1.00
2022-05-25	1.00
2022-05-26	1.00
2022-05-27	1.00
2022-05-28	1.00
2022-05-29	0.96
2022-05-30	0.96
2022-05-31	0.96
2022-06-01	0.96
2022-06-02	1.00
2022-06-03	1.00
2022-06-04	0.96
2022-06-05	0.93
2022-06-06	0.94
2022-06-07	0.92
2022-06-08	0.92
2022-06-09	0.92
2022-06-10	0.91
2022-06-11	0.91
2022-06-12	0.91
2022-06-13	0.91
2022-06-14	0.92
2022-06-15	0.92
2022-06-16	0.91
2022-06-17	0.93
2022-06-18	1.00
2022-06-19	0.97
2022-06-20	0.95
2022-06-21	0.95
2022-06-22	0.93
2022-06-23	0.94
2022-06-24	0.94
2022-06-25	0.94
2022-06-26	0.93
2022-06-27	0.92
2022-06-28	0.92
2022-06-29	0.93
2022-06-30	0.94
2022-07-01	0.93
2022-07-02	0.93
2022-07-03	0.92
2022-07-04	0.92
2022-07-05	0.92
2022-07-06	0.93
2022-07-07	0.93
2022-07-08	0.93
2022-07-09	0.92
2022-07-10	0.91
2022-07-11	0.91
2022-07-12	0.93
2022-07-13	0.96
2022-07-14	0.95
2022-07-15	0.92
2022-07-16	0.92
2022-07-17	0.92
2022-07-18	0.93
2022-07-19	0.92
2022-07-20	0.95
2022-07-21	0.95
2022-07-22	0.95
2022-07-23	0.94
2022-07-24	0.93
2022-07-25	0.93
2022-07-26	0.94
2022-07-27	0.96
2022-07-28	0.95
2022-07-29	0.92
2022-07-30	0.92
2022-07-31	0.92
2022-08-01	0.94
2022-08-02	0.93
2022-08-03	0.92
2022-08-04	0.91
2022-08-05	0.92
2022-08-06	0.95
2022-08-07	1.00
2022-08-08	1.00
2022-08-09	0.97
2022-08-10	0.95
2022-08-11	0.94
2022-08-12	0.94
2022-08-13	0.97
2022-08-14	0.96
2022-08-15	0.94
2022-08-16	0.96
2022-08-17	1.00
2022-08-18	1.00
2022-08-19	0.96
2022-08-20	0.95
2022-08-21	0.96
2022-08-22	0.97
2022-08-23	1.00
2022-08-24	0.96
2022-08-25	0.96
2022-08-26	0.96
2022-08-27	0.95
2022-08-28	0.95
2022-08-29	0.94
2022-08-30	0.94
2022-08-31	0.94
2022-09-01	0.94
2022-09-02	0.95
2022-09-03	0.92
2022-09-04	0.92
2022-09-05	0.92
2022-09-06	0.92
2022-09-07	0.94
2022-09-08	0.96
2022-09-09	0.95
2022-09-10	0.92
2022-09-11	0.93
2022-09-12	0.96
2022-09-13	1.00
2022-09-14	0.95
2022-09-15	0.93
2022-09-16	0.96
2022-09-17	0.94
2022-09-18	1.00
2022-09-19	1.00
2022-09-20	1.00
2022-09-21	1.00
2022-09-22	1.00
2022-09-23	1.00
2022-09-24	0.96
2022-09-25	0.96
2022-09-26	1.00
2022-09-27	0.97
2022-09-28	0.94
2022-09-29	0.95
2022-09-30	0.96
2022-10-01	1.00
2022-10-02	1.00
2022-10-03	1.00
2022-10-04	1.00
2022-10-05	1.00
2022-10-06	1.00
2022-10-07	1.00
2022-10-08	1.00
2022-10-09	1.00
2022-10-10	1.00
2022-10-11	1.00
2022-10-12	1.00
2022-10-13	1.00
2022-10-14	1.00
2022-10-15	0.97
2022-10-16	1.00
2022-10-17	1.00
2022-10-18	1.00
2022-10-19	1.00
2022-10-20	1.00
2022-10-21	0.95
2022-10-22	1.00
2022-10-23	1.00
2022-10-24	1.00
2022-10-25	1.00
2022-10-26	1.00
2022-10-27	1.00
2022-10-28	1.00
2022-10-29	1.00
2022-10-30	1.00
2022-10-31	1.00
2022-11-01	1.00
2022-11-02	1.00
2022-11-03	1.00
2022-11-04	1.00
2022-11-05	1.00
2022-11-06	1.00
2022-11-07	1.00
2022-11-08	1.00
2022-11-09	0.97
2022-11-10	1.00
2022-11-11	1.00
2022-11-12	1.00
2022-11-13	1.00
2022-11-14	1.00
2022-11-15	1.00
2022-11-16	1.00
2022-11-17	1.00
2022-11-18	1.00
2022-11-19	0.96
2022-11-20	1.00
2022-11-21	1.00
2022-11-22	1.00
2022-11-23	1.00
2022-11-24	1.00
2022-11-25	1.00
2022-11-26	1.00
2022-11-27	1.00
2022-11-28	1.00
2022-11-29	1.00
2022-11-30	1.00
2022-12-01	1.00
2022-12-02	1.00
2022-12-03	1.00
2022-12-04	1.00
2022-12-05	1.00
2022-12-06	1.00
2022-12-07	1.00
2022-12-08	1.00
2022-12-09	1.00
2022-12-10	0.97
2022-12-11	1.00
2022-12-12	1.00
2022-12-13	1.00
2022-12-14	1.00
2022-12-15	1.00
2022-12-16	1.00
2022-12-17	1.00
2022-12-18	1.00
2022-12-19	1.00
2022-12-20	1.00
2022-12-21	1.00
2022-12-22	1.00
2022-12-23	1.00
2022-12-24	1.00
2022-12-25	1.00
2022-12-26	1.00
2022-12-27	1.00
2022-12-28	1.00
2022-12-29	1.00
2022-12-30	1.00
2022-12-31	1.00
2023-01-01	1.00
2023-01-02	1.00
2023-01-03	1.00
2023-01-04	1.00
2023-01-05	1.00
2023-01-06	1.00
2023-01-07	1.00
2023-01-08	1.00
2023-01-09	1.00
2023-01-10	1.00
2023-01-11	1.00
2023-01-12	1.00
2023-01-13	1.00
2023-01-14	1.00
2023-01-15	1.00
2023-01-16	1.00
2023-01-17	1.00
2023-01-18	1.00
2023-01-19	1.00
2023-01-20	1.00
2023-01-21	1.00
2023-01-22	1.00
2023-01-23	1.00
2023-01-24	1.00
2023-01-25	1.00
2023-01-26	1.00
2023-01-27	1.00
2023-01-28	1.00
2023-01-29	1.00
2023-01-30	1.00
2023-01-31	1.00
2023-02-01	1.00
2023-02-02	1.00
2023-02-03	1.00
2023-02-04	1.00
2023-02-05	1.00
2023-02-06	1.00
2023-02-07	1.00
2023-02-08	1.00
2023-02-09	1.00
2023-02-10	1.00
2023-02-11	1.00
2023-02-12	1.00
2023-02-13	1.00
2023-02-14	1.00
2023-02-15	1.00
2023-02-16	1.00
2023-02-17	1.00
2023-02-18	1.00
2023-02-19	1.00
2023-02-20	1.00
2023-02-21	1.00
2023-02-22	1.00
2023-02-23	1.00
2023-02-24	1.00
2023-02-25	1.00
2023-02-26	1.00
2023-02-27	1.00
2023-02-28	1.00
2023-03-01	1.00
2023-03-02	1.00
2023-03-03	1.00
2023-03-04	1.00
2023-03-05	1.00
2023-03-06	1.00
2023-03-07	1.00
2023-03-08	1.00
2023-03-09	1.00
2023-03-10	1.00
2023-03-11	1.00
2023-03-12	1.00
2023-03-13	1.00
2023-03-14	1.00
2023-03-15	1.00
2023-03-16	1.00
2023-03-17	1.00
2023-03-18	1.00
2023-03-19	1.00
2023-03-20	1.00
2023-03-21	1.00
2023-03-22	1.00
2023-03-23	1.00
2023-03-24	1.00
2023-03-25	1.00
2023-03-26	1.00
2023-03-27	1.00
2023-03-28	1.00
2023-03-29	1.00
2023-03-30	1.00
2023-03-31	1.00
2023-04-01	1.00
2023-04-02	1.00
2023-04-03	1.00
2023-04-04	1.00
2023-04-05	1.00
2023-04-06	1.00
2023-04-07	1.00
2023-04-08	1.00
2023-04-09	1.00
2023-04-10	1.00
2023-04-11	1.00
2023-04-12	1.00
2023-04-13	1.00
2023-04-14	1.00
2023-04-15	1.00
2023-04-16	1.00
2023-04-17	1.00
2023-04-18	1.00
2023-04-19	1.00
2023-04-20	1.00
2023-04-21	1.00
2023-04-22	1.00
2023-04-23	1.00
2023-04-24	1.00
2023-04-25	0.96
2023-04-26	0.96
2023-04-27	0.96
2023-04-28	1.00
2023-04-29	1.00
2023-04-30	1.00
2023-05-01	1.00
2023-05-02	0.97
2023-05-03	1.00
2023-05-04	1.00
2023-05-05	1.00
2023-05-06	1.00
2023-05-07	1.00
2023-05-08	1.00
2023-05-09	1.00
2023-05-10	1.00
2023-05-11	1.00
2023-05-12	0.95
2023-05-13	1.00
2023-05-14	1.00
2023-05-15	1.00
2023-05-16	0.97
2023-05-17	1.00
2023-05-18	1.00
2023-05-19	1.00
2023-05-20	0.96
2023-05-21	0.95
2023-05-22	0.95
2023-05-23	1.00
2023-05-24	1.00
2023-05-25	0.96
2023-05-26	1.00
2023-05-27	1.00
2023-05-28	1.00
2023-05-29	1.00
2023-05-30	1.00
2023-05-31	1.00
2023-06-01	1.00
2023-06-02	1.00
2023-06-03	1.00
2023-06-04	1.00
2023-06-05	0.96
2023-06-06	0.95
2023-06-07	1.00
2023-06-08	1.00
2023-06-09	0.96
2023-06-10	0.94
2023-06-11	0.94
2023-06-12	0.93
2023-06-13	0.92
2023-06-14	0.92
2023-06-15	0.92
2023-06-16	0.92
2023-06-17	0.91
2023-06-18	0.91
2023-06-19	0.91
2023-06-20	0.92
2023-06-21	0.91
2023-06-22	0.92
2023-06-23	0.96
2023-06-24	1.00
2023-06-25	0.96
2023-06-26	0.95
2023-06-27	0.93
2023-06-28	1.00
2023-06-29	1.00
2023-06-30	0.97
2023-07-01	0.92
2023-07-02	0.93
2023-07-03	0.92
2023-07-04	0.92
2023-07-05	0.90
2023-07-06	0.90
2023-07-07	0.91
2023-07-08	0.91
2023-07-09	0.93
2023-07-10	0.93
2023-07-11	0.93
2023-07-12	0.93
2023-07-13	0.91
2023-07-14	0.91
2023-07-15	0.90
2023-07-16	0.90
2023-07-17	0.90
2023-07-18	0.91
2023-07-19	0.90
2023-07-20	0.91
2023-07-21	0.90
2023-07-22	0.90
2023-07-23	0.92
2023-07-24	0.93
2023-07-25	0.92
2023-07-26	0.90
2023-07-27	0.90
2023-07-28	0.90
2023-07-29	0.92
2023-07-30	0.92
2023-07-31	0.92
2023-08-01	0.94
2023-08-02	0.95
2023-08-03	0.95
2023-08-04	0.93
2023-08-05	0.92
2023-08-06	0.92
2023-08-07	0.92
2023-08-08	0.93
2023-08-09	0.96
2023-08-10	0.96
2023-08-11	0.93
2023-08-12	0.91
2023-08-13	0.92
2023-08-14	0.93
2023-08-15	0.93
2023-08-16	0.93
2023-08-17	0.95
2023-08-18	0.96
2023-08-19	0.94
2023-08-20	0.93
2023-08-21	0.92
2023-08-22	0.91
2023-08-23	0.91
2023-08-24	0.92
2023-08-25	1.00
2023-08-26	1.00
2023-08-27	1.00
2023-08-28	0.93
2023-08-29	0.92
2023-08-30	0.92
2023-08-31	0.92
2023-09-01	0.95
2023-09-02	0.94
2023-09-03	0.93
2023-09-04	0.97
2023-09-05	1.00
2023-09-06	1.00
2023-09-07	1.00
2023-09-08	1.00
2023-09-09	0.96
2023-09-10	0.95
2023-09-11	0.95
2023-09-12	0.96
2023-09-13	0.96
2023-09-14	1.00
2023-09-15	0.97
2023-09-16	0.96
2023-09-17	0.95
2023-09-18	0.93
2023-09-19	0.96
2023-09-20	1.00
2023-09-21	1.00
2023-09-22	0.97
2023-09-23	1.00
2023-09-24	1.00
2023-09-25	1.00
2023-09-26	1.00
2023-09-27	1.00
2023-09-28	1.00
2023-09-29	1.00
2023-09-30	1.00
2023-10-01	1.00
2023-10-02	1.00
2023-10-03	1.00
2023-10-04	1.00
2023-10-05	1.00
2023-10-06	1.00
2023-10-07	1.00
2023-10-08	0.96
2023-10-09	1.00
2023-10-10	1.00
2023-10-11	1.00
2023-10-12	1.00
2023-10-13	1.00
2023-10-14	1.00
2023-10-15	1.00
2023-10-16	1.00
2023-10-17	1.00
2023-10-18	1.00
2023-10-19	1.00
2023-10-20	1.00
2023-10-21	1.00
2023-10-22	0.96
2023-10-23	1.00
2023-10-24	1.00
2023-10-25	1.00
2023-10-26	1.00
2023-10-27	1.00
2023-10-28	1.00
2023-10-29	1.00
2023-10-30	1.00
2023-10-31	1.00
2023-11-01	1.00
2023-11-02	1.00
2023-11-03	1.00
2023-11-04	1.00
2023-11-05	1.00
2023-11-06	1.00
2023-11-07	0.97
2023-11-08	1.00
2023-11-09	1.00
2023-11-10	1.00
2023-11-11	1.00
2023-11-12	0.97
2023-11-13	0.96
2023-11-14	0.96
2023-11-15	0.96
2023-11-16	1.00
2023-11-17	1.00
2023-11-18	1.00
2023-11-19	1.00
2023-11-20	1.00
2023-11-21	1.00
2023-11-22	1.00
2023-11-23	1.00
2023-11-24	1.00
2023-11-25	1.00
2023-11-26	1.00
2023-11-27	1.00
2023-11-28	1.00
2023-11-29	1.00
2023-11-30	0.96
2023-12-01	0.96
2023-12-02	1.00
2023-12-03	1.00
2023-12-04	1.00
2023-12-05	1.00
2023-12-06	1.00
2023-12-07	1.00
2023-12-08	1.00
2023-12-09	1.00
2023-12-10	1.00
2023-12-11	1.00
2023-12-12	1.00
2023-12-13	1.00
2023-12-14	1.00
2023-12-15	1.00
2023-12-16	1.00
2023-12-17	1.00
2023-12-18	1.00
2023-12-19	1.00
2023-12-20	1.00
2023-12-21	1.00
2023-12-22	1.00
2023-12-23	1.00
2023-12-24	1.00
2023-12-25	1.00
2023-12-26	1.00
2023-12-27	1.00
2023-12-28	1.00
2023-12-29	1.00
2023-12-30	1.00
2023-12-31	1.00
2024-01-01	1.00
2024-01-02	1.00
2024-01-03	1.00
2024-01-04	1.00
2024-01-05	1.00
2024-01-06	1.00
2024-01-07	1.00
2024-01-08	1.00
2024-01-09	1.00
2024-01-10	1.00
2024-01-11	1.00
2024-01-12	1.00
2024-01-13	1.00
2024-01-14	1.00
2024-01-15	1.00
2024-01-16	1.00
2024-01-17	1.00
2024-01-18	1.00
2024-01-19	1.00
2024-01-20	1.00
2024-01-21	1.00
2024-01-22	1.00
2024-01-23	1.00
2024-01-24	1.00
2024-01-25	1.00
2024-01-26	1.00
2024-01-27	1.00
2024-01-28	1.00
2024-01-29	1.00
2024-01-30	1.00
2024-01-31	1.00
2024-02-01	1.00
2024-02-02	1.00
2024-02-03	1.00
2024-02-04	1.00
2024-02-05	1.00
2024-02-06	1.00
2024-02-07	1.00
2024-02-08	1.00
2024-02-09	1.00
2024-02-10	1.00
2024-02-11	1.00
2024-02-12	1.00
2024-02-13	1.00
2024-02-14	1.00
2024-02-15	1.00
2024-02-16	1.00
2024-02-17	1.00
2024-02-18	1.00
2024-02-19	1.00
2024-02-20	1.00
2024-02-21	1.00
2024-02-22	1.00
2024-02-23	1.00
2024-02-24	1.00
2024-02-25	1.00
2024-02-26	1.00
2024-02-27	1.00
2024-02-28	1.00
2024-02-29	1.00
2024-03-01	1.00
2024-03-02	1.00
2024-03-03	1.00
2024-03-04	1.00
2024-03-05	1.00
2024-03-06	1.00
2024-03-07	1.00
2024-03-08	1.00
2024-03-09	1.00
2024-03-10	1.00
2024-03-11	1.00
2024-03-12	1.00
2024-03-13	1.00
2024-03-14	1.00
2024-03-15	1.00
2024-03-16	1.00
2024-03-17	1.00
2024-03-18	1.00
2024-03-19	1.00
2024-03-20	1.00
2024-03-21	1.00
2024-03-22	1.00
2024-03-23	1.00
2024-03-24	1.00
2024-03-25	1.00
2024-03-26	1.00
2024-03-27	1.00
2024-03-28	1.00
2024-03-29	1.00
2024-03-30	1.00
2024-03-31	1.00
2024-04-01	1.00
2024-04-02	1.00
2024-04-03	1.00
2024-04-04	1.00
2024-04-05	1.00
2024-04-06	1.00
2024-04-07	1.00
2024-04-08	1.00
2024-04-09	1.00
2024-04-10	1.00
2024-04-11	1.00
2024-04-12	1.00
2024-04-13	0.96
2024-04-14	0.96
2024-04-15	0.96
2024-04-16	1.00
2024-04-17	1.00
2024-04-18	0.96
2024-04-19	0.96
2024-04-20	0.96
2024-04-21	0.95
2024-04-22	0.96
2024-04-23	1.00
2024-04-24	1.00
2024-04-25	1.00
2024-04-26	1.00
2024-04-27	1.00
2024-04-28	1.00
2024-04-29	1.00
2024-04-30	1.00
2024-05-01	1.00
2024-05-02	1.00
2024-05-03	1.00
2024-05-04	0.95
2024-05-05	0.96
2024-05-06	1.00
2024-05-07	1.00
2024-05-08	1.00
2024-05-09	1.00
2024-05-10	0.95
2024-05-11	0.94
2024-05-12	0.94
2024-05-13	0.94
2024-05-14	1.00
2024-05-15	1.00
2024-05-16	1.00
2024-05-17	1.00
2024-05-18	1.00
2024-05-19	0.96
2024-05-20	0.96
2024-05-21	1.00
2024-05-22	0.96
2024-05-23	0.95
2024-05-24	0.96
2024-05-25	1.00
2024-05-26	0.93
2024-05-27	0.92
2024-05-28	0.93
2024-05-29	0.93
2024-05-30	0.93
2024-05-31	0.93
2024-06-01	1.00
2024-06-02	1.00
2024-06-03	1.00
2024-06-04	0.96
2024-06-05	1.00
2024-06-06	1.00
2024-06-07	1.00
2024-06-08	1.00
2024-06-09	1.00
2024-06-10	0.96
2024-06-11	0.93
2024-06-12	0.93
2024-06-13	0.93
2024-06-14	0.95
2024-06-15	0.95
2024-06-16	0.94
2024-06-17	0.96
2024-06-18	1.00
2024-06-19	1.00
2024-06-20	0.96
2024-06-21	0.95
2024-06-22	0.93
2024-06-23	0.91
2024-06-24	0.91
2024-06-25	0.91
2024-06-26	0.93
2024-06-27	1.00
2024-06-28	1.00
2024-06-29	0.97
2024-06-30	0.96
2024-07-01	0.96
2024-07-02	0.95
2024-07-03	0.95
2024-07-04	0.94
2024-07-05	0.93
2024-07-06	0.92
2024-07-07	0.91
2024-07-08	0.93
2024-07-09	0.92
2024-07-10	0.92
2024-07-11	0.91
2024-07-12	0.91
2024-07-13	0.90
2024-07-14	0.90
2024-07-15	0.89
2024-07-16	0.90
2024-07-17	0.90
2024-07-18	0.90
2024-07-19	0.91
2024-07-20	0.93
2024-07-21	0.93
2024-07-22	0.92
2024-07-23	0.92
2024-07-24	0.91
2024-07-25	0.92
2024-07-26	0.93
2024-07-27	0.92
2024-07-28	0.91
2024-07-29	0.92
2024-07-30	0.92
2024-07-31	0.93
2024-08-01	0.92
2024-08-02	0.91
2024-08-03	0.91
2024-08-04	0.91
2024-08-05	0.91
2024-08-06	0.91
2024-08-07	0.92
2024-08-08	0.92
2024-08-09	0.95
2024-08-10	0.94
2024-08-11	0.94
2024-08-12	0.93
2024-08-13	0.92
2024-08-14	0.92
2024-08-15	0.92
2024-08-16	0.92
2024-08-17	0.92
2024-08-18	0.91
2024-08-19	0.93
2024-08-20	0.92
2024-08-21	0.93
2024-08-22	0.94
2024-08-23	0.96
2024-08-24	0.93
2024-08-25	0.92
2024-08-26	0.93
2024-08-27	0.93
2024-08-28	0.95
2024-08-29	0.96
2024-08-30	0.96
2024-08-31	0.96
2024-09-01	0.93
2024-09-02	0.93
2024-09-03	0.95
2024-09-04	0.95
2024-09-05	0.96
2024-09-06	1.00
2024-09-07	1.00
2024-09-08	1.00
2024-09-09	0.96
2024-09-10	0.94
2024-09-11	0.93
2024-09-12	0.95
2024-09-13	0.95
2024-09-14	0.92
2024-09-15	0.93
2024-09-16	1.00
2024-09-17	1.00
2024-09-18	1.00
2024-09-19	0.96
2024-09-20	0.94
2024-09-21	0.92
2024-09-22	0.91
2024-09-23	0.93
2024-09-24	0.95
2024-09-25	0.93
2024-09-26	0.93
2024-09-27	0.93
2024-09-28	1.00
2024-09-29	1.00
2024-09-30	1.00
2024-10-01	1.00
2024-10-02	1.00
2024-10-03	1.00
2024-10-04	0.96
2024-10-05	0.93
2024-10-06	0.94
2024-10-07	1.00
2024-10-08	1.00
2024-10-09	1.00
2024-10-10	1.00
2024-10-11	1.00
2024-10-12	0.95
2024-10-13	0.96
2024-10-14	0.95
2024-10-15	0.96
2024-10-16	1.00
2024-10-17	1.00
2024-10-18	1.00
2024-10-19	1.00
2024-10-20	1.00
2024-10-21	1.00
2024-10-22	1.00
2024-10-23	1.00
2024-10-24	0.96
2024-10-25	0.96
2024-10-26	0.96
2024-10-27	0.95
2024-10-28	0.95
2024-10-29	0.96
2024-10-30	1.00
2024-10-31	1.00
2024-11-01	1.00
2024-11-02	1.00
2024-11-03	1.00
2024-11-04	1.00
2024-11-05	1.00
2024-11-06	1.00
2024-11-07	1.00
2024-11-08	1.00
2024-11-09	1.00
2024-11-10	1.00
2024-11-11	1.00
2024-11-12	1.00
2024-11-13	1.00
2024-11-14	0.96
2024-11-15	0.96
2024-11-16	0.96
2024-11-17	1.00
2024-11-18	1.00
2024-11-19	1.00
2024-11-20	1.00
2024-11-21	1.00
2024-11-22	1.00
2024-11-23	1.00
2024-11-24	1.00
2024-11-25	1.00
2024-11-26	1.00
2024-11-27	1.00
2024-11-28	1.00
2024-11-29	1.00
2024-11-30	1.00
2024-12-01	1.00
2024-12-02	1.00
2024-12-03	1.00
2024-12-04	1.00
2024-12-05	1.00
2024-12-06	1.00
2024-12-07	1.00
2024-12-08	1.00
2024-12-09	1.00
2024-12-10	1.00
2024-12-11	1.00
2024-12-12	1.00
2024-12-13	1.00
2024-12-14	1.00
2024-12-15	1.00
2024-12-16	1.00
2024-12-17	1.00
2024-12-18	1.00
2024-12-19	1.00
2024-12-20	1.00
2024-12-21	1.00
2024-12-22	1.00
2024-12-23	1.00
2024-12-24	1.00
2024-12-25	1.00
2024-12-26	1.00
2024-12-27	1.00
2024-12-28	1.00
2024-12-29	1.00
2024-12-30	1.00
2024-12-31	1.00
2025-01-01	1.00
2025-01-02	1.00
2025-01-03	1.00
2025-01-04	1.00
2025-01-05	1.00
2025-01-06	1.00
2025-01-07	1.00
2025-01-08	1.00
2025-01-09	1.00
2025-01-10	1.00
2025-01-11	1.00
2025-01-12	1.00
2025-01-13	1.00
2025-01-14	1.00
2025-01-15	1.00
2025-01-16	1.00
2025-01-17	1.00
2025-01-18	1.00
2025-01-19	1.00
2025-01-20	1.00
2025-01-21	1.00
2025-01-22	1.00
2025-01-23	1.00
2025-01-24	1.00
2025-01-25	1.00
2025-01-26	1.00
2025-01-27	1.00
2025-01-28	1.00
2025-01-29	1.00
2025-01-30	1.00
2025-01-31	1.00
2025-02-01	1.00
2025-02-02	1.00
2025-02-03	1.00
2025-02-04	1.00
2025-02-05	1.00
2025-02-06	1.00
2025-02-07	1.00
2025-02-08	1.00
2025-02-09	1.00
2025-02-10	1.00
2025-02-11	1.00
2025-02-12	1.00
2025-02-13	1.00
2025-02-14	1.00
2025-02-15	1.00
2025-02-16	1.00
2025-02-17	1.00
2025-02-18	1.00
2025-02-19	1.00
2025-02-20	1.00
2025-02-21	1.00
2025-02-22	1.00
2025-02-23	1.00
2025-02-24	1.00
2025-02-25	1.00
2025-02-26	1.00
2025-02-27	1.00
2025-02-28	1.00
2025-03-01	1.00
2025-03-02	1.00
2025-03-03	1.00
2025-03-04	1.00
2025-03-05	1.00
2025-03-06	1.00
2025-03-07	1.00
2025-03-08	1.00
2025-03-09	1.00
2025-03-10	1.00
2025-03-11	1.00
2025-03-12	1.00
2025-03-13	1.00
2025-03-14	1.00
2025-03-15	1.00
2025-03-16	1.00
2025-03-17	1.00
2025-03-18	1.00
2025-03-19	1.00
2025-03-20	1.00
2025-03-21	1.00
2025-03-22	1.00
2025-03-23	1.00
2025-03-24	1.00
2025-03-25	1.00
2025-03-26	1.00
2025-03-27	1.00
2025-03-28	1.00
2025-03-29	1.00
2025-03-30	1.00
2025-03-31	1.00
2025-04-01	1.00
2025-04-02	1.00
2025-04-03	1.00
2025-04-04	1.00
2025-04-05	1.00
2025-04-06	1.00
2025-04-07	1.00
2025-04-08	1.00
2025-04-09	1.00
2025-04-10	1.00
2025-04-11	1.00
2025-04-12	1.00
2025-04-13	1.00
2025-04-14	1.00
2025-04-15	1.00
2025-04-16	1.00
2025-04-17	1.00
2025-04-18	1.00
2025-04-19	1.00
2025-04-20	1.00
2025-04-21	1.00
2025-04-22	1.00
2025-04-23	1.00
2025-04-24	1.00
2025-04-25	1.00
2025-04-26	1.00
2025-04-27	1.00
2025-04-28	1.00
2025-04-29	1.00
2025-04-30	1.00
2025-05-01	1.00
2025-05-02	1.00
2025-05-03	1.00
2025-05-04	1.00
2025-05-05	1.00
2025-05-06	1.00
2025-05-07	1.00
2025-05-08	1.00
2025-05-09	0.97
2025-05-10	1.00
2025-05-11	1.00
2025-05-12	1.00
2025-05-13	1.00
2025-05-14	1.00
2025-05-15	1.00
2025-05-16	1.00
2025-05-17	1.00
2025-05-18	1.00
2025-05-19	1.00
2025-05-20	0.96
2025-05-21	1.00
2025-05-22	1.00
2025-05-23	1.00
2025-05-24	1.00
2025-05-25	1.00
2025-05-26	1.00
2025-05-27	1.00
2025-05-28	1.00
2025-05-29	1.00
2025-05-30	1.00
2025-05-31	1.00
2025-06-01	0.97
2025-06-02	0.95
2025-06-03	0.93
2025-06-04	1.00
2025-06-05	1.00
2025-06-06	1.00
2025-06-07	0.96
2025-06-08	0.94
2025-06-09	0.93
2025-06-10	1.00
2025-06-11	1.00
2025-06-12	1.00
2025-06-13	0.96
2025-06-14	0.95
2025-06-15	0.95
2025-06-16	0.95
2025-06-17	0.95
2025-06-18	0.95
2025-06-19	0.95
2025-06-20	0.95
2025-06-21	0.94
2025-06-22	0.94
2025-06-23	0.93
2025-06-24	0.93
2025-06-25	0.92
2025-06-26	0.91
2025-06-27	0.92
2025-06-28	0.96
2025-06-29	0.94
2025-06-30	0.91
2025-07-01	0.93
2025-07-02	0.96
2025-07-03	0.95
2025-07-04	0.94
2025-07-05	0.92
2025-07-06	0.91
2025-07-07	0.90
2025-07-08	0.91
2025-07-09	0.93
2025-07-10	0.91
2025-07-11	0.92
2025-07-12	0.93
2025-07-13	0.92
2025-07-14	0.95
2025-07-15	0.95
2025-07-16	0.92
2025-07-17	0.90
2025-07-18	0.93
2025-07-19	0.92
2025-07-20	0.93
2025-07-21	0.95
2025-07-22	0.96
2025-07-23	0.95
2025-07-24	0.95
2025-07-25	0.93
2025-07-26	0.94
2025-07-27	0.95
2025-07-28	0.93
2025-07-29	0.93
2025-07-30	0.93
2025-07-31	0.93
2025-08-01	0.94
2025-08-02	0.93
2025-08-03	0.91
2025-08-04	0.93
2025-08-05	0.94
2025-08-06	0.93
2025-08-07	0.93
2025-08-08	0.94
2025-08-09	0.93
2025-08-10	0.94
2025-08-11	0.95
2025-08-12	0.94
2025-08-13	0.95
2025-08-14	1.00
2025-08-15	1.00
2025-08-16	0.96
2025-08-17	0.94
2025-08-18	0.92
2025-08-19	0.92
2025-08-20	0.92
2025-08-21	0.92
2025-08-22	0.92
2025-08-23	0.92
2025-08-24	0.91
2025-08-25	0.91
2025-08-26	0.91
2025-08-27	0.93
2025-08-28	0.93
2025-08-29	0.93
2025-08-30	0.94
2025-08-31	0.95
2025-09-01	0.96
2025-09-02	0.96
2025-09-03	0.95
2025-09-04	0.94
2025-09-05	0.93
2025-09-06	0.92
2025-09-07	0.92
2025-09-08	0.93
2025-09-09	0.93
2025-09-10	0.92
2025-09-11	0.96
2025-09-12	0.97
2025-09-13	0.96
2025-09-14	0.93
2025-09-15	0.92
2025-09-16	0.92
2025-09-17	0.91
2025-09-18	0.91
2025-09-19	0.91
2025-09-20	0.92
2025-09-21	0.92
2025-09-22	0.93
2025-09-23	0.94
2025-09-24	0.95
2025-09-25	0.96
2025-09-26	1.00
2025-09-27	1.00
2025-09-28	1.00
2025-09-29	1.00
2025-09-30	1.00
2025-10-01	1.00
2025-10-02	1.00
2025-10-03	0.96
2025-10-04	1.00
2025-10-05	0.96
2025-10-06	0.96
2025-10-07	0.96
2025-10-08	1.00
2025-10-09	1.00
2025-10-10	1.00
2025-10-11	1.00
2025-10-12	1.00
2025-10-13	1.00
2025-10-14	1.00
2025-10-15	0.96
2025-10-16	0.96
2025-10-17	1.00
2025-10-18	1.00
2025-10-19	1.00
2025-10-20	1.00
2025-10-21	1.00
2025-10-22	1.00
2025-10-23	1.00
2025-10-24	1.00
2025-10-25	1.00
2025-10-26	1.00
2025-10-27	1.00
2025-10-28	1.00
2025-10-29	1.00
2025-10-30	1.00
2025-10-31	1.00
2025-11-01	1.00
2025-11-02	1.00
2025-11-03	1.00
2025-11-04	1.00
2025-11-05	1.00
2025-11-06	1.00
2025-11-07	1.00
2025-11-08	1.00
2025-11-09	1.00
2025-11-10	1.00
2025-11-11	0.97
2025-11-12	1.00
2025-11-13	1.00
2025-11-14	1.00
2025-11-15	0.95
2025-11-16	0.95
2025-11-17	1.00
2025-11-18	1.00
2025-11-19	1.00
2025-11-20	1.00
2025-11-21	0.96
2025-11-22	1.00
2025-11-23	1.00
2025-11-24	0.96
2025-11-25	1.00
2025-11-26	1.00
2025-11-27	1.00
2025-11-28	0.95
2025-11-29	1.00
2025-11-30	0.96
2025-12-01	0.95
2025-12-02	1.00
2025-12-03	1.00
2025-12-04	1.00
2025-12-05	1.00
2025-12-06	1.00
2025-12-07	1.00
2025-12-08	1.00
2025-12-09	0.97
2025-12-10	0.95
2025-12-11	1.00
2025-12-12	1.00
2025-12-13	1.00
2025-12-14	1.00
2025-12-15	1.00
2025-12-16	1.00
2025-12-17	1.00
2025-12-18	1.00
2025-12-19	1.00
2025-12-20	1.00
2025-12-21	1.00
2025-12-22	1.00
2025-12-23	1.00
2025-12-24	1.00
2025-12-25	1.00
2025-12-26	1.00
2025-12-27	1.00
2025-12-28	1.00
2025-12-29	1.00
2025-12-30	1.00
2025-12-31	1.00
2026-01-01	1.00
2026-01-02	1.00
2026-01-03	1.00
2026-01-04	1.00
2026-01-05	1.00
2026-01-06	1.00
2026-01-07	1.00
2026-01-08	1.00
2026-01-09	1.00
2026-01-10	1.00
2026-01-11	1.00
2026-01-12	1.00
2026-01-13	1.00
2026-01-14	1.00
2026-01-15	1.00
2026-01-16	1.00
2026-01-17	1.00
2026-01-18	1.00
2026-01-19	1.00
2026-01-20	1.00
2026-01-21	1.00
2026-01-22	1.00
2026-01-23	1.00
2026-01-24	1.00
2026-01-25	1.00
2026-01-26	1.00
2026-01-27	1.00
2026-01-28	1.00
2026-01-29	1.00
2026-01-30	1.00
2026-01-31	1.00
2026-02-01	1.00
2026-02-02	1.00
2026-02-03	1.00
2026-02-04	1.00
2026-02-05	1.00
2026-02-06	1.00
2026-02-07	1.00
2026-02-08	1.00
2026-02-09	1.00
2026-02-10	1.00
2026-02-11	1.00
2026-02-12	1.00
2026-02-13	1.00
2026-02-14	1.00
2026-02-15	1.00
2026-02-16	1.00
2026-02-17	1.00
2026-02-18	1.00
2026-02-19	1.00
2026-02-20	1.00
2026-02-21	1.00
2026-02-22	1.00
2026-02-23	1.00
2026-02-24	1.00
2026-02-25	1.00
2026-02-26	1.00
2026-02-27	1.00
2026-02-28	1.00
2026-03-01	1.00
2026-03-02	1.00
2026-03-03	1.00
2026-03-04	1.00
2026-03-05	1.00
2026-03-06	1.00
2026-03-07	1.00
2026-03-08	1.00
2026-03-09	1.00
2026-03-10	1.00
2026-03-11	1.00
2026-03-12	1.00
2026-03-13	1.00
2026-03-14	1.00
2026-03-15	1.00
2026-03-16	1.00
2026-03-17	1.00
2026-03-18	1.00
2026-03-19	1.00
2026-03-20	1.00
2026-03-21	1.00
2026-03-22	1.00
2026-03-23	1.00
2026-03-24	1.00
2026-03-25	1.00
2026-03-26	1.00
2026-03-27	1.00
2026-03-28	1.00
2026-03-29	1.00
2026-03-30	1.00
2026-03-31	1.00
2026-04-01	1.00
2026-04-02	1.00
2026-04-03	1.00
2026-04-04	1.00
2026-04-05	1.00
2026-04-06	1.00
2026-04-07	1.00
2026-04-08	1.00
2026-04-09	1.00
2026-04-10	1.00
2026-04-11	1.00
2026-04-12	1.00
2026-04-13	1.00
2026-04-14	1.00
2026-04-15	1.00
2026-04-16	1.00
2026-04-17	1.00
2026-04-18	1.00
2026-04-19	1.00
2026-04-20	1.00
2026-04-21	1.00
2026-04-22	1.00
2026-04-23	1.00
2026-04-24	1.00
2026-04-25	1.00
2026-04-26	1.00
2026-04-27	1.00
2026-04-28	1.00
2026-04-29	1.00
2026-04-30	1.00
2026-05-01	1.00
2026-05-02	1.00
2026-05-03	1.00
2026-05-04	1.00
2026-05-05	1.00
2026-05-06	1.00
2026-05-07	1.00
2026-05-08	1.00
2026-05-09	1.00
2026-05-10	0.97
2026-05-11	0.96
2026-05-12	1.00
2026-05-13	1.00
2026-05-14	1.00
2026-05-15	1.00
2026-05-16	1.00
2026-05-17	1.00
2026-05-18	0.96
2026-05-19	0.97
2026-05-20	1.00
2026-05-21	1.00
2026-05-22	1.00
2026-05-23	1.00
2026-05-24	1.00
2026-05-25	1.00
2026-05-26	1.00
2026-05-27	0.97
2026-05-28	1.00
2026-05-29	0.97
2026-05-30	0.96
2026-05-31	0.96
2026-06-01	0.97
2026-06-02	0.96
2026-06-03	0.93
2026-06-04	0.93
2026-06-05	0.93
2026-06-06	0.94
2026-06-07	1.00
2026-06-08	1.00
2026-06-09	0.96
2026-06-10	0.93
2026-06-11	0.93
2026-06-12	0.93
2026-06-13	0.95
2026-06-14	0.95
2026-06-15	0.95
2026-06-16	1.00
2026-06-17	1.00
2026-06-18	1.00
2026-06-19	0.96
2026-06-20	0.95
2026-06-21	0.93
2026-06-22	0.93
2026-06-23	0.92
2026-06-24	0.91
2026-06-25	0.95
2026-06-26	1.00
2026-06-27	0.96
2026-06-28	0.94
2026-06-29	0.95
2026-06-30	0.92
2026-07-01	0.91
2026-07-02	0.92
2026-07-03	0.93
2026-07-04	0.95
2026-07-05	0.94
2026-07-06	0.93
2026-07-07	0.94
2026-07-08	0.96
2026-07-09	0.95
2026-07-10	0.94
2026-07-11	0.95
2026-07-12	0.95
2026-07-13	0.94
2026-07-14	0.92
2026-07-15	0.92
2026-07-16	0.93
2026-07-17	0.96
2026-07-18	0.96
2026-07-19	0.96
2026-07-20	0.94
2026-07-21	0.93
2026-07-22	0.96
2026-07-23	0.96
2026-07-24	0.96
2026-07-25	0.95
2026-07-26	0.93
2026-07-27	0.92
2026-07-28	0.93
2026-07-29	0.92
2026-07-30	0.92
2026-07-31	0.93
2026-08-01	0.92
2026-08-02	0.94
2026-08-03	0.95
2026-08-04	0.93
2026-08-05	0.93
2026-08-06	0.93
2026-08-07	0.92
2026-08-08	0.93
2026-08-09	0.92
2026-08-10	0.93
2026-08-11	0.93
2026-08-12	0.92
2026-08-13	0.92
2026-08-14	0.93
2026-08-15	0.95
2026-08-16	0.96
2026-08-17	0.95
2026-08-18	0.92
2026-08-19	0.92
2026-08-20	0.92
2026-08-21	0.92
2026-08-22	0.93
2026-08-23	0.93
2026-08-24	0.93
2026-08-25	0.92
2026-08-26	0.92
2026-08-27	0.91
2026-08-28	0.91
2026-08-29	0.92
2026-08-30	0.92
2026-08-31	0.93
2026-09-01	0.92
2026-09-02	0.92
2026-09-03	0.93
2026-09-04	0.95
2026-09-05	0.93
2026-09-06	0.92
2026-09-07	0.92
2026-09-08	0.93
2026-09-09	0.95
2026-09-10	1.00
2026-09-11	1.00
2026-09-12	1.00
2026-09-13	1.00
2026-09-14	0.96
2026-09-15	0.95
2026-09-16	0.94
2026-09-17	0.94
2026-09-18	0.96
2026-09-19	1.00
2026-09-20	1.00
2026-09-21	1.00
2026-09-22	0.96
2026-09-23	0.92
2026-09-24	0.91
2026-09-25	0.92
2026-09-26	0.95
2026-09-27	1.00
2026-09-28	1.00
2026-09-29	1.00
2026-09-30	0.96
2026-10-01	0.95
2026-10-02	0.95
2026-10-03	1.00
2026-10-04	0.95
2026-10-05	0.93
2026-10-06	0.94
2026-10-07	0.94
2026-10-08	1.00
2026-10-09	1.00
2026-10-10	1.00
2026-10-11	0.97
2026-10-12	1.00
2026-10-13	1.00
2026-10-14	1.00
2026-10-15	1.00
2026-10-16	1.00
2026-10-17	1.00
2026-10-18	1.00
2026-10-19	1.00
2026-10-20	0.97
2026-10-21	1.00
2026-10-22	0.97
2026-10-23	1.00
2026-10-24	1.00
2026-10-25	1.00
2026-10-26	1.00
2026-10-27	1.00
2026-10-28	1.00
2026-10-29	1.00
2026-10-30	1.00
2026-10-31	1.00
2026-11-01	1.00
2026-11-02	1.00
2026-11-03	1.00
2026-11-04	1.00
2026-11-05	1.00
2026-11-06	1.00
2026-11-07	1.00
2026-11-08	1.00
2026-11-09	1.00
2026-11-10	1.00
2026-11-11	1.00
2026-11-12	1.00
2026-11-13	1.00
2026-11-14	1.00
2026-11-15	1.00
2026-11-16	1.00
2026-11-17	1.00
2026-11-18	1.00
2026-11-19	1.00
2026-11-20	0.97
2026-11-21	0.96
2026-11-22	0.96
2026-11-23	1.00
2026-11-24	1.00
2026-11-25	1.00
2026-11-26	1.00
2026-11-27	1.00
2026-11-28	1.00
2026-11-29	1.00
2026-11-30	1.00
2026-12-01	1.00
2026-12-02	1.00
2026-12-03	1.00
2026-12-04	1.00
2026-12-05	1.00
2026-12-06	1.00
2026-12-07	1.00
2026-12-08	1.00
2026-12-09	1.00
2026-12-10	1.00
2026-12-11	1.00
2026-12-12	1.00
2026-12-13	1.00
2026-12-14	1.00
2026-12-15	1.00
2026-12-16	1.00
2026-12-17	1.00
2026-12-18	1.00
2026-12-19	1.00
2026-12-20	1.00
2026-12-21	1.00
2026-12-22	1.00
2026-12-23	1.00
2026-12-24	1.00
2026-12-25	1.00
2026-12-26	1.00
2026-12-27	1.00
2026-12-28	1.00
2026-12-29	1.00
2026-12-30	1.00
2026-12-31	1.00
2027-01-01	1.00
2027-01-02	1.00
2027-01-03	1.00
2027-01-04	1.00
2027-01-05	1.00
2027-01-06	1.00
2027-01-07	1.00
2027-01-08	1.00
2027-01-09	1.00
2027-01-10	1.00
2027-01-11	1.00
2027-01-12	1.00
2027-01-13	1.00
2027-01-14	1.00
2027-01-15	1.00
2027-01-16	1.00
2027-01-17	1.00
2027-01-18	1.00
2027-01-19	1.00
2027-01-20	1.00
2027-01-21	1.00
2027-01-22	1.00
2027-01-23	1.00
2027-01-24	1.00
2027-01-25	1.00
2027-01-26	1.00
2027-01-27	1.00
2027-01-28	1.00
2027-01-29	1.00
2027-01-30	1.00
2027-01-31	1.00
2027-02-01	1.00
2027-02-02	1.00
2027-02-03	1.00
2027-02-04	1.00
2027-02-05	1.00
2027-02-06	1.00
2027-02-07	1.00
2027-02-08	1.00
2027-02-09	1.00
2027-02-10	1.00
2027-02-11	1.00
2027-02-12	1.00
2027-02-13	1.00
2027-02-14	1.00
2027-02-15	1.00
2027-02-16	1.00
2027-02-17	1.00
2027-02-18	1.00
2027-02-19	1.00
2027-02-20	1.00
2027-02-21	1.00
2027-02-22	1.00
2027-02-23	1.00
2027-02-24	1.00
2027-02-25	1.00
2027-02-26	1.00
2027-02-27	1.00
2027-02-28	1.00
2027-03-01	1.00
2027-03-02	1.00
2027-03-03	1.00
2027-03-04	1.00
2027-03-05	1.00
2027-03-06	1.00
2027-03-07	1.00
2027-03-08	1.00
2027-03-09	1.00
2027-03-10	1.00
2027-03-11	1.00
2027-03-12	1.00
2027-03-13	1.00
2027-03-14	1.00
2027-03-15	1.00
2027-03-16	1.00
2027-03-17	1.00
2027-03-18	1.00
2027-03-19	1.00
2027-03-20	1.00
2027-03-21	1.00
2027-03-22	1.00
2027-03-23	1.00
2027-03-24	1.00
2027-03-25	1.00
2027-03-26	1.00
2027-03-27	1.00
2027-03-28	1.00
2027-03-29	1.00
2027-03-30	1.00
2027-03-31	1.00
2027-04-01	1.00
2027-04-02	1.00
2027-04-03	1.00
2027-04-04	1.00
2027-04-05	1.00
2027-04-06	1.00
2027-04-07	1.00
2027-04-08	1.00
2027-04-09	1.00
2027-04-10	1.00
2027-04-11	1.00
2027-04-12	1.00
2027-04-13	1.00
2027-04-14	1.00
2027-04-15	1.00
2027-04-16	1.00
2027-04-17	1.00
2027-04-18	0.96
2027-04-19	0.96
2027-04-20	1.00
2027-04-21	1.00
2027-04-22	1.00
2027-04-23	1.00
2027-04-24	1.00
2027-04-25	1.00
2027-04-26	1.00
2027-04-27	0.96
2027-04-28	1.00
2027-04-29	1.00
2027-04-30	1.00
2027-05-01	1.00
2027-05-02	1.00
2027-05-03	1.00
2027-05-04	1.00
2027-05-05	1.00
2027-05-06	1.00
2027-05-07	1.00
2027-05-08	1.00
2027-05-09	0.96
2027-05-10	0.96
2027-05-11	1.00
2027-05-12	1.00
2027-05-13	1.00
2027-05-14	1.00
2027-05-15	1.00
2027-05-16	1.00
2027-05-17	1.00
2027-05-18	1.00
2027-05-19	1.00
2027-05-20	1.00
2027-05-21	1.00
2027-05-22	1.00
2027-05-23	1.00
2027-05-24	1.00
2027-05-25	1.00
2027-05-26	1.00
2027-05-27	1.00
2027-05-28	1.00
2027-05-29	1.00
2027-05-30	0.96
2027-05-31	0.96
2027-06-01	0.94
2027-06-02	0.93
2027-06-03	1.00
2027-06-04	1.00
2027-06-05	1.00
2027-06-06	0.97
2027-06-07	0.95
2027-06-08	0.96
2027-06-09	0.97
2027-06-10	0.96
2027-06-11	0.96
2027-06-12	0.95
2027-06-13	0.94
2027-06-14	0.96
2027-06-15	0.96
2027-06-16	0.96
2027-06-17	0.95
2027-06-18	0.95
2027-06-19	0.94
2027-06-20	0.94
2027-06-21	0.95
2027-06-22	0.95
2027-06-23	0.93
2027-06-24	0.93
2027-06-25	0.93
2027-06-26	0.91
2027-06-27	0.91
2027-06-28	0.91
2027-06-29	0.91
2027-06-30	0.95
2027-07-01	0.93
2027-07-02	0.94
2027-07-03	0.93
2027-07-04	0.91
2027-07-05	0.91
2027-07-06	0.92
2027-07-07	0.93
2027-07-08	0.93
2027-07-09	0.92
2027-07-10	0.94
2027-07-11	0.94
2027-07-12	0.92
2027-07-13	0.92
2027-07-14	0.92
2027-07-15	0.92
2027-07-16	0.92
2027-07-17	0.91
2027-07-18	0.94
2027-07-19	0.95
2027-07-20	0.92
2027-07-21	0.92
2027-07-22	0.93
2027-07-23	0.92
2027-07-24	0.92
2027-07-25	0.92
2027-07-26	0.92
2027-07-27	0.92
2027-07-28	0.92
2027-07-29	0.91
2027-07-30	0.91
2027-07-31	0.91
2027-08-01	0.90
2027-08-02	0.92
2027-08-03	0.93
2027-08-04	0.92
2027-08-05	0.93
2027-08-06	0.92
2027-08-07	0.92
2027-08-08	0.92
2027-08-09	0.92
2027-08-10	0.91
2027-08-11	0.91
2027-08-12	0.91
2027-08-13	0.91
2027-08-14	0.92
2027-08-15	0.91
2027-08-16	0.91
2027-08-17	0.93
2027-08-18	0.93
2027-08-19	0.93
2027-08-20	0.93
2027-08-21	0.93
2027-08-22	0.94
2027-08-23	0.92
2027-08-24	1.00
2027-08-25	1.00
2027-08-26	1.00
2027-08-27	0.95
2027-08-28	0.92
2027-08-29	0.91
2027-08-30	0.92
2027-08-31	0.92
2027-09-01	1.00
2027-09-02	1.00
2027-09-03	1.00
2027-09-04	1.00
2027-09-05	0.96
2027-09-06	0.93
2027-09-07	0.92
2027-09-08	0.92
2027-09-09	0.93
2027-09-10	1.00
2027-09-11	1.00
2027-09-12	0.97
2027-09-13	0.96
2027-09-14	0.95
2027-09-15	0.96
2027-09-16	0.96
2027-09-17	0.96
2027-09-18	0.96
2027-09-19	0.95
2027-09-20	0.95
2027-09-21	0.95
2027-09-22	0.95
2027-09-23	0.95
2027-09-24	0.96
2027-09-25	0.97
2027-09-26	0.96
2027-09-27	0.95
2027-09-28	0.95
2027-09-29	0.95
2027-09-30	0.95
2027-10-01	0.94
2027-10-02	0.96
2027-10-03	0.97
2027-10-04	1.00
2027-10-05	1.00
2027-10-06	1.00
2027-10-07	1.00
2027-10-08	0.97
2027-10-09	0.96
2027-10-10	0.95
2027-10-11	0.94
2027-10-12	0.94
2027-10-13	0.94
2027-10-14	0.95
2027-10-15	0.95
2027-10-16	0.95
2027-10-17	0.95
2027-10-18	0.95
2027-10-19	0.96
2027-10-20	1.00
2027-10-21	1.00
2027-10-22	1.00
2027-10-23	1.00
2027-10-24	0.96
2027-10-25	1.00
2027-10-26	1.00
2027-10-27	1.00
2027-10-28	1.00
2027-10-29	0.96
2027-10-30	0.96
2027-10-31	0.95
2027-11-01	1.00
2027-11-02	1.00
2027-11-03	1.00
2027-11-04	1.00
2027-11-05	1.00
2027-11-06	1.00
2027-11-07	1.00
2027-11-08	1.00
2027-11-09	1.00
2027-11-10	1.00
2027-11-11	1.00
2027-11-12	1.00
2027-11-13	1.00
2027-11-14	1.00
2027-11-15	1.00
2027-11-16	1.00
2027-11-17	1.00
2027-11-18	1.00
2027-11-19	1.00
2027-11-20	1.00
2027-11-21	1.00
2027-11-22	1.00
2027-11-23	1.00
2027-11-24	1.00
2027-11-25	1.00
2027-11-26	1.00
2027-11-27	1.00
2027-11-28	1.00
2027-11-29	1.00
2027-11-30	1.00
2027-12-01	1.00
2027-12-02	1.00
2027-12-03	1.00
2027-12-04	1.00
2027-12-05	1.00
2027-12-06	1.00
2027-12-07	1.00
2027-12-08	1.00
2027-12-09	1.00
2027-12-10	1.00
2027-12-11	1.00
2027-12-12	1.00
2027-12-13	1.00
2027-12-14	1.00
2027-12-15	1.00
2027-12-16	1.00
2027-12-17	1.00
2027-12-18	1.00
2027-12-19	1.00
2027-12-20	1.00
2027-12-21	1.00
2027-12-22	1.00
2027-12-23	1.00
2027-12-24	1.00
2027-12-25	1.00
2027-12-26	1.00
2027-12-27	1.00
2027-12-28	1.00
2027-12-29	1.00
2027-12-30	1.00
2027-12-31	1.00
2028-01-01	1.00
2028-01-02	1.00
2028-01-03	1.00
2028-01-04	1.00
2028-01-05	1.00
2028-01-06	1.00
2028-01-07	1.00
2028-01-08	1.00
2028-01-09	1.00
2028-01-10	1.00
2028-01-11	1.00
2028-01-12	1.00
2028-01-13	1.00
2028-01-14	1.00
2028-01-15	1.00
2028-01-16	1.00
2028-01-17	1.00
2028-01-18	1.00
2028-01-19	1.00
2028-01-20	1.00
2028-01-21	1.00
2028-01-22	1.00
2028-01-23	1.00
2028-01-24	1.00
2028-01-25	1.00
2028-01-26	1.00
2028-01-27	1.00
2028-01-28	1.00
2028-01-29	1.00
2028-01-30	1.00
2028-01-31	1.00
2028-02-01	1.00
2028-02-02	1.00
2028-02-03	1.00
2028-02-04	1.00
2028-02-05	1.00
2028-02-06	1.00
2028-02-07	1.00
2028-02-08	1.00
2028-02-09	1.00
2028-02-10	1.00
2028-02-11	1.00
2028-02-12	1.00
2028-02-13	1.00
2028-02-14	1.00
2028-02-15	1.00
2028-02-16	1.00
2028-02-17	1.00
2028-02-18	1.00
2028-02-19	1.00
2028-02-20	1.00
2028-02-21	1.00
2028-02-22	1.00
2028-02-23	1.00
2028-02-24	1.00
2028-02-25	1.00
2028-02-26	1.00
2028-02-27	1.00
2028-02-28	1.00
2028-02-29	1.00
2028-03-01	1.00
2028-03-02	1.00
2028-03-03	1.00
2028-03-04	1.00
2028-03-05	1.00
2028-03-06	1.00
2028-03-07	1.00
2028-03-08	1.00
2028-03-09	1.00
2028-03-10	1.00
2028-03-11	1.00
2028-03-12	1.00
2028-03-13	1.00
2028-03-14	1.00
2028-03-15	1.00
2028-03-16	1.00
2028-03-17	1.00
2028-03-18	1.00
2028-03-19	1.00
2028-03-20	1.00
2028-03-21	1.00
2028-03-22	1.00
2028-03-23	1.00
2028-03-24	1.00
2028-03-25	1.00
2028-03-26	1.00
2028-03-27	1.00
2028-03-28	1.00
2028-03-29	1.00
2028-03-30	1.00
2028-03-31	1.00
2028-04-01	1.00
2028-04-02	1.00
2028-04-03	1.00
2028-04-04	1.00
2028-04-05	1.00
2028-04-06	1.00
2028-04-07	1.00
2028-04-08	1.00
2028-04-09	1.00
2028-04-10	1.00
2028-04-11	1.00
2028-04-12	1.00
2028-04-13	1.00
2028-04-14	1.00
2028-04-15	1.00
2028-04-16	1.00
2028-04-17	1.00
2028-04-18	1.00
2028-04-19	1.00
2028-04-20	1.00
2028-04-21	1.00
2028-04-22	1.00
2028-04-23	1.00
2028-04-24	1.00
2028-04-25	1.00
2028-04-26	1.00
2028-04-27	1.00
2028-04-28	1.00
2028-04-29	1.00
2028-04-30	1.00
2028-05-01	0.96
2028-05-02	1.00
2028-05-03	1.00
2028-05-04	1.00
2028-05-05	1.00
2028-05-06	1.00
2028-05-07	1.00
2028-05-08	0.97
2028-05-09	0.96
2028-05-10	0.95
2028-05-11	0.95
2028-05-12	0.95
2028-05-13	0.95
2028-05-14	0.95
2028-05-15	1.00
2028-05-16	1.00
2028-05-17	1.00
2028-05-18	1.00
2028-05-19	1.00
2028-05-20	1.00
2028-05-21	0.96
2028-05-22	0.95
2028-05-23	0.96
2028-05-24	1.00
2028-05-25	1.00
2028-05-26	0.95
2028-05-27	1.00
2028-05-28	1.00
2028-05-29	1.00
2028-05-30	1.00
2028-05-31	1.00
2028-06-01	1.00
2028-06-02	1.00
2028-06-03	1.00
2028-06-04	0.93
2028-06-05	0.93
2028-06-06	0.96
2028-06-07	0.96
2028-06-08	1.00
2028-06-09	1.00
2028-06-10	0.96
2028-06-11	0.95
2028-06-12	1.00
2028-06-13	1.00
2028-06-14	1.00
2028-06-15	1.00
2028-06-16	0.97
2028-06-17	0.96
2028-06-18	0.95
2028-06-19	0.95
2028-06-20	0.94
2028-06-21	0.93
2028-06-22	0.95
2028-06-23	0.95
2028-06-24	0.96
2028-06-25	1.00
2028-06-26	0.93
2028-06-27	0.92
2028-06-28	0.91
2028-06-29	0.91
2028-06-30	0.91
2028-07-01	0.91
2028-07-02	0.95
2028-07-03	0.93
2028-07-04	0.91
2028-07-05	0.91
2028-07-06	0.91
2028-07-07	0.92
2028-07-08	0.96
2028-07-09	0.95
2028-07-10	0.92
2028-07-11	0.90
2028-07-12	0.91
2028-07-13	0.91
2028-07-14	0.93
2028-07-15	0.93
2028-07-16	0.93
2028-07-17	0.93
2028-07-18	0.92
2028-07-19	0.91
2028-07-20	0.91
2028-07-21	0.92
2028-07-22	0.92
2028-07-23	0.91
2028-07-24	0.90
2028-07-25	0.90
2028-07-26	0.89
2028-07-27	0.90
2028-07-28	0.90
2028-07-29	0.91
2028-07-30	0.91
2028-07-31	0.92
2028-08-01	0.91
2028-08-02	0.90
2028-08-03	0.91
2028-08-04	0.91
2028-08-05	0.92
2028-08-06	0.93
2028-08-07	0.93
2028-08-08	0.92
2028-08-09	0.92
2028-08-10	0.94
2028-08-11	0.96
2028-08-12	0.95
2028-08-13	0.93
2028-08-14	0.93
2028-08-15	0.94
2028-08-16	0.92
2028-08-17	0.92
2028-08-18	0.92
2028-08-19	0.92
2028-08-20	0.92
2028-08-21	0.92
2028-08-22	0.92
2028-08-23	0.92
2028-08-24	0.92
2028-08-25	0.92
2028-08-26	0.91
2028-08-27	0.92
2028-08-28	0.91
2028-08-29	0.91
2028-08-30	0.91
2028-08-31	0.91
2028-09-01	0.91
2028-09-02	0.92
2028-09-03	0.92
2028-09-04	0.91
2028-09-05	0.91
2028-09-06	0.91
2028-09-07	0.91
2028-09-08	0.92
2028-09-09	0.92
2028-09-10	0.91
2028-09-11	0.93
2028-09-12	0.93
2028-09-13	0.91
2028-09-14	0.92
2028-09-15	0.92
2028-09-16	0.93
2028-09-17	0.95
2028-09-18	0.95
2028-09-19	0.94
2028-09-20	0.92
2028-09-21	0.92
2028-09-22	0.93
2028-09-23	0.93
2028-09-24	0.92
2028-09-25	0.92
2028-09-26	0.91
2028-09-27	0.90
2028-09-28	0.91
2028-09-29	0.91
2028-09-30	0.92
2028-10-01	0.94
2028-10-02	0.94
2028-10-03	0.95
2028-10-04	0.94
2028-10-05	1.00
2028-10-06	1.00
2028-10-07	0.96
2028-10-08	0.96
2028-10-09	0.95
2028-10-10	1.00
2028-10-11	1.00
2028-10-12	1.00
2028-10-13	1.00
2028-10-14	1.00
2028-10-15	0.97
2028-10-16	0.96
2028-10-17	0.95
2028-10-18	0.97
2028-10-19	1.00
2028-10-20	1.00
2028-10-21	1.00
2028-10-22	1.00
2028-10-23	1.00
2028-10-24	1.00
2028-10-25	1.00
2028-10-26	1.00
2028-10-27	1.00
2028-10-28	0.96
2028-10-29	1.00
2028-10-30	1.00
2028-10-31	1.00
2028-11-01	1.00
2028-11-02	1.00
2028-11-03	1.00
2028-11-04	1.00
2028-11-05	0.96
2028-11-06	1.00
2028-11-07	1.00
2028-11-08	0.95
2028-11-09	1.00
2028-11-10	1.00
2028-11-11	0.95
2028-11-12	0.95
2028-11-13	1.00
2028-11-14	1.00
2028-11-15	1.00
2028-11-16	1.00
2028-11-17	1.00
2028-11-18	1.00
2028-11-19	0.95
2028-11-20	1.00
2028-11-21	1.00
2028-11-22	1.00
2028-11-23	1.00
2028-11-24	1.00
2028-11-25	1.00
2028-11-26	1.00
2028-11-27	1.00
2028-11-28	1.00
2028-11-29	1.00
2028-11-30	1.00
2028-12-01	1.00
2028-12-02	1.00
2028-12-03	1.00
2028-12-04	1.00
2028-12-05	1.00
2028-12-06	1.00
2028-12-07	1.00
2028-12-08	1.00
2028-12-09	1.00
2028-12-10	1.00
2028-12-11	1.00
2028-12-12	1.00
2028-12-13	1.00
2028-12-14	1.00
2028-12-15	1.00
2028-12-16	1.00
2028-12-17	1.00
2028-12-18	1.00
2028-12-19	1.00
2028-12-20	1.00
2028-12-21	1.00
2028-12-22	1.00
2028-12-23	1.00
2028-12-24	1.00
2028-12-25	1.00
2028-12-26	1.00
2028-12-27	1.00
2028-12-28	1.00
2028-12-29	1.00
2028-12-30	1.00
2028-12-31	1.00
2029-01-01	1.00
2029-01-02	1.00
2029-01-03	1.00
2029-01-04	1.00
2029-01-05	1.00
2029-01-06	1.00
2029-01-07	1.00
2029-01-08	1.00
2029-01-09	1.00
2029-01-10	1.00
2029-01-11	1.00
2029-01-12	1.00
2029-01-13	1.00
2029-01-14	1.00
2029-01-15	1.00
2029-01-16	1.00
2029-01-17	1.00
2029-01-18	1.00
2029-01-19	1.00
2029-01-20	1.00
2029-01-21	1.00
2029-01-22	1.00
2029-01-23	1.00
2029-01-24	1.00
2029-01-25	1.00
2029-01-26	1.00
2029-01-27	1.00
2029-01-28	1.00
2029-01-29	1.00
2029-01-30	1.00
2029-01-31	1.00
2029-02-01	1.00
2029-02-02	1.00
2029-02-03	1.00
2029-02-04	1.00
2029-02-05	1.00
2029-02-06	1.00
2029-02-07	1.00
2029-02-08	1.00
2029-02-09	1.00
2029-02-10	1.00
2029-02-11	1.00
2029-02-12	1.00
2029-02-13	1.00
2029-02-14	1.00
2029-02-15	1.00
2029-02-16	1.00
2029-02-17	1.00
2029-02-18	1.00
2029-02-19	1.00
2029-02-20	1.00
2029-02-21	1.00
2029-02-22	1.00
2029-02-23	1.00
2029-02-24	1.00
2029-02-25	1.00
2029-02-26	1.00
2029-02-27	1.00
2029-02-28	1.00
2029-03-01	1.00
2029-03-02	1.00
2029-03-03	1.00
2029-03-04	1.00
2029-03-05	1.00
2029-03-06	1.00
2029-03-07	1.00
2029-03-08	1.00
2029-03-09	0.97
2029-03-10	1.00
2029-03-11	1.00
2029-03-12	1.00
2029-03-13	1.00
2029-03-14	1.00
2029-03-15	1.00
2029-03-16	1.00
2029-03-17	1.00
2029-03-18	1.00
2029-03-19	1.00
2029-03-20	1.00
2029-03-21	1.00
2029-03-22	1.00
2029-03-23	1.00
2029-03-24	1.00
2029-03-25	1.00
2029-03-26	1.00
2029-03-27	1.00
2029-03-28	1.00
2029-03-29	1.00
2029-03-30	1.00
2029-03-31	1.00
2029-04-01	1.00
2029-04-02	1.00
2029-04-03	1.00
2029-04-04	1.00
2029-04-05	1.00
2029-04-06	1.00
2029-04-07	1.00
2029-04-08	1.00
2029-04-09	1.00
2029-04-10	1.00
2029-04-11	1.00
2029-04-12	1.00
2029-04-13	1.00
2029-04-14	1.00
2029-04-15	1.00
2029-04-16	1.00
2029-04-17	1.00
2029-04-18	1.00
2029-04-19	1.00
2029-04-20	1.00
2029-04-21	1.00
2029-04-22	0.97
2029-04-23	0.96
2029-04-24	0.95
2029-04-25	1.00
2029-04-26	1.00
2029-04-27	1.00
2029-04-28	1.00
2029-04-29	1.00
2029-04-30	1.00
2029-05-01	1.00
2029-05-02	1.00
2029-05-03	1.00
2029-05-04	1.00
2029-05-05	1.00
2029-05-06	1.00
2029-05-07	1.00
2029-05-08	1.00
2029-05-09	1.00
2029-05-10	1.00
2029-05-11	1.00
2029-05-12	1.00
2029-05-13	1.00
2029-05-14	1.00
2029-05-15	0.97
2029-05-16	1.00
2029-05-17	0.96
2029-05-18	0.95
2029-05-19	0.94
2029-05-20	0.95
2029-05-21	0.95
2029-05-22	0.95
2029-05-23	0.96
2029-05-24	1.00
2029-05-25	1.00
2029-05-26	1.00
2029-05-27	0.96
2029-05-28	0.95
2029-05-29	0.95
2029-05-30	0.96
2029-05-31	0.96
2029-06-01	0.96
2029-06-02	0.94
2029-06-03	0.93
2029-06-04	0.96
2029-06-05	0.96
2029-06-06	0.95
2029-06-07	0.94
2029-06-08	1.00
2029-06-09	1.00
2029-06-10	1.00
2029-06-11	0.96
2029-06-12	0.96
2029-06-13	0.96
2029-06-14	0.95
2029-06-15	0.94
2029-06-16	1.00
2029-06-17	1.00
2029-06-18	0.96
2029-06-19	0.96
2029-06-20	0.92
2029-06-21	0.96
2029-06-22	1.00
2029-06-23	1.00
2029-06-24	0.97
2029-06-25	0.96
2029-06-26	0.95
2029-06-27	0.93
2029-06-28	0.96
2029-06-29	0.96
2029-06-30	0.95
2029-07-01	0.95
2029-07-02	0.94
2029-07-03	0.93
2029-07-04	0.92
2029-07-05	0.92
2029-07-06	0.91
2029-07-07	0.92
2029-07-08	0.92
2029-07-09	0.92
2029-07-10	0.91
2029-07-11	0.91
2029-07-12	0.92
2029-07-13	0.96
2029-07-14	0.95
2029-07-15	0.93
2029-07-16	0.95
2029-07-17	0.96
2029-07-18	0.96
2029-07-19	0.93
2029-07-20	0.91
2029-07-21	0.92
2029-07-22	0.95
2029-07-23	0.95
2029-07-24	0.94
2029-07-25	0.95
2029-07-26	0.97
2029-07-27	0.96
2029-07-28	0.96
2029-07-29	0.95
2029-07-30	0.95
2029-07-31	0.95
2029-08-01	0.95
2029-08-02	0.94
2029-08-03	0.93
2029-08-04	0.93
2029-08-05	0.93
2029-08-06	0.92
2029-08-07	0.92
2029-08-08	0.93
2029-08-09	1.00
2029-08-10	1.00
2029-08-11	0.95
2029-08-12	0.93
2029-08-13	0.96
2029-08-14	0.97
2029-08-15	0.93
2029-08-16	0.92
2029-08-17	0.92
2029-08-18	0.93
2029-08-19	0.94
2029-08-20	0.93
2029-08-21	0.95
2029-08-22	0.95
2029-08-23	0.95
2029-08-24	0.95
2029-08-25	0.94
2029-08-26	0.93
2029-08-27	0.93
2029-08-28	0.92
2029-08-29	0.94
2029-08-30	0.93
2029-08-31	0.92
2029-09-01	0.92
2029-09-02	0.93
2029-09-03	0.93
2029-09-04	0.93
2029-09-05	0.93
2029-09-06	0.94
2029-09-07	0.96
2029-09-08	0.96
2029-09-09	0.96
2029-09-10	0.94
2029-09-11	0.93
2029-09-12	0.92
2029-09-13	0.92
2029-09-14	0.92
2029-09-15	0.92
2029-09-16	0.93
2029-09-17	0.97
2029-09-18	1.00
2029-09-19	1.00
2029-09-20	1.00
2029-09-21	0.96
2029-09-22	0.95
2029-09-23	0.95
2029-09-24	0.93
2029-09-25	0.92
2029-09-26	0.93
2029-09-27	0.94
2029-09-28	0.94
2029-09-29	0.94
2029-09-30	0.93
2029-10-01	1.00
2029-10-02	1.00
2029-10-03	1.00
2029-10-04	1.00
2029-10-05	1.00
2029-10-06	1.00
2029-10-07	0.96
2029-10-08	1.00
2029-10-09	1.00
2029-10-10	1.00
2029-10-11	1.00
2029-10-12	0.96
2029-10-13	1.00
2029-10-14	1.00
2029-10-15	1.00
2029-10-16	1.00
2029-10-17	1.00
2029-10-18	1.00
2029-10-19	1.00
2029-10-20	1.00
2029-10-21	1.00
2029-10-22	1.00
2029-10-23	1.00
2029-10-24	1.00
2029-10-25	1.00
2029-10-26	1.00
2029-10-27	1.00
2029-10-28	1.00
2029-10-29	1.00
2029-10-30	1.00
2029-10-31	1.00
2029-11-01	1.00
2029-11-02	1.00
2029-11-03	1.00
2029-11-04	1.00
2029-11-05	1.00
2029-11-06	1.00
2029-11-07	1.00
2029-11-08	1.00
2029-11-09	1.00
2029-11-10	1.00
2029-11-11	0.96
2029-11-12	1.00
2029-11-13	0.96
2029-11-14	1.00
2029-11-15	1.00
2029-11-16	1.00
2029-11-17	1.00
2029-11-18	1.00
2029-11-19	1.00
2029-11-20	1.00
2029-11-21	1.00
2029-11-22	1.00
2029-11-23	1.00
2029-11-24	1.00
2029-11-25	1.00
2029-11-26	1.00
2029-11-27	1.00
2029-11-28	1.00
2029-11-29	1.00
2029-11-30	1.00
2029-12-01	1.00
2029-12-02	1.00
2029-12-03	1.00
2029-12-04	1.00
2029-12-05	1.00
2029-12-06	1.00
2029-12-07	1.00
2029-12-08	1.00
2029-12-09	1.00
2029-12-10	1.00
2029-12-11	1.00
2029-12-12	1.00
2029-12-13	1.00
2029-12-14	1.00
2029-12-15	1.00
2029-12-16	1.00
2029-12-17	1.00
2029-12-18	1.00
2029-12-19	1.00
2029-12-20	1.00
2029-12-21	1.00
2029-12-22	1.00
2029-12-23	1.00
2029-12-24	1.00
2029-12-25	1.00
2029-12-26	1.00
2029-12-27	1.00
2029-12-28	1.00
2029-12-29	1.00
2029-12-30	1.00
2029-12-31	1.00
2030-01-01	1.00
2030-01-02	1.00
2030-01-03	1.00
2030-01-04	1.00
2030-01-05	1.00
2030-01-06	1.00
2030-01-07	1.00
2030-01-08	1.00
2030-01-09	1.00
2030-01-10	1.00
2030-01-11	1.00
2030-01-12	1.00
2030-01-13	1.00
2030-01-14	1.00
2030-01-15	1.00
2030-01-16	1.00
2030-01-17	1.00
2030-01-18	1.00
2030-01-19	1.00
2030-01-20	1.00
2030-01-21	1.00
2030-01-22	1.00
2030-01-23	1.00
2030-01-24	1.00
2030-01-25	1.00
2030-01-26	1.00
2030-01-27	1.00
2030-01-28	1.00
2030-01-29	1.00
2030-01-30	1.00
2030-01-31	1.00
2030-02-01	1.00
2030-02-02	1.00
2030-02-03	1.00
2030-02-04	1.00
2030-02-05	1.00
2030-02-06	1.00
2030-02-07	1.00
2030-02-08	1.00
2030-02-09	1.00
2030-02-10	1.00
2030-02-11	1.00
2030-02-12	1.00
2030-02-13	1.00
2030-02-14	1.00
2030-02-15	1.00
2030-02-16	1.00
2030-02-17	1.00
2030-02-18	1.00
2030-02-19	1.00
2030-02-20	1.00
2030-02-21	1.00
2030-02-22	1.00
2030-02-23	1.00
2030-02-24	1.00
2030-02-25	1.00
2030-02-26	1.00
2030-02-27	1.00
2030-02-28	1.00
2030-03-01	1.00
2030-03-02	1.00
2030-03-03	1.00
2030-03-04	1.00
2030-03-05	1.00
2030-03-06	1.00
2030-03-07	1.00
2030-03-08	1.00
2030-03-09	1.00
2030-03-10	1.00
2030-03-11	1.00
2030-03-12	1.00
2030-03-13	1.00
2030-03-14	1.00
2030-03-15	1.00
2030-03-16	1.00
2030-03-17	1.00
2030-03-18	1.00
2030-03-19	1.00
2030-03-20	1.00
2030-03-21	1.00
2030-03-22	1.00
2030-03-23	1.00
2030-03-24	1.00
2030-03-25	1.00
2030-03-26	1.00
2030-03-27	1.00
2030-03-28	1.00
2030-03-29	1.00
2030-03-30	1.00
2030-03-31	1.00
2030-04-01	1.00
2030-04-02	1.00
2030-04-03	1.00
2030-04-04	1.00
2030-04-05	1.00
2030-04-06	1.00
2030-04-07	1.00
2030-04-08	0.96
2030-04-09	0.96
2030-04-10	0.96
2030-04-11	1.00
2030-04-12	1.00
2030-04-13	1.00
2030-04-14	1.00
2030-04-15	1.00
2030-04-16	1.00
2030-04-17	1.00
2030-04-18	1.00
2030-04-19	1.00
2030-04-20	1.00
2030-04-21	1.00
2030-04-22	1.00
2030-04-23	1.00
2030-04-24	1.00
2030-04-25	0.97
2030-04-26	0.96
2030-04-27	0.96
2030-04-28	0.95
2030-04-29	0.95
2030-04-30	0.94
2030-05-01	0.95
2030-05-02	1.00
2030-05-03	1.00
2030-05-04	1.00
2030-05-05	0.96
2030-05-06	0.95
2030-05-07	0.95
2030-05-08	0.95
2030-05-09	0.95
2030-05-10	0.95
2030-05-11	0.96
2030-05-12	0.95
2030-05-13	0.94
2030-05-14	0.94
2030-05-15	0.94
2030-05-16	0.94
2030-05-17	0.94
2030-05-18	0.95
2030-05-19	0.95
2030-05-20	0.96
2030-05-21	1.00
2030-05-22	1.00
2030-05-23	1.00
2030-05-24	1.00
2030-05-25	0.96
2030-05-26	0.95
2030-05-27	0.96
2030-05-28	1.00
2030-05-29	1.00
2030-05-30	1.00
2030-05-31	1.00
2030-06-01	1.00
2030-06-02	1.00
2030-06-03	1.00
2030-06-04	0.97
2030-06-05	0.95
2030-06-06	0.94
2030-06-07	0.96
2030-06-08	0.97
2030-06-09	1.00
2030-06-10	0.96
2030-06-11	0.95
2030-06-12	0.96
2030-06-13	0.96
2030-06-14	0.95
2030-06-15	0.95
2030-06-16	0.95
2030-06-17	0.96
2030-06-18	0.96
2030-06-19	0.96
2030-06-20	0.95
2030-06-21	0.95
2030-06-22	0.94
2030-06-23	0.96
2030-06-24	1.00
2030-06-25	1.00
2030-06-26	0.95
2030-06-27	0.95
2030-06-28	0.96
2030-06-29	0.96
2030-06-30	0.96
2030-07-01	0.95
2030-07-02	0.91
2030-07-03	0.93
2030-07-04	0.93
2030-07-05	0.92
2030-07-06	0.93
2030-07-07	0.93
2030-07-08	0.95
2030-07-09	0.95
2030-07-10	0.94
2030-07-11	0.93
2030-07-12	0.93
2030-07-13	0.93
2030-07-14	0.92
2030-07-15	0.91
2030-07-16	0.92
2030-07-17	0.92
2030-07-18	0.91
2030-07-19	0.91
2030-07-20	0.91
2030-07-21	0.91
2030-07-22	0.90
2030-07-23	0.90
2030-07-24	0.91
2030-07-25	0.93
2030-07-26	0.91
2030-07-27	0.95
2030-07-28	0.95
2030-07-29	0.95
2030-07-30	0.95
2030-07-31	0.94
2030-08-01	0.94
2030-08-02	0.93
2030-08-03	0.92
2030-08-04	1.00
2030-08-05	1.00
2030-08-06	0.97
2030-08-07	0.95
2030-08-08	0.95
2030-08-09	0.95
2030-08-10	0.95
2030-08-11	0.93
2030-08-12	0.96
2030-08-13	0.95
2030-08-14	0.92
2030-08-15	0.93
2030-08-16	0.95
2030-08-17	0.94
2030-08-18	0.92
2030-08-19	0.92
2030-08-20	0.92
2030-08-21	0.92
2030-08-22	0.92
2030-08-23	0.93
2030-08-24	0.96
2030-08-25	0.96
2030-08-26	0.96
2030-08-27	0.95
2030-08-28	0.94
2030-08-29	0.96
2030-08-30	0.96
2030-08-31	0.96
2030-09-01	0.94
2030-09-02	0.95
2030-09-03	0.95
2030-09-04	0.94
2030-09-05	0.92
2030-09-06	0.91
2030-09-07	0.91
2030-09-08	0.91
2030-09-09	0.91
2030-09-10	0.92
2030-09-11	0.95
2030-09-12	0.92
2030-09-13	0.91
2030-09-14	0.92
2030-09-15	0.92
2030-09-16	0.92
2030-09-17	0.92
2030-09-18	0.93
2030-09-19	0.95
2030-09-20	1.00
2030-09-21	1.00
2030-09-22	1.00
2030-09-23	1.00
2030-09-24	1.00
2030-09-25	1.00
2030-09-26	1.00
2030-09-27	1.00
2030-09-28	1.00
2030-09-29	0.96
2030-09-30	0.95
2030-10-01	0.97
2030-10-02	0.96
2030-10-03	0.97
2030-10-04	1.00
2030-10-05	1.00
2030-10-06	1.00
2030-10-07	1.00
2030-10-08	1.00
2030-10-09	1.00
2030-10-10	1.00
2030-10-11	1.00
2030-10-12	1.00
2030-10-13	1.00
2030-10-14	1.00
2030-10-15	1.00
2030-10-16	1.00
2030-10-17	1.00
2030-10-18	1.00
2030-10-19	1.00
2030-10-20	1.00
2030-10-21	1.00
2030-10-22	1.00
2030-10-23	1.00
2030-10-24	0.96
2030-10-25	1.00
2030-10-26	1.00
2030-10-27	0.97
2030-10-28	1.00
2030-10-29	1.00
2030-10-30	1.00
2030-10-31	1.00
2030-11-01	1.00
2030-11-02	1.00
2030-11-03	1.00
2030-11-04	1.00
2030-11-05	1.00
2030-11-06	1.00
2030-11-07	1.00
2030-11-08	1.00
2030-11-09	1.00
2030-11-10	1.00
2030-11-11	1.00
2030-11-12	1.00
2030-11-13	1.00
2030-11-14	0.96
2030-11-15	0.97
2030-11-16	0.96
2030-11-17	0.96
2030-11-18	0.95
2030-11-19	1.00
2030-11-20	1.00
2030-11-21	1.00
2030-11-22	1.00
2030-11-23	1.00
2030-11-24	1.00
2030-11-25	1.00
2030-11-26	1.00
2030-11-27	1.00
2030-11-28	1.00
2030-11-29	1.00
2030-11-30	1.00
2030-12-01	1.00
2030-12-02	1.00
2030-12-03	1.00
2030-12-04	1.00
2030-12-05	1.00
2030-12-06	1.00
2030-12-07	1.00
2030-12-08	1.00
2030-12-09	1.00
2030-12-10	1.00
2030-12-11	1.00
2030-12-12	1.00
2030-12-13	1.00
2030-12-14	1.00
2030-12-15	1.00
2030-12-16	1.00
2030-12-17	1.00
2030-12-18	1.00
2030-12-19	1.00
2030-12-20	1.00
2030-12-21	1.00
2030-12-22	1.00
2030-12-23	1.00
2030-12-24	1.00
2030-12-25	1.00
2030-12-26	1.00
2030-12-27	1.00
2030-12-28	1.00
2030-12-29	1.00
2030-12-30	1.00
2030-12-31	1.00
2031-01-01	1.00
2031-01-02	1.00
2031-01-03	1.00
2031-01-04	1.00
2031-01-05	1.00
2031-01-06	1.00
2031-01-07	1.00
2031-01-08	1.00
2031-01-09	1.00
2031-01-10	1.00
2031-01-11	1.00
2031-01-12	1.00
2031-01-13	1.00
2031-01-14	1.00
2031-01-15	1.00
2031-01-16	1.00
2031-01-17	1.00
2031-01-18	1.00
2031-01-19	1.00
2031-01-20	1.00
2031-01-21	1.00
2031-01-22	1.00
2031-01-23	1.00
2031-01-24	1.00
2031-01-25	1.00
2031-01-26	1.00
2031-01-27	1.00
2031-01-28	1.00
2031-01-29	1.00
2031-01-30	1.00
2031-01-31	1.00
2031-02-01	1.00
2031-02-02	1.00
2031-02-03	1.00
2031-02-04	1.00
2031-02-05	1.00
2031-02-06	1.00
2031-02-07	1.00
2031-02-08	1.00
2031-02-09	1.00
2031-02-10	1.00
2031-02-11	1.00
2031-02-12	1.00
2031-02-13	1.00
2031-02-14	1.00
2031-02-15	1.00
2031-02-16	1.00
2031-02-17	1.00
2031-02-18	1.00
2031-02-19	1.00
2031-02-20	1.00
2031-02-21	1.00
2031-02-22	1.00
2031-02-23	1.00
2031-02-24	1.00
2031-02-25	1.00
2031-02-26	1.00
2031-02-27	1.00
2031-02-28	1.00
2031-03-01	1.00
2031-03-02	1.00
2031-03-03	1.00
2031-03-04	1.00
2031-03-05	1.00
2031-03-06	1.00
2031-03-07	1.00
2031-03-08	1.00
2031-03-09	1.00
2031-03-10	1.00
2031-03-11	1.00
2031-03-12	1.00
2031-03-13	1.00
2031-03-14	1.00
2031-03-15	1.00
2031-03-16	1.00
2031-03-17	1.00
2031-03-18	1.00
2031-03-19	1.00
2031-03-20	1.00
2031-03-21	1.00
2031-03-22	1.00
2031-03-23	1.00
2031-03-24	1.00
2031-03-25	1.00
2031-03-26	1.00
2031-03-27	1.00
2031-03-28	1.00
2031-03-29	1.00
2031-03-30	1.00
2031-03-31	1.00
2031-04-01	1.00
2031-04-02	1.00
2031-04-03	1.00
2031-04-04	1.00
2031-04-05	1.00
2031-04-06	1.00
2031-04-07	1.00
2031-04-08	1.00
2031-04-09	1.00
2031-04-10	1.00
2031-04-11	1.00
2031-04-12	1.00
2031-04-13	1.00
2031-04-14	1.00
2031-04-15	1.00
2031-04-16	1.00
2031-04-17	1.00
2031-04-18	1.00
2031-04-19	1.00
2031-04-20	1.00
2031-04-21	1.00
2031-04-22	1.00
2031-04-23	0.96
2031-04-24	1.00
2031-04-25	1.00
2031-04-26	1.00
2031-04-27	1.00
2031-04-28	1.00
2031-04-29	1.00
2031-04-30	1.00
2031-05-01	0.96
2031-05-02	0.96
2031-05-03	0.97
2031-05-04	1.00
2031-05-05	1.00
2031-05-06	1.00
2031-05-07	1.00
2031-05-08	1.00
2031-05-09	1.00
2031-05-10	1.00
2031-05-11	0.97
2031-05-12	0.96
2031-05-13	1.00
2031-05-14	0.96
2031-05-15	1.00
2031-05-16	1.00
2031-05-17	1.00
2031-05-18	1.00
2031-05-19	1.00
2031-05-20	1.00
2031-05-21	1.00
2031-05-22	1.00
2031-05-23	1.00
2031-05-24	0.96
2031-05-25	0.97
2031-05-26	0.96
2031-05-27	0.96
2031-05-28	1.00
2031-05-29	1.00
2031-05-30	1.00
2031-05-31	1.00
2031-06-01	1.00
2031-06-02	1.00
2031-06-03	1.00
2031-06-04	0.97
2031-06-05	0.96
2031-06-06	0.95
2031-06-07	0.95
2031-06-08	1.00
2031-06-09	1.00
2031-06-10	1.00
2031-06-11	1.00
2031-06-12	1.00
2031-06-13	0.96
2031-06-14	0.95
2031-06-15	0.92
2031-06-16	0.91
2031-06-17	0.91
2031-06-18	0.91
2031-06-19	0.93
2031-06-20	0.91
2031-06-21	0.92
2031-06-22	0.91
2031-06-23	0.91
2031-06-24	0.91
2031-06-25	0.91
2031-06-26	0.90
2031-06-27	0.90
2031-06-28	0.90
2031-06-29	0.90
2031-06-30	0.93
2031-07-01	0.95
2031-07-02	0.91
2031-07-03	0.91
2031-07-04	0.93
2031-07-05	0.94
2031-07-06	0.92
2031-07-07	0.91
2031-07-08	0.91
2031-07-09	0.90
2031-07-10	0.92
2031-07-11	0.94
2031-07-12	0.92
2031-07-13	0.92
2031-07-14	0.91
2031-07-15	0.91
2031-07-16	0.91
2031-07-17	0.91
2031-07-18	0.91
2031-07-19	0.91
2031-07-20	0.92
2031-07-21	0.93
2031-07-22	0.92
2031-07-23	0.91
2031-07-24	0.91
2031-07-25	0.96
2031-07-26	0.96
2031-07-27	0.95
2031-07-28	0.95
2031-07-29	0.95
2031-07-30	0.96
2031-07-31	0.96
2031-08-01	0.96
2031-08-02	0.96
2031-08-03	0.95
2031-08-04	0.92
2031-08-05	0.92
2031-08-06	0.92
2031-08-07	0.92
2031-08-08	0.95
2031-08-09	0.96
2031-08-10	0.96
2031-08-11	0.96
2031-08-12	0.96
2031-08-13	0.96
2031-08-14	0.95
2031-08-15	1.00
2031-08-16	0.96
2031-08-17	0.95
2031-08-18	0.96
2031-08-19	0.94
2031-08-20	0.93
2031-08-21	0.95
2031-08-22	0.93
2031-08-23	0.92
2031-08-24	0.93
2031-08-25	0.94
2031-08-26	0.95
2031-08-27	0.93
2031-08-28	0.91
2031-08-29	0.94
2031-08-30	0.96
2031-08-31	1.00
2031-09-01	1.00
2031-09-02	1.00
2031-09-03	1.00
2031-09-04	1.00
2031-09-05	0.97
2031-09-06	0.96
2031-09-07	0.94
2031-09-08	0.92
2031-09-09	0.92
2031-09-10	0.93
2031-09-11	1.00
2031-09-12	1.00
2031-09-13	0.97
2031-09-14	1.00
2031-09-15	1.00
2031-09-16	0.96
2031-09-17	0.92
2031-09-18	0.95
2031-09-19	1.00
2031-09-20	1.00
2031-09-21	0.96
2031-09-22	0.94
2031-09-23	0.92
2031-09-24	0.96
2031-09-25	0.93
2031-09-26	0.95
2031-09-27	0.95
2031-09-28	0.92
2031-09-29	0.95
2031-09-30	1.00
2031-10-01	1.00
2031-10-02	1.00
2031-10-03	1.00
2031-10-04	1.00
2031-10-05	1.00
2031-10-06	1.00
2031-10-07	0.96
2031-10-08	0.96
2031-10-09	0.95
2031-10-10	0.97
2031-10-11	1.00
2031-10-12	1.00
2031-10-13	1.00
2031-10-14	1.00
2031-10-15	1.00
2031-10-16	1.00
2031-10-17	1.00
2031-10-18	1.00
2031-10-19	1.00
2031-10-20	1.00
2031-10-21	1.00
2031-10-22	1.00
2031-10-23	1.00
2031-10-24	1.00
2031-10-25	1.00
2031-10-26	1.00
2031-10-27	1.00
2031-10-28	0.96
2031-10-29	1.00
2031-10-30	1.00
2031-10-31	1.00
2031-11-01	1.00
2031-11-02	1.00
2031-11-03	1.00
2031-11-04	1.00
2031-11-05	1.00
2031-11-06	1.00
2031-11-07	1.00
2031-11-08	1.00
2031-11-09	1.00
2031-11-10	1.00
2031-11-11	1.00
2031-11-12	1.00
2031-11-13	1.00
2031-11-14	1.00
2031-11-15	1.00
2031-11-16	1.00
2031-11-17	1.00
2031-11-18	1.00
2031-11-19	1.00
2031-11-20	1.00
2031-11-21	1.00
2031-11-22	1.00
2031-11-23	1.00
2031-11-24	1.00
2031-11-25	1.00
2031-11-26	1.00
2031-11-27	1.00
2031-11-28	1.00
2031-11-29	1.00
2031-11-30	1.00
2031-12-01	1.00
2031-12-02	1.00
2031-12-03	1.00
2031-12-04	1.00
2031-12-05	1.00
2031-12-06	1.00
2031-12-07	1.00
2031-12-08	1.00
2031-12-09	1.00
2031-12-10	1.00
2031-12-11	1.00
2031-12-12	1.00
2031-12-13	1.00
2031-12-14	1.00
2031-12-15	1.00
2031-12-16	1.00
2031-12-17	1.00
2031-12-18	1.00
2031-12-19	1.00
2031-12-20	1.00
2031-12-21	1.00
2031-12-22	1.00
2031-12-23	1.00
2031-12-24	1.00
2031-12-25	1.00
2031-12-26	1.00
2031-12-27	1.00
2031-12-28	1.00
2031-12-29	1.00
2031-12-30	1.00
2031-12-31	1.00
2032-01-01	1.00
2032-01-02	1.00
2032-01-03	1.00
2032-01-04	1.00
2032-01-05	1.00
2032-01-06	1.00
2032-01-07	1.00
2032-01-08	1.00
2032-01-09	1.00
2032-01-10	1.00
2032-01-11	1.00
2032-01-12	1.00
2032-01-13	1.00
2032-01-14	1.00
2032-01-15	1.00
2032-01-16	1.00
2032-01-17	1.00
2032-01-18	1.00
2032-01-19	1.00
2032-01-20	1.00
2032-01-21	1.00
2032-01-22	1.00
2032-01-23	1.00
2032-01-24	1.00
2032-01-25	1.00
2032-01-26	1.00
2032-01-27	1.00
2032-01-28	1.00
2032-01-29	1.00
2032-01-30	1.00
2032-01-31	1.00
2032-02-01	1.00
2032-02-02	1.00
2032-02-03	1.00
2032-02-04	1.00
2032-02-05	1.00
2032-02-06	1.00
2032-02-07	1.00
2032-02-08	1.00
2032-02-09	1.00
2032-02-10	1.00
2032-02-11	1.00
2032-02-12	1.00
2032-02-13	1.00
2032-02-14	1.00
2032-02-15	1.00
2032-02-16	1.00
2032-02-17	1.00
2032-02-18	1.00
2032-02-19	1.00
2032-02-20	1.00
2032-02-21	1.00
2032-02-22	1.00
2032-02-23	1.00
2032-02-24	1.00
2032-02-25	1.00
2032-02-26	1.00
2032-02-27	1.00
2032-02-28	1.00
2032-02-29	1.00
2032-03-01	1.00
2032-03-02	1.00
2032-03-03	1.00
2032-03-04	1.00
2032-03-05	1.00
2032-03-06	1.00
2032-03-07	1.00
2032-03-08	1.00
2032-03-09	1.00
2032-03-10	1.00
2032-03-11	1.00
2032-03-12	1.00
2032-03-13	1.00
2032-03-14	1.00
2032-03-15	1.00
2032-03-16	1.00
2032-03-17	1.00
2032-03-18	1.00
2032-03-19	1.00
2032-03-20	1.00
2032-03-21	1.00
2032-03-22	1.00
2032-03-23	1.00
2032-03-24	1.00
2032-03-25	1.00
2032-03-26	1.00
2032-03-27	1.00
2032-03-28	1.00
2032-03-29	1.00
2032-03-30	1.00
2032-03-31	1.00
2032-04-01	0.97
2032-04-02	0.96
2032-04-03	0.96
2032-04-04	1.00
2032-04-05	1.00
2032-04-06	1.00
2032-04-07	1.00
2032-04-08	1.00
2032-04-09	1.00
2032-04-10	1.00
2032-04-11	1.00
2032-04-12	1.00
2032-04-13	1.00
2032-04-14	1.00
2032-04-15	1.00
2032-04-16	1.00
2032-04-17	0.96
2032-04-18	0.96
2032-04-19	0.96
2032-04-20	1.00
2032-04-21	1.00
2032-04-22	1.00
2032-04-23	1.00
2032-04-24	1.00
2032-04-25	0.97
2032-04-26	0.96
2032-04-27	0.95
2032-04-28	1.00
2032-04-29	1.00
2032-04-30	1.00
2032-05-01	1.00
2032-05-02	1.00
2032-05-03	1.00
2032-05-04	1.00
2032-05-05	0.96
2032-05-06	0.96
2032-05-07	0.95
2032-05-08	0.96
2032-05-09	1.00
2032-05-10	1.00
2032-05-11	1.00
2032-05-12	1.00
2032-05-13	1.00
2032-05-14	1.00
2032-05-15	1.00
2032-05-16	1.00
2032-05-17	1.00
2032-05-18	1.00
2032-05-19	1.00
2032-05-20	1.00
2032-05-21	0.96
2032-05-22	0.96
2032-05-23	0.95
2032-05-24	0.93
2032-05-25	0.93
2032-05-26	0.94
2032-05-27	1.00
2032-05-28	1.00
2032-05-29	1.00
2032-05-30	1.00
2032-05-31	1.00
2032-06-01	1.00
2032-06-02	1.00
2032-06-03	0.96
2032-06-04	0.96
2032-06-05	0.95
2032-06-06	0.96
2032-06-07	0.96
2032-06-08	0.95
2032-06-09	0.94
2032-06-10	0.94
2032-06-11	0.97
2032-06-12	1.00
2032-06-13	0.96
2032-06-14	0.95
2032-06-15	0.96
2032-06-16	0.96
2032-06-17	0.95
2032-06-18	0.94
2032-06-19	0.97
2032-06-20	0.96
2032-06-21	0.96
2032-06-22	0.96
2032-06-23	0.97
2032-06-24	1.00
2032-06-25	1.00
2032-06-26	0.96
2032-06-27	0.94
2032-06-28	0.93
2032-06-29	0.94
2032-06-30	0.92
2032-07-01	0.95
2032-07-02	1.00
2032-07-03	0.97
2032-07-04	0.95
2032-07-05	0.93
2032-07-06	0.95
2032-07-07	0.95
2032-07-08	0.92
2032-07-09	0.92
2032-07-10	0.94
2032-07-11	0.96
2032-07-12	1.00
2032-07-13	0.96
2032-07-14	0.95
2032-07-15	0.95
2032-07-16	0.95
2032-07-17	0.93
2032-07-18	0.93
2032-07-19	0.93
2032-07-20	0.93
2032-07-21	0.92
2032-07-22	0.92
2032-07-23	0.91
2032-07-24	0.92
2032-07-25	0.92
2032-07-26	0.92
2032-07-27	0.92
2032-07-28	0.91
2032-07-29	0.91
2032-07-30	0.91
2032-07-31	0.92
2032-08-01	0.92
2032-08-02	0.92
2032-08-03	0.95
2032-08-04	0.95
2032-08-05	0.95
2032-08-06	0.92
2032-08-07	0.91
2032-08-08	0.92
2032-08-09	0.92
2032-08-10	0.92
2032-08-11	0.92
2032-08-12	0.92
2032-08-13	0.92
2032-08-14	0.91
2032-08-15	0.91
2032-08-16	0.91
2032-08-17	0.91
2032-08-18	0.91
2032-08-19	0.91
2032-08-20	0.91
2032-08-21	0.92
2032-08-22	0.92
2032-08-23	0.92
2032-08-24	0.92
2032-08-25	0.91
2032-08-26	0.91
2032-08-27	0.91
2032-08-28	0.91
2032-08-29	0.92
2032-08-30	0.95
2032-08-31	0.97
2032-09-01	1.00
2032-09-02	0.95
2032-09-03	0.92
2032-09-04	0.92
2032-09-05	0.96
2032-09-06	1.00
2032-09-07	0.96
2032-09-08	0.91
2032-09-09	0.93
2032-09-10	1.00
2032-09-11	1.00
2032-09-12	0.96
2032-09-13	1.00
2032-09-14	0.97
2032-09-15	0.95
2032-09-16	1.00
2032-09-17	1.00
2032-09-18	0.96
2032-09-19	0.95
2032-09-20	0.94
2032-09-21	0.95
2032-09-22	0.97
2032-09-23	0.96
2032-09-24	0.95
2032-09-25	0.95
2032-09-26	0.95
2032-09-27	0.95
2032-09-28	0.95
2032-09-29	0.96
2032-09-30	0.96
2032-10-01	0.97
2032-10-02	1.00
2032-10-03	1.00
2032-10-04	1.00
2032-10-05	1.00
2032-10-06	1.00
2032-10-07	1.00
2032-10-08	1.00
2032-10-09	1.00
2032-10-10	1.00
2032-10-11	1.00
2032-10-12	1.00
2032-10-13	1.00
2032-10-14	1.00
2032-10-15	1.00
2032-10-16	1.00
2032-10-17	1.00
2032-10-18	1.00
2032-10-19	1.00
2032-10-20	1.00
2032-10-21	1.00
2032-10-22	1.00
2032-10-23	1.00
2032-10-24	1.00
2032-10-25	0.96
2032-10-26	1.00
2032-10-27	1.00
2032-10-28	0.96
2032-10-29	1.00
2032-10-30	1.00
2032-10-31	1.00
2032-11-01	1.00
2032-11-02	1.00
2032-11-03	1.00
2032-11-04	1.00
2032-11-05	1.00
2032-11-06	1.00
2032-11-07	1.00
2032-11-08	1.00
2032-11-09	1.00
2032-11-10	1.00
2032-11-11	1.00
2032-11-12	1.00
2032-11-13	1.00
2032-11-14	1.00
2032-11-15	1.00
2032-11-16	1.00
2032-11-17	1.00
2032-11-18	1.00
2032-11-19	1.00
2032-11-20	1.00
2032-11-21	1.00
2032-11-22	0.96
2032-11-23	1.00
2032-11-24	1.00
2032-11-25	1.00
2032-11-26	1.00
2032-11-27	1.00
2032-11-28	1.00
2032-11-29	1.00
2032-11-30	1.00
2032-12-01	1.00
2032-12-02	1.00
2032-12-03	1.00
2032-12-04	1.00
2032-12-05	1.00
2032-12-06	1.00
2032-12-07	1.00
2032-12-08	1.00
2032-12-09	1.00
2032-12-10	1.00
2032-12-11	1.00
2032-12-12	1.00
2032-12-13	1.00
2032-12-14	1.00
2032-12-15	1.00
2032-12-16	1.00
2032-12-17	1.00
2032-12-18	1.00
2032-12-19	1.00
2032-12-20	1.00
2032-12-21	1.00
2032-12-22	1.00
2032-12-23	1.00
2032-12-24	1.00
2032-12-25	1.00
2032-12-26	1.00
2032-12-27	1.00
2032-12-28	1.00
2032-12-29	1.00
2032-12-30	1.00
2032-12-31	1.00
2033-01-01	1.00
2033-01-02	1.00
2033-01-03	1.00
2033-01-04	1.00
2033-01-05	1.00
2033-01-06	1.00
2033-01-07	1.00
2033-01-08	1.00
2033-01-09	1.00
2033-01-10	1.00
2033-01-11	1.00
2033-01-12	1.00
2033-01-13	1.00
2033-01-14	1.00
2033-01-15	1.00
2033-01-16	1.00
2033-01-17	1.00
2033-01-18	1.00
2033-01-19	1.00
2033-01-20	1.00
2033-01-21	1.00
2033-01-22	1.00
2033-01-23	1.00
2033-01-24	1.00
2033-01-25	1.00
2033-01-26	1.00
2033-01-27	1.00
2033-01-28	1.00
2033-01-29	1.00
2033-01-30	1.00
2033-01-31	1.00
2033-02-01	1.00
2033-02-02	1.00
2033-02-03	1.00
2033-02-04	1.00
2033-02-05	1.00
2033-02-06	1.00
2033-02-07	1.00
2033-02-08	1.00
2033-02-09	1.00
2033-02-10	1.00
2033-02-11	1.00
2033-02-12	1.00
2033-02-13	1.00
2033-02-14	1.00
2033-02-15	1.00
2033-02-16	1.00
2033-02-17	1.00
2033-02-18	1.00
2033-02-19	1.00
2033-02-20	1.00
2033-02-21	1.00
2033-02-22	1.00
2033-02-23	1.00
2033-02-24	1.00
2033-02-25	1.00
2033-02-26	1.00
2033-02-27	1.00
2033-02-28	1.00
2033-03-01	1.00
2033-03-02	1.00
2033-03-03	1.00
2033-03-04	1.00
2033-03-05	1.00
2033-03-06	1.00
2033-03-07	1.00
2033-03-08	1.00
2033-03-09	1.00
2033-03-10	1.00
2033-03-11	1.00
2033-03-12	1.00
2033-03-13	1.00
2033-03-14	1.00
2033-03-15	1.00
2033-03-16	1.00
2033-03-17	1.00
2033-03-18	1.00
2033-03-19	1.00
2033-03-20	1.00
2033-03-21	1.00
2033-03-22	1.00
2033-03-23	1.00
2033-03-24	1.00
2033-03-25	1.00
2033-03-26	1.00
2033-03-27	1.00
2033-03-28	1.00
2033-03-29	1.00
2033-03-30	1.00
2033-03-31	1.00
2033-04-01	1.00
2033-04-02	1.00
2033-04-03	1.00
2033-04-04	1.00
2033-04-05	1.00
2033-04-06	1.00
2033-04-07	1.00
2033-04-08	1.00
2033-04-09	1.00
2033-04-10	1.00
2033-04-11	1.00
2033-04-12	1.00
2033-04-13	1.00
2033-04-14	1.00
2033-04-15	1.00
2033-04-16	1.00
2033-04-17	1.00
2033-04-18	1.00
2033-04-19	1.00
2033-04-20	1.00
2033-04-21	1.00
2033-04-22	1.00
2033-04-23	1.00
2033-04-24	1.00
2033-04-25	1.00
2033-04-26	1.00
2033-04-27	1.00
2033-04-28	1.00
2033-04-29	1.00
2033-04-30	1.00
2033-05-01	1.00
2033-05-02	1.00
2033-05-03	1.00
2033-05-04	1.00
2033-05-05	1.00
2033-05-06	1.00
2033-05-07	1.00
2033-05-08	0.96
2033-05-09	0.96
2033-05-10	0.96
2033-05-11	0.95
2033-05-12	0.95
2033-05-13	0.94
2033-05-14	0.95
2033-05-15	0.94
2033-05-16	0.95
2033-05-17	0.95
2033-05-18	0.96
2033-05-19	0.96
2033-05-20	0.95
2033-05-21	0.94
2033-05-22	0.93
2033-05-23	0.94
2033-05-24	0.96
2033-05-25	1.00
2033-05-26	1.00
2033-05-27	1.00
2033-05-28	1.00
2033-05-29	1.00
2033-05-30	1.00
2033-05-31	1.00
2033-06-01	1.00
2033-06-02	0.97
2033-06-03	0.96
2033-06-04	0.96
2033-06-05	0.95
2033-06-06	1.00
2033-06-07	1.00
2033-06-08	0.97
2033-06-09	0.96
2033-06-10	0.95
2033-06-11	0.96
2033-06-12	1.00
2033-06-13	0.97
2033-06-14	0.96
2033-06-15	0.96
2033-06-16	0.96
2033-06-17	0.96
2033-06-18	0.95
2033-06-19	0.93
2033-06-20	0.93
2033-06-21	0.94
2033-06-22	0.95
2033-06-23	0.93
2033-06-24	0.92
2033-06-25	0.92
2033-06-26	0.91
2033-06-27	0.91
2033-06-28	0.91
2033-06-29	0.91
2033-06-30	0.90
2033-07-01	0.89
2033-07-02	0.90
2033-07-03	0.88
2033-07-04	0.89
2033-07-05	0.89
2033-07-06	0.89
2033-07-07	0.89
2033-07-08	0.89
2033-07-09	0.90
2033-07-10	0.94
2033-07-11	0.96
2033-07-12	0.95
2033-07-13	0.93
2033-07-14	0.91
2033-07-15	0.92
2033-07-16	0.93
2033-07-17	0.92
2033-07-18	0.92
2033-07-19	0.95
2033-07-20	0.93
2033-07-21	0.93
2033-07-22	0.93
2033-07-23	0.92
2033-07-24	0.95
2033-07-25	0.96
2033-07-26	0.96
2033-07-27	0.95
2033-07-28	0.95
2033-07-29	0.95
2033-07-30	0.95
2033-07-31	0.95
2033-08-01	0.93
2033-08-02	0.92
2033-08-03	0.93
2033-08-04	0.97
2033-08-05	1.00
2033-08-06	0.96
2033-08-07	0.92
2033-08-08	0.93
2033-08-09	0.94
2033-08-10	0.94
2033-08-11	0.94
2033-08-12	0.94
2033-08-13	0.94
2033-08-14	0.93
2033-08-15	0.93
2033-08-16	0.93
2033-08-17	0.93
2033-08-18	0.91
2033-08-19	0.91
2033-08-20	0.92
2033-08-21	0.94
2033-08-22	0.95
2033-08-23	0.95
2033-08-24	0.93
2033-08-25	0.91
2033-08-26	0.92
2033-08-27	0.91
2033-08-28	0.92
2033-08-29	0.92
2033-08-30	0.93
2033-08-31	0.93
2033-09-01	0.96
2033-09-02	0.97
2033-09-03	0.97
2033-09-04	1.00
2033-09-05	1.00
2033-09-06	0.96
2033-09-07	0.95
2033-09-08	1.00
2033-09-09	1.00
2033-09-10	1.00
2033-09-11	1.00
2033-09-12	0.96
2033-09-13	0.96
2033-09-14	0.95
2033-09-15	0.92
2033-09-16	0.96
2033-09-17	1.00
2033-09-18	1.00
2033-09-19	1.00
2033-09-20	1.00
2033-09-21	1.00
2033-09-22	1.00
2033-09-23	1.00
2033-09-24	1.00
2033-09-25	1.00
2033-09-26	1.00
2033-09-27	1.00
2033-09-28	1.00
2033-09-29	1.00
2033-09-30	1.00
2033-10-01	1.00
2033-10-02	0.96
2033-10-03	0.96
2033-10-04	0.96
2033-10-05	0.95
2033-10-06	0.96
2033-10-07	0.96
2033-10-08	1.00
2033-10-09	1.00
2033-10-10	1.00
2033-10-11	1.00
2033-10-12	1.00
2033-10-13	1.00
2033-10-14	1.00
2033-10-15	1.00
2033-10-16	1.00
2033-10-17	1.00
2033-10-18	1.00
2033-10-19	1.00
2033-10-20	1.00
2033-10-21	1.00
2033-10-22	1.00
2033-10-23	1.00
2033-10-24	1.00
2033-10-25	1.00
2033-10-26	1.00
2033-10-27	1.00
2033-10-28	1.00
2033-10-29	1.00
2033-10-30	1.00
2033-10-31	0.97
2033-11-01	0.97
2033-11-02	0.96
2033-11-03	0.96
2033-11-04	0.96
2033-11-05	1.00
2033-11-06	1.00
2033-11-07	1.00
2033-11-08	1.00
2033-11-09	1.00
2033-11-10	1.00
2033-11-11	1.00
2033-11-12	1.00
2033-11-13	1.00
2033-11-14	1.00
2033-11-15	1.00
2033-11-16	1.00
2033-11-17	1.00
2033-11-18	1.00
2033-11-19	1.00
2033-11-20	1.00
2033-11-21	1.00
2033-11-22	1.00
2033-11-23	1.00
2033-11-24	1.00
2033-11-25	1.00
2033-11-26	1.00
2033-11-27	1.00
2033-11-28	1.00
2033-11-29	1.00
2033-11-30	1.00
2033-12-01	1.00
2033-12-02	1.00
2033-12-03	1.00
2033-12-04	1.00
2033-12-05	1.00
2033-12-06	1.00
2033-12-07	1.00
2033-12-08	1.00
2033-12-09	1.00
2033-12-10	1.00
2033-12-11	1.00
2033-12-12	1.00
2033-12-13	1.00
2033-12-14	1.00
2033-12-15	1.00
2033-12-16	1.00
2033-12-17	1.00
2033-12-18	1.00
2033-12-19	1.00
2033-12-20	1.00
2033-12-21	1.00
2033-12-22	1.00
2033-12-23	1.00
2033-12-24	1.00
2033-12-25	1.00
2033-12-26	1.00
2033-12-27	1.00
2033-12-28	1.00
2033-12-29	1.00
2033-12-30	1.00
2033-12-31	1.00
2034-01-01	1.00
2034-01-02	1.00
2034-01-03	1.00
2034-01-04	1.00
2034-01-05	1.00
2034-01-06	1.00
2034-01-07	1.00
2034-01-08	1.00
2034-01-09	1.00
2034-01-10	1.00
2034-01-11	1.00
2034-01-12	1.00
2034-01-13	1.00
2034-01-14	1.00
2034-01-15	1.00
2034-01-16	1.00
2034-01-17	1.00
2034-01-18	1.00
2034-01-19	1.00
2034-01-20	1.00
2034-01-21	1.00
2034-01-22	1.00
2034-01-23	1.00
2034-01-24	1.00
2034-01-25	1.00
2034-01-26	1.00
2034-01-27	1.00
2034-01-28	1.00
2034-01-29	1.00
2034-01-30	1.00
2034-01-31	1.00
2034-02-01	1.00
2034-02-02	1.00
2034-02-03	1.00
2034-02-04	1.00
2034-02-05	1.00
2034-02-06	1.00
2034-02-07	1.00
2034-02-08	1.00
2034-02-09	1.00
2034-02-10	1.00
2034-02-11	1.00
2034-02-12	1.00
2034-02-13	1.00
2034-02-14	1.00
2034-02-15	1.00
2034-02-16	1.00
2034-02-17	1.00
2034-02-18	1.00
2034-02-19	1.00
2034-02-20	1.00
2034-02-21	1.00
2034-02-22	1.00
2034-02-23	1.00
2034-02-24	1.00
2034-02-25	1.00
2034-02-26	1.00
2034-02-27	1.00
2034-02-28	1.00
2034-03-01	1.00
2034-03-02	1.00
2034-03-03	1.00
2034-03-04	1.00
2034-03-05	1.00
2034-03-06	1.00
2034-03-07	1.00
2034-03-08	1.00
2034-03-09	1.00
2034-03-10	1.00
2034-03-11	1.00
2034-03-12	1.00
2034-03-13	1.00
2034-03-14	1.00
2034-03-15	1.00
2034-03-16	1.00
2034-03-17	1.00
2034-03-18	1.00
2034-03-19	1.00
2034-03-20	1.00
2034-03-21	1.00
2034-03-22	1.00
2034-03-23	1.00
2034-03-24	1.00
2034-03-25	1.00
2034-03-26	1.00
2034-03-27	1.00
2034-03-28	1.00
2034-03-29	1.00
2034-03-30	1.00
2034-03-31	1.00
2034-04-01	1.00
2034-04-02	1.00
2034-04-03	1.00
2034-04-04	0.96
2034-04-05	0.97
2034-04-06	1.00
2034-04-07	1.00
2034-04-08	1.00
2034-04-09	1.00
2034-04-10	1.00
2034-04-11	1.00
2034-04-12	1.00
2034-04-13	1.00
2034-04-14	1.00
2034-04-15	1.00
2034-04-16	1.00
2034-04-17	1.00
2034-04-18	1.00
2034-04-19	1.00
2034-04-20	1.00
2034-04-21	1.00
2034-04-22	1.00
2034-04-23	1.00
2034-04-24	1.00
2034-04-25	1.00
2034-04-26	1.00
2034-04-27	1.00
2034-04-28	1.00
2034-04-29	1.00
2034-04-30	1.00
2034-05-01	0.96
2034-05-02	1.00
2034-05-03	1.00
2034-05-04	1.00
2034-05-05	1.00
2034-05-06	1.00
2034-05-07	1.00
2034-05-08	1.00
2034-05-09	1.00
2034-05-10	1.00
2034-05-11	1.00
2034-05-12	1.00
2034-05-13	1.00
2034-05-14	1.00
2034-05-15	1.00
2034-05-16	0.97
2034-05-17	1.00
2034-05-18	1.00
2034-05-19	1.00
2034-05-20	1.00
2034-05-21	1.00
2034-05-22	1.00
2034-05-23	1.00
2034-05-24	0.96
2034-05-25	0.97
2034-05-26	1.00
2034-05-27	1.00
2034-05-28	1.00
2034-05-29	1.00
2034-05-30	1.00
2034-05-31	0.96
2034-06-01	0.96
2034-06-02	0.95
2034-06-03	0.94
2034-06-04	0.93
2034-06-05	0.95
2034-06-06	0.95
2034-06-07	0.93
2034-06-08	0.92
2034-06-09	0.91
2034-06-10	0.90
2034-06-11	0.92
2034-06-12	0.92
2034-06-13	0.91
2034-06-14	0.92
2034-06-15	0.92
2034-06-16	0.92
2034-06-17	0.91
2034-06-18	0.91
2034-06-19	0.92
2034-06-20	0.93
2034-06-21	0.95
2034-06-22	0.96
2034-06-23	0.95
2034-06-24	0.94
2034-06-25	0.93
2034-06-26	0.92
2034-06-27	0.92
2034-06-28	0.91
2034-06-29	0.90
2034-06-30	0.93
2034-07-01	0.94
2034-07-02	0.93
2034-07-03	0.93
2034-07-04	0.91
2034-07-05	0.92
2034-07-06	0.93
2034-07-07	0.92
2034-07-08	0.92
2034-07-09	0.92
2034-07-10	0.92
2034-07-11	0.93
2034-07-12	0.95
2034-07-13	0.93
2034-07-14	0.93
2034-07-15	0.95
2034-07-16	0.93
2034-07-17	0.93
2034-07-18	0.92
2034-07-19	0.91
2034-07-20	0.94
2034-07-21	0.93
2034-07-22	0.92
2034-07-23	0.92
2034-07-24	0.94
2034-07-25	0.96
2034-07-26	0.95
2034-07-27	0.95
2034-07-28	0.95
2034-07-29	0.95
2034-07-30	0.95
2034-07-31	0.95
2034-08-01	0.93
2034-08-02	0.92
2034-08-03	0.91
2034-08-04	0.90
2034-08-05	0.91
2034-08-06	0.91
2034-08-07	0.90
2034-08-08	0.90
2034-08-09	0.90
2034-08-10	0.92
2034-08-11	0.93
2034-08-12	0.94
2034-08-13	0.94
2034-08-14	0.92
2034-08-15	0.92
2034-08-16	0.92
2034-08-17	0.92
2034-08-18	0.92
2034-08-19	0.91
2034-08-20	0.91
2034-08-21	0.91
2034-08-22	0.91
2034-08-23	0.92
2034-08-24	0.91
2034-08-25	0.91
2034-08-26	0.92
2034-08-27	0.91
2034-08-28	0.90
2034-08-29	0.92
2034-08-30	0.91
2034-08-31	0.91
2034-09-01	0.92
2034-09-02	0.92
2034-09-03	0.92
2034-09-04	0.92
2034-09-05	0.93
2034-09-06	1.00
2034-09-07	1.00
2034-09-08	1.00
2034-09-09	0.96
2034-09-10	0.96
2034-09-11	1.00
2034-09-12	0.96
2034-09-13	0.95
2034-09-14	0.97
2034-09-15	1.00
2034-09-16	1.00
2034-09-17	1.00
2034-09-18	1.00
2034-09-19	1.00
2034-09-20	1.00
2034-09-21	1.00
2034-09-22	0.97
2034-09-23	0.96
2034-09-24	0.96
2034-09-25	0.96
2034-09-26	0.96
2034-09-27	0.96
2034-09-28	0.95
2034-09-29	0.95
2034-09-30	0.95
2034-10-01	0.95
2034-10-02	0.97
2034-10-03	1.00
2034-10-04	1.00
2034-10-05	1.00
2034-10-06	1.00
2034-10-07	1.00
2034-10-08	1.00
2034-10-09	1.00
2034-10-10	1.00
2034-10-11	0.97
2034-10-12	0.96
2034-10-13	0.96
2034-10-14	0.96
2034-10-15	0.95
2034-10-16	0.96
2034-10-17	1.00
2034-10-18	1.00
2034-10-19	1.00
2034-10-20	1.00
2034-10-21	1.00
2034-10-22	1.00
2034-10-23	1.00
2034-10-24	1.00
2034-10-25	1.00
2034-10-26	1.00
2034-10-27	1.00
2034-10-28	1.00
2034-10-29	1.00
2034-10-30	1.00
2034-10-31	1.00
2034-11-01	1.00
2034-11-02	1.00
2034-11-03	1.00
2034-11-04	1.00
2034-11-05	1.00
2034-11-06	1.00
2034-11-07	1.00
2034-11-08	1.00
2034-11-09	1.00
2034-11-10	1.00
2034-11-11	1.00
2034-11-12	1.00
2034-11-13	1.00
2034-11-14	1.00
2034-11-15	1.00
2034-11-16	1.00
2034-11-17	1.00
2034-11-18	1.00
2034-11-19	1.00
2034-11-20	1.00
2034-11-21	1.00
2034-11-22	1.00
2034-11-23	1.00
2034-11-24	1.00
2034-11-25	1.00
2034-11-26	1.00
2034-11-27	1.00
2034-11-28	1.00
2034-11-29	1.00
2034-11-30	1.00
2034-12-01	1.00
2034-12-02	1.00
2034-12-03	1.00
2034-12-04	1.00
2034-12-05	1.00
2034-12-06	1.00
2034-12-07	1.00
2034-12-08	1.00
2034-12-09	1.00
2034-12-10	1.00
2034-12-11	1.00
2034-12-12	1.00
2034-12-13	1.00
2034-12-14	1.00
2034-12-15	1.00
2034-12-16	1.00
2034-12-17	1.00
2034-12-18	1.00
2034-12-19	1.00
2034-12-20	1.00
2034-12-21	1.00
2034-12-22	1.00
2034-12-23	1.00
2034-12-24	1.00
2034-12-25	1.00
2034-12-26	1.00
2034-12-27	1.00
2034-12-28	1.00
2034-12-29	1.00
2034-12-30	1.00
2034-12-31	1.00
2035-01-01	1.00
2035-01-02	1.00
2035-01-03	1.00
2035-01-04	1.00
2035-01-05	1.00
2035-01-06	1.00
2035-01-07	1.00
2035-01-08	1.00
2035-01-09	1.00
2035-01-10	1.00
2035-01-11	1.00
2035-01-12	1.00
2035-01-13	1.00
2035-01-14	1.00
2035-01-15	1.00
2035-01-16	1.00
2035-01-17	1.00
2035-01-18	1.00
2035-01-19	1.00
2035-01-20	1.00
2035-01-21	1.00
2035-01-22	1.00
2035-01-23	1.00
2035-01-24	1.00
2035-01-25	1.00
2035-01-26	1.00
2035-01-27	1.00
2035-01-28	1.00
2035-01-29	1.00
2035-01-30	1.00
2035-01-31	1.00
2035-02-01	1.00
2035-02-02	1.00
2035-02-03	1.00
2035-02-04	1.00
2035-02-05	1.00
2035-02-06	1.00
2035-02-07	1.00
2035-02-08	1.00
2035-02-09	1.00
2035-02-10	1.00
2035-02-11	1.00
2035-02-12	1.00
2035-02-13	1.00
2035-02-14	1.00
2035-02-15	1.00
2035-02-16	1.00
2035-02-17	1.00
2035-02-18	1.00
2035-02-19	1.00
2035-02-20	1.00
2035-02-21	1.00
2035-02-22	1.00
2035-02-23	1.00
2035-02-24	1.00
2035-02-25	1.00
2035-02-26	1.00
2035-02-27	1.00
2035-02-28	1.00
2035-03-01	1.00
2035-03-02	1.00
2035-03-03	1.00
2035-03-04	1.00
2035-03-05	1.00
2035-03-06	1.00
2035-03-07	1.00
2035-03-08	1.00
2035-03-09	1.00
2035-03-10	1.00
2035-03-11	1.00
2035-03-12	1.00
2035-03-13	1.00
2035-03-14	1.00
2035-03-15	1.00
2035-03-16	1.00
2035-03-17	1.00
2035-03-18	1.00
2035-03-19	1.00
2035-03-20	1.00
2035-03-21	1.00
2035-03-22	1.00
2035-03-23	1.00
2035-03-24	1.00
2035-03-25	1.00
2035-03-26	1.00
2035-03-27	1.00
2035-03-28	1.00
2035-03-29	1.00
2035-03-30	1.00
2035-03-31	1.00
2035-04-01	1.00
2035-04-02	1.00
2035-04-03	1.00
2035-04-04	1.00
2035-04-05	1.00
2035-04-06	1.00
2035-04-07	1.00
2035-04-08	1.00
2035-04-09	1.00
2035-04-10	1.00
2035-04-11	1.00
2035-04-12	0.96
2035-04-13	1.00
2035-04-14	1.00
2035-04-15	1.00
2035-04-16	1.00
2035-04-17	1.00
2035-04-18	1.00
2035-04-19	1.00
2035-04-20	1.00
2035-04-21	1.00
2035-04-22	1.00
2035-04-23	1.00
2035-04-24	1.00
2035-04-25	1.00
2035-04-26	1.00
2035-04-27	1.00
2035-04-28	1.00
2035-04-29	1.00
2035-04-30	1.00
2035-05-01	1.00
2035-05-02	1.00
2035-05-03	1.00
2035-05-04	1.00
2035-05-05	1.00
2035-05-06	1.00
2035-05-07	1.00
2035-05-08	1.00
2035-05-09	1.00
2035-05-10	1.00
2035-05-11	1.00
2035-05-12	1.00
2035-05-13	1.00
2035-05-14	1.00
2035-05-15	1.00
2035-05-16	1.00
2035-05-17	1.00
2035-05-18	1.00
2035-05-19	1.00
2035-05-20	1.00
2035-05-21	1.00
2035-05-22	1.00
2035-05-23	1.00
2035-05-24	1.00
2035-05-25	1.00
2035-05-26	1.00
2035-05-27	1.00
2035-05-28	1.00
2035-05-29	1.00
2035-05-30	0.97
2035-05-31	0.96
2035-06-01	0.95
2035-06-02	0.95
2035-06-03	0.95
2035-06-04	0.96
2035-06-05	1.00
2035-06-06	0.96
2035-06-07	0.93
2035-06-08	0.93
2035-06-09	0.93
2035-06-10	0.95
2035-06-11	1.00
2035-06-12	1.00
2035-06-13	0.96
2035-06-14	0.95
2035-06-15	0.92
2035-06-16	0.92
2035-06-17	0.95
2035-06-18	0.95
2035-06-19	0.94
2035-06-20	0.94
2035-06-21	0.93
2035-06-22	0.95
2035-06-23	0.95
2035-06-24	0.95
2035-06-25	0.95
2035-06-26	1.00
2035-06-27	0.96
2035-06-28	0.96
2035-06-29	0.94
2035-06-30	0.93
2035-07-01	0.93
2035-07-02	0.92
2035-07-03	0.95
2035-07-04	0.95
2035-07-05	0.95
2035-07-06	0.95
2035-07-07	0.93
2035-07-08	0.95
2035-07-09	0.93
2035-07-10	0.92
2035-07-11	0.92
2035-07-12	0.95
2035-07-13	0.96
2035-07-14	0.96
2035-07-15	0.96
2035-07-16	0.95
2035-07-17	0.94
2035-07-18	0.94
2035-07-19	0.95
2035-07-20	0.94
2035-07-21	0.93
2035-07-22	0.92
2035-07-23	0.93
2035-07-24	0.95
2035-07-25	0.94
2035-07-26	0.91
2035-07-27	0.92
2035-07-28	0.96
2035-07-29	1.00
2035-07-30	1.00
2035-07-31	0.97
2035-08-01	0.95
2035-08-02	0.92
2035-08-03	0.92
2035-08-04	0.91
2035-08-05	0.91
2035-08-06	0.91
2035-08-07	0.91
2035-08-08	0.91
2035-08-09	0.91
2035-08-10	0.91
2035-08-11	0.91
2035-08-12	0.91
2035-08-13	0.91
2035-08-14	0.91
2035-08-15	0.91
2035-08-16	0.91
2035-08-17	0.91
2035-08-18	0.92
2035-08-19	0.91
2035-08-20	0.91
2035-08-21	0.92
2035-08-22	0.90
2035-08-23	0.91
2035-08-24	0.90
2035-08-25	0.91
2035-08-26	0.91
2035-08-27	0.90
2035-08-28	0.92
2035-08-29	0.92
2035-08-30	0.92
2035-08-31	0.91
2035-09-01	0.93
2035-09-02	0.94
2035-09-03	0.97
2035-09-04	0.96
2035-09-05	0.95
2035-09-06	0.95
2035-09-07	0.95
2035-09-08	0.95
2035-09-09	0.95
2035-09-10	0.93
2035-09-11	0.94
2035-09-12	0.93
2035-09-13	0.96
2035-09-14	1.00
2035-09-15	0.94
2035-09-16	0.94
2035-09-17	0.97
2035-09-18	0.95
2035-09-19	1.00
2035-09-20	1.00
2035-09-21	1.00
2035-09-22	0.95
2035-09-23	0.95
2035-09-24	1.00
2035-09-25	1.00
2035-09-26	0.94
2035-09-27	0.93
2035-09-28	1.00
2035-09-29	1.00
2035-09-30	0.94
2035-10-01	0.93
2035-10-02	1.00
2035-10-03	1.00
2035-10-04	1.00
2035-10-05	0.95
2035-10-06	0.95
2035-10-07	0.95
2035-10-08	0.94
2035-10-09	0.96
2035-10-10	0.94
2035-10-11	0.92
2035-10-12	0.93
2035-10-13	1.00
2035-10-14	1.00
2035-10-15	1.00
2035-10-16	1.00
2035-10-17	1.00
2035-10-18	1.00
2035-10-19	1.00
2035-10-20	1.00
2035-10-21	1.00
2035-10-22	1.00
2035-10-23	1.00
2035-10-24	1.00
2035-10-25	0.95
2035-10-26	0.95
2035-10-27	1.00
2035-10-28	1.00
2035-10-29	1.00
2035-10-30	1.00
2035-10-31	1.00
2035-11-01	1.00
2035-11-02	1.00
2035-11-03	1.00
2035-11-04	1.00
2035-11-05	1.00
2035-11-06	1.00
2035-11-07	1.00
2035-11-08	1.00
2035-11-09	1.00
2035-11-10	1.00
2035-11-11	1.00
2035-11-12	0.94
2035-11-13	1.00
2035-11-14	1.00
2035-11-15	1.00
2035-11-16	1.00
2035-11-17	1.00
2035-11-18	1.00
2035-11-19	1.00
2035-11-20	1.00
2035-11-21	1.00
2035-11-22	1.00
2035-11-23	1.00
2035-11-24	1.00
2035-11-25	1.00
2035-11-26	1.00
2035-11-27	1.00
2035-11-28	1.00
2035-11-29	1.00
2035-11-30	1.00
2035-12-01	1.00
2035-12-02	1.00
2035-12-03	1.00
2035-12-04	1.00
2035-12-05	1.00
2035-12-06	1.00
2035-12-07	1.00
2035-12-08	1.00
2035-12-09	1.00
2035-12-10	1.00
2035-12-11	1.00
2035-12-12	1.00
2035-12-13	1.00
2035-12-14	1.00
2035-12-15	1.00
2035-12-16	1.00
2035-12-17	1.00
2035-12-18	1.00
2035-12-19	1.00
2035-12-20	1.00
2035-12-21	1.00
2035-12-22	1.00
2035-12-23	1.00
2035-12-24	1.00
2035-12-25	1.00
2035-12-26	1.00
2035-12-27	1.00
2035-12-28	1.00
2035-12-29	1.00
2035-12-30	1.00
2035-12-31	1.00
2036-01-01	1.00
2036-01-02	1.00
2036-01-03	1.00
2036-01-04	1.00
2036-01-05	1.00
2036-01-06	1.00
2036-01-07	1.00
2036-01-08	1.00
2036-01-09	1.00
2036-01-10	1.00
2036-01-11	1.00
2036-01-12	1.00
2036-01-13	1.00
2036-01-14	1.00
2036-01-15	1.00
2036-01-16	1.00
2036-01-17	1.00
2036-01-18	1.00
2036-01-19	1.00
2036-01-20	1.00
2036-01-21	1.00
2036-01-22	1.00
2036-01-23	1.00
2036-01-24	1.00
2036-01-25	1.00
2036-01-26	1.00
2036-01-27	1.00
2036-01-28	1.00
2036-01-29	1.00
2036-01-30	1.00
2036-01-31	1.00
2036-02-01	1.00
2036-02-02	1.00
2036-02-03	1.00
2036-02-04	1.00
2036-02-05	1.00
2036-02-06	1.00
2036-02-07	1.00
2036-02-08	1.00
2036-02-09	1.00
2036-02-10	1.00
2036-02-11	1.00
2036-02-12	1.00
2036-02-13	1.00
2036-02-14	1.00
2036-02-15	1.00
2036-02-16	1.00
2036-02-17	1.00
2036-02-18	1.00
2036-02-19	1.00
2036-02-20	1.00
2036-02-21	1.00
2036-02-22	1.00
2036-02-23	1.00
2036-02-24	1.00
2036-02-25	1.00
2036-02-26	1.00
2036-02-27	1.00
2036-02-28	0.96
2036-02-29	1.00
2036-03-01	1.00
2036-03-02	1.00
2036-03-03	1.00
2036-03-04	1.00
2036-03-05	1.00
2036-03-06	1.00
2036-03-07	1.00
2036-03-08	1.00
2036-03-09	1.00
2036-03-10	1.00
2036-03-11	1.00
2036-03-12	0.96
2036-03-13	0.97
2036-03-14	1.00
2036-03-15	1.00
2036-03-16	1.00
2036-03-17	1.00
2036-03-18	1.00
2036-03-19	1.00
2036-03-20	1.00
2036-03-21	1.00
2036-03-22	1.00
2036-03-23	1.00
2036-03-24	1.00
2036-03-25	1.00
2036-03-26	1.00
2036-03-27	1.00
2036-03-28	1.00
2036-03-29	1.00
2036-03-30	1.00
2036-03-31	1.00
2036-04-01	1.00
2036-04-02	1.00
2036-04-03	1.00
2036-04-04	1.00
2036-04-05	1.00
2036-04-06	1.00
2036-04-07	1.00
2036-04-08	1.00
2036-04-09	1.00
2036-04-10	1.00
2036-04-11	1.00
2036-04-12	1.00
2036-04-13	1.00
2036-04-14	1.00
2036-04-15	1.00
2036-04-16	1.00
2036-04-17	1.00
2036-04-18	1.00
2036-04-19	1.00
2036-04-20	1.00
2036-04-21	1.00
2036-04-22	1.00
2036-04-23	1.00
2036-04-24	1.00
2036-04-25	1.00
2036-04-26	1.00
2036-04-27	1.00
2036-04-28	1.00
2036-04-29	1.00
2036-04-30	1.00
2036-05-01	1.00
2036-05-02	1.00
2036-05-03	1.00
2036-05-04	1.00
2036-05-05	1.00
2036-05-06	0.96
2036-05-07	0.96
2036-05-08	1.00
2036-05-09	1.00
2036-05-10	1.00
2036-05-11	1.00
2036-05-12	0.96
2036-05-13	0.96
2036-05-14	0.95
2036-05-15	0.96
2036-05-16	0.97
2036-05-17	0.95
2036-05-18	0.94
2036-05-19	0.93
2036-05-20	0.93
2036-05-21	0.94
2036-05-22	0.96
2036-05-23	1.00
2036-05-24	1.00
2036-05-25	1.00
2036-05-26	1.00
2036-05-27	1.00
2036-05-28	1.00
2036-05-29	1.00
2036-05-30	1.00
2036-05-31	0.96
2036-06-01	1.00
2036-06-02	0.95
2036-06-03	1.00
2036-06-04	1.00
2036-06-05	1.00
2036-06-06	0.95
2036-06-07	0.93
2036-06-08	0.94
2036-06-09	0.93
2036-06-10	0.93
2036-06-11	0.93
2036-06-12	0.96
2036-06-13	0.95
2036-06-14	0.92
2036-06-15	0.96
2036-06-16	0.96
2036-06-17	0.94
2036-06-18	0.93
2036-06-19	0.95
2036-06-20	0.93
2036-06-21	0.92
2036-06-22	0.91
2036-06-23	0.91
2036-06-24	0.92
2036-06-25	0.91
2036-06-26	0.92
2036-06-27	0.93
2036-06-28	0.92
2036-06-29	0.91
2036-06-30	0.91
2036-07-01	0.90
2036-07-02	0.89
2036-07-03	0.93
2036-07-04	0.93
2036-07-05	0.92
2036-07-06	0.95
2036-07-07	0.96
2036-07-08	0.95
2036-07-09	0.95
2036-07-10	0.93
2036-07-11	0.91
2036-07-12	0.93
2036-07-13	0.96
2036-07-14	0.96
2036-07-15	0.96
2036-07-16	0.95
2036-07-17	0.94
2036-07-18	0.93
2036-07-19	0.92
2036-07-20	0.92
2036-07-21	0.92
2036-07-22	0.92
2036-07-23	0.92
2036-07-24	0.93
2036-07-25	0.92
2036-07-26	0.91
2036-07-27	0.90
2036-07-28	0.90
2036-07-29	0.91
2036-07-30	0.90
2036-07-31	0.90
2036-08-01	0.91
2036-08-02	0.90
2036-08-03	0.92
2036-08-04	0.92
2036-08-05	0.92
2036-08-06	0.93
2036-08-07	0.92
2036-08-08	0.93
2036-08-09	0.95
2036-08-10	0.95
2036-08-11	0.95
2036-08-12	0.93
2036-08-13	1.00
2036-08-14	1.00
2036-08-15	1.00
2036-08-16	0.96
2036-08-17	0.94
2036-08-18	0.93
2036-08-19	0.94
2036-08-20	0.94
2036-08-21	0.93
2036-08-22	0.93
2036-08-23	0.93
2036-08-24	0.93
2036-08-25	0.93
2036-08-26	0.92
2036-08-27	0.91
2036-08-28	0.92
2036-08-29	0.95
2036-08-30	0.95
2036-08-31	0.95
2036-09-01	0.96
2036-09-02	0.96
2036-09-03	0.95
2036-09-04	0.94
2036-09-05	0.92
2036-09-06	0.92
2036-09-07	0.92
2036-09-08	0.92
2036-09-09	0.92
2036-09-10	0.96
2036-09-11	1.00
2036-09-12	1.00
2036-09-13	0.96
2036-09-14	0.95
2036-09-15	0.93
2036-09-16	0.93
2036-09-17	0.92
2036-09-18	0.92
2036-09-19	0.92
2036-09-20	0.93
2036-09-21	0.96
2036-09-22	0.97
2036-09-23	0.95
2036-09-24	0.94
2036-09-25	0.94
2036-09-26	1.00
2036-09-27	1.00
2036-09-28	0.94
2036-09-29	1.00
2036-09-30	1.00
2036-10-01	1.00
2036-10-02	1.00
2036-10-03	1.00
2036-10-04	1.00
2036-10-05	1.00
2036-10-06	1.00
2036-10-07	1.00
2036-10-08	0.96
2036-10-09	0.95
2036-10-10	0.96
2036-10-11	1.00
2036-10-12	1.00
2036-10-13	1.00
2036-10-14	1.00
2036-10-15	1.00
2036-10-16	0.96
2036-10-17	1.00
2036-10-18	0.96
2036-10-19	1.00
2036-10-20	1.00
2036-10-21	1.00
2036-10-22	1.00
2036-10-23	1.00
2036-10-24	1.00
2036-10-25	1.00
2036-10-26	1.00
2036-10-27	1.00
2036-10-28	1.00
2036-10-29	0.96
2036-10-30	1.00
2036-10-31	1.00
2036-11-01	1.00
2036-11-02	0.97
2036-11-03	0.96
2036-11-04	1.00
2036-11-05	1.00
2036-11-06	1.00
2036-11-07	1.00
2036-11-08	1.00
2036-11-09	1.00
2036-11-10	1.00
2036-11-11	1.00
2036-11-12	1.00
2036-11-13	1.00
2036-11-14	1.00
2036-11-15	1.00
2036-11-16	1.00
2036-11-17	1.00
2036-11-18	1.00
2036-11-19	1.00
2036-11-20	1.00
2036-11-21	1.00
2036-11-22	1.00
2036-11-23	1.00
2036-11-24	1.00
2036-11-25	1.00
2036-11-26	1.00
2036-11-27	0.96
2036-11-28	1.00
2036-11-29	1.00
2036-11-30	1.00
2036-12-01	1.00
2036-12-02	1.00
2036-12-03	1.00
2036-12-04	1.00
2036-12-05	1.00
2036-12-06	1.00
2036-12-07	1.00
2036-12-08	1.00
2036-12-09	1.00
2036-12-10	1.00
2036-12-11	1.00
2036-12-12	1.00
2036-12-13	1.00
2036-12-14	1.00
2036-12-15	1.00
2036-12-16	1.00
2036-12-17	1.00
2036-12-18	1.00
2036-12-19	1.00
2036-12-20	1.00
2036-12-21	1.00
2036-12-22	1.00
2036-12-23	1.00
2036-12-24	1.00
2036-12-25	1.00
2036-12-26	1.00
2036-12-27	1.00
2036-12-28	1.00
2036-12-29	1.00
2036-12-30	1.00
2036-12-31	1.00
2037-01-01	1.00
2037-01-02	1.00
2037-01-03	1.00
2037-01-04	1.00
2037-01-05	1.00
2037-01-06	1.00
2037-01-07	1.00
2037-01-08	1.00
2037-01-09	1.00
2037-01-10	1.00
2037-01-11	1.00
2037-01-12	1.00
2037-01-13	1.00
2037-01-14	1.00
2037-01-15	1.00
2037-01-16	1.00
2037-01-17	1.00
2037-01-18	1.00
2037-01-19	1.00
2037-01-20	1.00
2037-01-21	1.00
2037-01-22	1.00
2037-01-23	1.00
2037-01-24	1.00
2037-01-25	1.00
2037-01-26	1.00
2037-01-27	1.00
2037-01-28	1.00
2037-01-29	1.00
2037-01-30	1.00
2037-01-31	1.00
2037-02-01	1.00
2037-02-02	1.00
2037-02-03	1.00
2037-02-04	1.00
2037-02-05	1.00
2037-02-06	1.00
2037-02-07	1.00
2037-02-08	1.00
2037-02-09	1.00
2037-02-10	1.00
2037-02-11	1.00
2037-02-12	1.00
2037-02-13	1.00
2037-02-14	1.00
2037-02-15	1.00
2037-02-16	1.00
2037-02-17	1.00
2037-02-18	1.00
2037-02-19	1.00
2037-02-20	1.00
2037-02-21	1.00
2037-02-22	1.00
2037-02-23	1.00
2037-02-24	1.00
2037-02-25	1.00
2037-02-26	1.00
2037-02-27	1.00
2037-02-28	1.00
2037-03-01	1.00
2037-03-02	1.00
2037-03-03	1.00
2037-03-04	1.00
2037-03-05	1.00
2037-03-06	1.00
2037-03-07	1.00
2037-03-08	1.00
2037-03-09	1.00
2037-03-10	1.00
2037-03-11	1.00
2037-03-12	1.00
2037-03-13	1.00
2037-03-14	1.00
2037-03-15	1.00
2037-03-16	1.00
2037-03-17	1.00
2037-03-18	1.00
2037-03-19	1.00
2037-03-20	1.00
2037-03-21	1.00
2037-03-22	1.00
2037-03-23	1.00
2037-03-24	1.00
2037-03-25	1.00
2037-03-26	1.00
2037-03-27	1.00
2037-03-28	0.97
2037-03-29	0.96
2037-03-30	1.00
2037-03-31	1.00
2037-04-01	1.00
2037-04-02	1.00
2037-04-03	1.00
2037-04-04	0.96
2037-04-05	0.95
2037-04-06	0.95
2037-04-07	0.96
2037-04-08	1.00
2037-04-09	1.00
2037-04-10	0.96
2037-04-11	0.96
2037-04-12	1.00
2037-04-13	1.00
2037-04-14	1.00
2037-04-15	1.00
2037-04-16	1.00
2037-04-17	1.00
2037-04-18	1.00
2037-04-19	1.00
2037-04-20	1.00
2037-04-21	1.00
2037-04-22	1.00
2037-04-23	1.00
2037-04-24	1.00
2037-04-25	1.00
2037-04-26	1.00
2037-04-27	1.00
2037-04-28	1.00
2037-04-29	1.00
2037-04-30	1.00
2037-05-01	1.00
2037-05-02	1.00
2037-05-03	1.00
2037-05-04	0.96
2037-05-05	0.94
2037-05-06	0.95
2037-05-07	1.00
2037-05-08	1.00
2037-05-09	1.00
2037-05-10	1.00
2037-05-11	0.97
2037-05-12	1.00
2037-05-13	1.00
2037-05-14	1.00
2037-05-15	1.00
2037-05-16	1.00
2037-05-17	1.00
2037-05-18	1.00
2037-05-19	1.00
2037-05-20	1.00
2037-05-21	1.00
2037-05-22	1.00
2037-05-23	1.00
2037-05-24	0.97
2037-05-25	0.96
2037-05-26	0.95
2037-05-27	0.94
2037-05-28	0.95
2037-05-29	0.95
2037-05-30	0.95
2037-05-31	0.95
2037-06-01	0.94
2037-06-02	0.93
2037-06-03	0.91
2037-06-04	0.92
2037-06-05	0.97
2037-06-06	0.97
2037-06-07	0.96
2037-06-08	0.93
2037-06-09	0.97
2037-06-10	1.00
2037-06-11	0.96
2037-06-12	0.95
2037-06-13	0.91
2037-06-14	0.90
2037-06-15	0.91
2037-06-16	0.95
2037-06-17	0.96
2037-06-18	0.95
2037-06-19	0.93
2037-06-20	0.92
2037-06-21	0.92
2037-06-22	0.91
2037-06-23	0.94
2037-06-24	0.96
2037-06-25	0.96
2037-06-26	0.94
2037-06-27	0.95
2037-06-28	0.94
2037-06-29	0.96
2037-06-30	0.97
2037-07-01	0.96
2037-07-02	0.96
2037-07-03	0.96
2037-07-04	0.96
2037-07-05	0.95
2037-07-06	0.95
2037-07-07	0.95
2037-07-08	0.95
2037-07-09	0.93
2037-07-10	0.92
2037-07-11	0.91
2037-07-12	0.92
2037-07-13	0.92
2037-07-14	0.93
2037-07-15	0.96
2037-07-16	0.96
2037-07-17	0.94
2037-07-18	0.92
2037-07-19	0.93
2037-07-20	0.91
2037-07-21	0.90
2037-07-22	0.92
2037-07-23	0.93
2037-07-24	0.94
2037-07-25	0.94
2037-07-26	0.93
2037-07-27	0.92
2037-07-28	0.94
2037-07-29	0.94
2037-07-30	0.94
2037-07-31	0.93
2037-08-01	0.93
2037-08-02	0.94
2037-08-03	0.92
2037-08-04	0.92
2037-08-05	0.92
2037-08-06	0.92
2037-08-07	0.92
2037-08-08	0.92
2037-08-09	0.91
2037-08-10	0.91
2037-08-11	0.92
2037-08-12	0.92
2037-08-13	0.91
2037-08-14	0.91
2037-08-15	0.93
2037-08-16	0.92
2037-08-17	0.91
2037-08-18	0.93
2037-08-19	0.96
2037-08-20	0.96
2037-08-21	0.95
2037-08-22	0.93
2037-08-23	0.94
2037-08-24	0.96
2037-08-25	0.94
2037-08-26	0.91
2037-08-27	0.93
2037-08-28	0.96
2037-08-29	0.96
2037-08-30	0.94
2037-08-31	0.92
2037-09-01	0.91
2037-09-02	0.92
2037-09-03	0.95
2037-09-04	0.91
2037-09-05	0.91
2037-09-06	0.92
2037-09-07	0.92
2037-09-08	0.91
2037-09-09	0.92
2037-09-10	0.91
2037-09-11	0.92
2037-09-12	0.91
2037-09-13	0.90
2037-09-14	0.90
2037-09-15	0.90
2037-09-16	0.91
2037-09-17	0.90
2037-09-18	0.90
2037-09-19	0.91
2037-09-20	0.95
2037-09-21	1.00
2037-09-22	1.00
2037-09-23	1.00
2037-09-24	0.97
2037-09-25	0.94
2037-09-26	0.92
2037-09-27	0.91
2037-09-28	0.93
2037-09-29	0.94
2037-09-30	0.96
2037-10-01	0.97
2037-10-02	0.96
2037-10-03	0.96
2037-10-04	0.97
2037-10-05	1.00
2037-10-06	1.00
2037-10-07	1.00
2037-10-08	1.00
2037-10-09	1.00
2037-10-10	1.00
2037-10-11	1.00
2037-10-12	1.00
2037-10-13	1.00
2037-10-14	1.00
2037-10-15	1.00
2037-10-16	1.00
2037-10-17	1.00
2037-10-18	1.00
2037-10-19	1.00
2037-10-20	1.00
2037-10-21	1.00
2037-10-22	1.00
2037-10-23	1.00
2037-10-24	1.00
2037-10-25	1.00
2037-10-26	1.00
2037-10-27	1.00
2037-10-28	1.00
2037-10-29	1.00
2037-10-30	1.00
2037-10-31	1.00
2037-11-01	1.00
2037-11-02	1.00
2037-11-03	1.00
2037-11-04	1.00
2037-11-05	1.00
2037-11-06	1.00
2037-11-07	1.00
2037-11-08	1.00
2037-11-09	1.00
2037-11-10	1.00
2037-11-11	1.00
2037-11-12	1.00
2037-11-13	1.00
2037-11-14	1.00
2037-11-15	1.00
2037-11-16	1.00
2037-11-17	1.00
2037-11-18	1.00
2037-11-19	1.00
2037-11-20	1.00
2037-11-21	1.00
2037-11-22	1.00
2037-11-23	1.00
2037-11-24	1.00
2037-11-25	1.00
2037-11-26	1.00
2037-11-27	1.00
2037-11-28	1.00
2037-11-29	1.00
2037-11-30	1.00
2037-12-01	1.00
2037-12-02	1.00
2037-12-03	1.00
2037-12-04	1.00
2037-12-05	1.00
2037-12-06	1.00
2037-12-07	1.00
2037-12-08	1.00
2037-12-09	1.00
2037-12-10	1.00
2037-12-11	1.00
2037-12-12	1.00
2037-12-13	1.00
2037-12-14	1.00
2037-12-15	1.00
2037-12-16	1.00
2037-12-17	1.00
2037-12-18	1.00
2037-12-19	1.00
2037-12-20	1.00
2037-12-21	1.00
2037-12-22	1.00
2037-12-23	1.00
2037-12-24	1.00
2037-12-25	1.00
2037-12-26	1.00
2037-12-27	1.00
2037-12-28	1.00
2037-12-29	1.00
2037-12-30	1.00
2037-12-31	1.00
2038-01-01	1.00
2038-01-02	1.00
2038-01-03	1.00
2038-01-04	1.00
2038-01-05	1.00
2038-01-06	1.00
2038-01-07	1.00
2038-01-08	1.00
2038-01-09	1.00
2038-01-10	1.00
2038-01-11	1.00
2038-01-12	1.00
2038-01-13	1.00
2038-01-14	1.00
2038-01-15	1.00
2038-01-16	1.00
2038-01-17	1.00
2038-01-18	1.00
2038-01-19	1.00
2038-01-20	1.00
2038-01-21	1.00
2038-01-22	1.00
2038-01-23	1.00
2038-01-24	1.00
2038-01-25	1.00
2038-01-26	1.00
2038-01-27	1.00
2038-01-28	1.00
2038-01-29	1.00
2038-01-30	1.00
2038-01-31	1.00
2038-02-01	1.00
2038-02-02	1.00
2038-02-03	1.00
2038-02-04	1.00
2038-02-05	1.00
2038-02-06	1.00
2038-02-07	1.00
2038-02-08	1.00
2038-02-09	1.00
2038-02-10	1.00
2038-02-11	1.00
2038-02-12	1.00
2038-02-13	1.00
2038-02-14	1.00
2038-02-15	1.00
2038-02-16	1.00
2038-02-17	1.00
2038-02-18	1.00
2038-02-19	1.00
2038-02-20	1.00
2038-02-21	1.00
2038-02-22	1.00
2038-02-23	1.00
2038-02-24	1.00
2038-02-25	1.00
2038-02-26	1.00
2038-02-27	1.00
2038-02-28	1.00
2038-03-01	1.00
2038-03-02	1.00
2038-03-03	1.00
2038-03-04	1.00
2038-03-05	1.00
2038-03-06	1.00
2038-03-07	1.00
2038-03-08	1.00
2038-03-09	1.00
2038-03-10	1.00
2038-03-11	1.00
2038-03-12	1.00
2038-03-13	1.00
2038-03-14	1.00
2038-03-15	1.00
2038-03-16	1.00
2038-03-17	1.00
2038-03-18	1.00
2038-03-19	1.00
2038-03-20	1.00
2038-03-21	1.00
2038-03-22	1.00
2038-03-23	1.00
2038-03-24	1.00
2038-03-25	1.00
2038-03-26	1.00
2038-03-27	1.00
2038-03-28	1.00
2038-03-29	1.00
2038-03-30	1.00
2038-03-31	1.00
2038-04-01	1.00
2038-04-02	1.00
2038-04-03	1.00
2038-04-04	1.00
2038-04-05	1.00
2038-04-06	1.00
2038-04-07	1.00
2038-04-08	1.00
2038-04-09	1.00
2038-04-10	1.00
2038-04-11	1.00
2038-04-12	1.00
2038-04-13	1.00
2038-04-14	1.00
2038-04-15	1.00
2038-04-16	1.00
2038-04-17	1.00
2038-04-18	1.00
2038-04-19	1.00
2038-04-20	1.00
2038-04-21	1.00
2038-04-22	1.00
2038-04-23	1.00
2038-04-24	1.00
2038-04-25	1.00
2038-04-26	1.00
2038-04-27	1.00
2038-04-28	1.00
2038-04-29	1.00
2038-04-30	1.00
2038-05-01	1.00
2038-05-02	1.00
2038-05-03	1.00
2038-05-04	0.97
2038-05-05	0.95
2038-05-06	0.95
2038-05-07	0.95
2038-05-08	1.00
2038-05-09	1.00
2038-05-10	1.00
2038-05-11	1.00
2038-05-12	0.95
2038-05-13	0.95
2038-05-14	0.95
2038-05-15	0.95
2038-05-16	1.00
2038-05-17	1.00
2038-05-18	1.00
2038-05-19	0.95
2038-05-20	1.00
2038-05-21	1.00
2038-05-22	1.00
2038-05-23	1.00
2038-05-24	1.00
2038-05-25	1.00
2038-05-26	1.00
2038-05-27	1.00
2038-05-28	1.00
2038-05-29	1.00
2038-05-30	1.00
2038-05-31	1.00
2038-06-01	1.00
2038-06-02	0.96
2038-06-03	0.94
2038-06-04	1.00
2038-06-05	1.00
2038-06-06	0.96
2038-06-07	0.95
2038-06-08	0.93
2038-06-09	0.94
2038-06-10	0.97
2038-06-11	1.00
2038-06-12	1.00
2038-06-13	1.00
2038-06-14	1.00
2038-06-15	0.97
2038-06-16	0.96
2038-06-17	0.95
2038-06-18	0.95
2038-06-19	0.94
2038-06-20	0.93
2038-06-21	0.93
2038-06-22	0.96
2038-06-23	1.00
2038-06-24	1.00
2038-06-25	1.00
2038-06-26	0.97
2038-06-27	0.96
2038-06-28	0.94
2038-06-29	0.94
2038-06-30	0.92
2038-07-01	0.91
2038-07-02	0.91
2038-07-03	0.92
2038-07-04	0.93
2038-07-05	0.95
2038-07-06	0.93
2038-07-07	0.90
2038-07-08	0.95
2038-07-09	0.96
2038-07-10	0.94
2038-07-11	0.90
2038-07-12	0.92
2038-07-13	0.92
2038-07-14	0.91
2038-07-15	0.92
2038-07-16	0.93
2038-07-17	0.93
2038-07-18	0.92
2038-07-19	0.93
2038-07-20	0.93
2038-07-21	0.93
2038-07-22	0.93
2038-07-23	0.94
2038-07-24	0.95
2038-07-25	0.95
2038-07-26	0.95
2038-07-27	0.92
2038-07-28	0.92
2038-07-29	0.92
2038-07-30	0.92
2038-07-31	0.93
2038-08-01	0.92
2038-08-02	0.92
2038-08-03	0.92
2038-08-04	0.93
2038-08-05	0.92
2038-08-06	0.92
2038-08-07	0.94
2038-08-08	0.96
2038-08-09	0.96
2038-08-10	0.95
2038-08-11	0.94
2038-08-12	0.94
2038-08-13	0.93
2038-08-14	0.93
2038-08-15	0.93
2038-08-16	0.95
2038-08-17	0.94
2038-08-18	0.92
2038-08-19	0.92
2038-08-20	0.93
2038-08-21	0.94
2038-08-22	0.96
2038-08-23	1.00
2038-08-24	1.00
2038-08-25	0.96
2038-08-26	0.96
2038-08-27	0.95
2038-08-28	0.94
2038-08-29	0.94
2038-08-30	0.94
2038-08-31	0.95
2038-09-01	0.95
2038-09-02	0.95
2038-09-03	0.92
2038-09-04	0.95
2038-09-05	1.00
2038-09-06	0.95
2038-09-07	0.93
2038-09-08	0.92
2038-09-09	0.92
2038-09-10	0.92
2038-09-11	0.92
2038-09-12	0.91
2038-09-13	0.92
2038-09-14	1.00
2038-09-15	1.00
2038-09-16	1.00
2038-09-17	1.00
2038-09-18	0.96
2038-09-19	0.94
2038-09-20	0.95
2038-09-21	0.95
2038-09-22	1.00
2038-09-23	1.00
2038-09-24	1.00
2038-09-25	1.00
2038-09-26	1.00
2038-09-27	0.97
2038-09-28	0.95
2038-09-29	0.95
2038-09-30	0.94
2038-10-01	1.00
2038-10-02	1.00
2038-10-03	1.00
2038-10-04	1.00
2038-10-05	1.00
2038-10-06	1.00
2038-10-07	1.00
2038-10-08	1.00
2038-10-09	0.95
2038-10-10	1.00
2038-10-11	1.00
2038-10-12	1.00
2038-10-13	1.00
2038-10-14	1.00
2038-10-15	1.00
2038-10-16	1.00
2038-10-17	1.00
2038-10-18	1.00
2038-10-19	1.00
2038-10-20	1.00
2038-10-21	1.00
2038-10-22	1.00
2038-10-23	1.00
2038-10-24	1.00
2038-10-25	1.00
2038-10-26	1.00
2038-10-27	1.00
2038-10-28	0.96
2038-10-29	1.00
2038-10-30	1.00
2038-10-31	1.00
2038-11-01	1.00
2038-11-02	1.00
2038-11-03	1.00
2038-11-04	1.00
2038-11-05	1.00
2038-11-06	1.00
2038-11-07	1.00
2038-11-08	1.00
2038-11-09	1.00
2038-11-10	1.00
2038-11-11	1.00
2038-11-12	1.00
2038-11-13	1.00
2038-11-14	1.00
2038-11-15	1.00
2038-11-16	1.00
2038-11-17	1.00
2038-11-18	1.00
2038-11-19	1.00
2038-11-20	1.00
2038-11-21	1.00
2038-11-22	1.00
2038-11-23	1.00
2038-11-24	1.00
2038-11-25	1.00
2038-11-26	1.00
2038-11-27	1.00
2038-11-28	1.00
2038-11-29	1.00
2038-11-30	1.00
2038-12-01	1.00
2038-12-02	1.00
2038-12-03	1.00
2038-12-04	1.00
2038-12-05	1.00
2038-12-06	1.00
2038-12-07	1.00
2038-12-08	1.00
2038-12-09	1.00
2038-12-10	1.00
2038-12-11	1.00
2038-12-12	1.00
2038-12-13	1.00
2038-12-14	1.00
2038-12-15	1.00
2038-12-16	1.00
2038-12-17	1.00
2038-12-18	1.00
2038-12-19	1.00
2038-12-20	1.00
2038-12-21	1.00
2038-12-22	1.00
2038-12-23	1.00
2038-12-24	1.00
2038-12-25	1.00
2038-12-26	1.00
2038-12-27	1.00
2038-12-28	1.00
2038-12-29	1.00
2038-12-30	1.00
2038-12-31	1.00
2039-01-01	1.00
2039-01-02	1.00
2039-01-03	1.00
2039-01-04	1.00
2039-01-05	1.00
2039-01-06	1.00
2039-01-07	1.00
2039-01-08	1.00
2039-01-09	1.00
2039-01-10	1.00
2039-01-11	1.00
2039-01-12	1.00
2039-01-13	1.00
2039-01-14	1.00
2039-01-15	1.00
2039-01-16	1.00
2039-01-17	1.00
2039-01-18	1.00
2039-01-19	1.00
2039-01-20	1.00
2039-01-21	1.00
2039-01-22	1.00
2039-01-23	1.00
2039-01-24	1.00
2039-01-25	1.00
2039-01-26	1.00
2039-01-27	1.00
2039-01-28	1.00
2039-01-29	1.00
2039-01-30	1.00
2039-01-31	1.00
2039-02-01	1.00
2039-02-02	1.00
2039-02-03	1.00
2039-02-04	1.00
2039-02-05	1.00
2039-02-06	1.00
2039-02-07	1.00
2039-02-08	1.00
2039-02-09	1.00
2039-02-10	1.00
2039-02-11	1.00
2039-02-12	1.00
2039-02-13	1.00
2039-02-14	1.00
2039-02-15	1.00
2039-02-16	1.00
2039-02-17	1.00
2039-02-18	1.00
2039-02-19	1.00
2039-02-20	1.00
2039-02-21	1.00
2039-02-22	1.00
2039-02-23	1.00
2039-02-24	1.00
2039-02-25	1.00
2039-02-26	1.00
2039-02-27	1.00
2039-02-28	1.00
2039-03-01	1.00
2039-03-02	1.00
2039-03-03	1.00
2039-03-04	1.00
2039-03-05	1.00
2039-03-06	1.00
2039-03-07	1.00
2039-03-08	1.00
2039-03-09	1.00
2039-03-10	1.00
2039-03-11	1.00
2039-03-12	1.00
2039-03-13	1.00
2039-03-14	1.00
2039-03-15	1.00
2039-03-16	1.00
2039-03-17	1.00
2039-03-18	1.00
2039-03-19	1.00
2039-03-20	1.00
2039-03-21	1.00
2039-03-22	1.00
2039-03-23	1.00
2039-03-24	1.00
2039-03-25	1.00
2039-03-26	1.00
2039-03-27	1.00
2039-03-28	1.00
2039-03-29	1.00
2039-03-30	1.00
2039-03-31	1.00
2039-04-01	1.00
2039-04-02	1.00
2039-04-03	1.00
2039-04-04	1.00
2039-04-05	1.00
2039-04-06	1.00
2039-04-07	0.97
2039-04-08	0.96
2039-04-09	1.00
2039-04-10	1.00
2039-04-11	1.00
2039-04-12	1.00
2039-04-13	1.00
2039-04-14	1.00
2039-04-15	1.00
2039-04-16	1.00
2039-04-17	1.00
2039-04-18	1.00
2039-04-19	0.96
2039-04-20	0.96
2039-04-21	0.95
2039-04-22	0.96
2039-04-23	0.95
2039-04-24	0.96
2039-04-25	1.00
2039-04-26	1.00
2039-04-27	1.00
2039-04-28	0.96
2039-04-29	0.95
2039-04-30	0.96
2039-05-01	1.00
2039-05-02	0.95
2039-05-03	1.00
2039-05-04	1.00
2039-05-05	1.00
2039-05-06	1.00
2039-05-07	1.00
2039-05-08	1.00
2039-05-09	1.00
2039-05-10	1.00
2039-05-11	1.00
2039-05-12	1.00
2039-05-13	1.00
2039-05-14	1.00
2039-05-15	1.00
2039-05-16	1.00
2039-05-17	1.00
2039-05-18	0.96
2039-05-19	0.94
2039-05-20	0.93
2039-05-21	0.94
2039-05-22	1.00
2039-05-23	1.00
2039-05-24	1.00
2039-05-25	0.94
2039-05-26	0.93
2039-05-27	0.93
2039-05-28	0.92
2039-05-29	0.93
2039-05-30	0.95
2039-05-31	1.00
2039-06-01	1.00
2039-06-02	1.00
2039-06-03	1.00
2039-06-04	0.96
2039-06-05	0.96
2039-06-06	0.94
2039-06-07	0.97
2039-06-08	1.00
2039-06-09	1.00
2039-06-10	0.96
2039-06-11	0.93
2039-06-12	0.91
2039-06-13	0.93
2039-06-14	0.92
2039-06-15	0.90
2039-06-16	0.91
2039-06-17	0.92
2039-06-18	0.92
2039-06-19	0.92
2039-06-20	0.91
2039-06-21	0.91
2039-06-22	0.96
2039-06-23	1.00
2039-06-24	0.96
2039-06-25	0.95
2039-06-26	0.93
2039-06-27	0.92
2039-06-28	0.94
2039-06-29	1.00
2039-06-30	0.95
2039-07-01	0.95
2039-07-02	0.95
2039-07-03	0.93
2039-07-04	0.93
2039-07-05	0.96
2039-07-06	0.96
2039-07-07	0.95
2039-07-08	0.92
2039-07-09	0.93
2039-07-10	0.92
2039-07-11	0.93
2039-07-12	0.92
2039-07-13	0.93
2039-07-14	0.95
2039-07-15	0.95
2039-07-16	0.95
2039-07-17	0.95
2039-07-18	0.93
2039-07-19	0.92
2039-07-20	0.93
2039-07-21	0.93
2039-07-22	0.92
2039-07-23	0.91
2039-07-24	0.92
2039-07-25	0.93
2039-07-26	0.93
2039-07-27	0.92
2039-07-28	0.93
2039-07-29	0.95
2039-07-30	0.94
2039-07-31	0.94
2039-08-01	0.92
2039-08-02	0.91
2039-08-03	0.93
2039-08-04	0.92
2039-08-05	0.93
2039-08-06	0.93
2039-08-07	0.95
2039-08-08	0.95
2039-08-09	0.94
2039-08-10	0.94
2039-08-11	0.93
2039-08-12	0.93
2039-08-13	0.95
2039-08-14	0.95
2039-08-15	0.92
2039-08-16	0.92
2039-08-17	0.93
2039-08-18	0.93
2039-08-19	0.94
2039-08-20	0.94
2039-08-21	0.93
2039-08-22	0.91
2039-08-23	0.91
2039-08-24	0.91
2039-08-25	0.95
2039-08-26	0.95
2039-08-27	0.92
2039-08-28	0.92
2039-08-29	0.93
2039-08-30	0.92
2039-08-31	0.91
2039-09-01	0.93
2039-09-02	0.93
2039-09-03	0.95
2039-09-04	1.00
2039-09-05	1.00
2039-09-06	0.96
2039-09-07	0.96
2039-09-08	1.00
2039-09-09	0.96
2039-09-10	0.96
2039-09-11	0.94
2039-09-12	0.95
2039-09-13	0.95
2039-09-14	0.95
2039-09-15	0.95
2039-09-16	0.95
2039-09-17	0.95
2039-09-18	1.00
2039-09-19	1.00
2039-09-20	1.00
2039-09-21	1.00
2039-09-22	1.00
2039-09-23	1.00
2039-09-24	1.00
2039-09-25	1.00
2039-09-26	0.96
2039-09-27	0.96
2039-09-28	1.00
2039-09-29	0.96
2039-09-30	0.95
2039-10-01	0.96
2039-10-02	0.96
2039-10-03	0.95
2039-10-04	0.94
2039-10-05	0.95
2039-10-06	0.96
2039-10-07	0.97
2039-10-08	1.00
2039-10-09	1.00
2039-10-10	1.00
2039-10-11	1.00
2039-10-12	1.00
2039-10-13	1.00
2039-10-14	1.00
2039-10-15	1.00
2039-10-16	1.00
2039-10-17	1.00
2039-10-18	1.00
2039-10-19	1.00
2039-10-20	1.00
2039-10-21	1.00
2039-10-22	1.00
2039-10-23	1.00
2039-10-24	1.00
2039-10-25	1.00
2039-10-26	0.95
2039-10-27	0.96
2039-10-28	0.95
2039-10-29	0.96
2039-10-30	0.97
2039-10-31	1.00
2039-11-01	1.00
2039-11-02	1.00
2039-11-03	1.00
2039-11-04	1.00
2039-11-05	1.00
2039-11-06	1.00
2039-11-07	1.00
2039-11-08	0.97
2039-11-09	0.96
2039-11-10	1.00
2039-11-11	1.00
2039-11-12	1.00
2039-11-13	0.97
2039-11-14	0.95
2039-11-15	1.00
2039-11-16	1.00
2039-11-17	1.00
2039-11-18	1.00
2039-11-19	1.00
2039-11-20	1.00
2039-11-21	1.00
2039-11-22	1.00
2039-11-23	1.00
2039-11-24	1.00
2039-11-25	1.00
2039-11-26	1.00
2039-11-27	1.00
2039-11-28	1.00
2039-11-29	1.00
2039-11-30	1.00
2039-12-01	1.00
2039-12-02	1.00
2039-12-03	1.00
2039-12-04	1.00
2039-12-05	1.00
2039-12-06	1.00
2039-12-07	1.00
2039-12-08	1.00
2039-12-09	1.00
2039-12-10	1.00
2039-12-11	1.00
2039-12-12	1.00
2039-12-13	1.00
2039-12-14	1.00
2039-12-15	0.96
2039-12-16	1.00
2039-12-17	1.00
2039-12-18	1.00
2039-12-19	1.00
2039-12-20	1.00
2039-12-21	1.00
2039-12-22	1.00
2039-12-23	1.00
2039-12-24	1.00
2039-12-25	1.00
2039-12-26	1.00
2039-12-27	1.00
2039-12-28	1.00
2039-12-29	1.00
2039-12-30	1.00
2039-12-31	1.00
2040-01-01	1.00
2040-01-02	1.00
2040-01-03	1.00
2040-01-04	1.00
2040-01-05	1.00
2040-01-06	1.00
2040-01-07	1.00
2040-01-08	1.00
2040-01-09	1.00
2040-01-10	1.00
2040-01-11	1.00
2040-01-12	1.00
2040-01-13	1.00
2040-01-14	1.00
2040-01-15	1.00
2040-01-16	1.00
2040-01-17	1.00
2040-01-18	1.00
2040-01-19	1.00
2040-01-20	1.00
2040-01-21	1.00
2040-01-22	1.00
2040-01-23	1.00
2040-01-24	1.00
2040-01-25	1.00
2040-01-26	1.00
2040-01-27	1.00
2040-01-28	1.00
2040-01-29	1.00
2040-01-30	1.00
2040-01-31	1.00
2040-02-01	1.00
2040-02-02	1.00
2040-02-03	1.00
2040-02-04	1.00
2040-02-05	1.00
2040-02-06	1.00
2040-02-07	1.00
2040-02-08	1.00
2040-02-09	1.00
2040-02-10	1.00
2040-02-11	1.00
2040-02-12	1.00
2040-02-13	1.00
2040-02-14	1.00
2040-02-15	1.00
2040-02-16	1.00
2040-02-17	1.00
2040-02-18	1.00
2040-02-19	1.00
2040-02-20	1.00
2040-02-21	1.00
2040-02-22	1.00
2040-02-23	1.00
2040-02-24	1.00
2040-02-25	1.00
2040-02-26	1.00
2040-02-27	1.00
2040-02-28	1.00
2040-02-29	1.00
2040-03-01	1.00
2040-03-02	1.00
2040-03-03	1.00
2040-03-04	1.00
2040-03-05	1.00
2040-03-06	1.00
2040-03-07	1.00
2040-03-08	1.00
2040-03-09	1.00
2040-03-10	1.00
2040-03-11	1.00
2040-03-12	1.00
2040-03-13	1.00
2040-03-14	1.00
2040-03-15	1.00
2040-03-16	1.00
2040-03-17	1.00
2040-03-18	1.00
2040-03-19	1.00
2040-03-20	1.00
2040-03-21	1.00
2040-03-22	1.00
2040-03-23	1.00
2040-03-24	1.00
2040-03-25	1.00
2040-03-26	1.00
2040-03-27	1.00
2040-03-28	1.00
2040-03-29	1.00
2040-03-30	1.00
2040-03-31	1.00
2040-04-01	1.00
2040-04-02	1.00
2040-04-03	1.00
2040-04-04	1.00
2040-04-05	1.00
2040-04-06	1.00
2040-04-07	1.00
2040-04-08	1.00
2040-04-09	1.00
2040-04-10	1.00
2040-04-11	1.00
2040-04-12	1.00
2040-04-13	1.00
2040-04-14	1.00
2040-04-15	1.00
2040-04-16	1.00
2040-04-17	1.00
2040-04-18	1.00
2040-04-19	1.00
2040-04-20	1.00
2040-04-21	1.00
2040-04-22	1.00
2040-04-23	1.00
2040-04-24	1.00
2040-04-25	1.00
2040-04-26	1.00
2040-04-27	1.00
2040-04-28	1.00
2040-04-29	1.00
2040-04-30	1.00
2040-05-01	1.00
2040-05-02	1.00
2040-05-03	0.96
2040-05-04	0.96
2040-05-05	1.00
2040-05-06	1.00
2040-05-07	1.00
2040-05-08	1.00
2040-05-09	1.00
2040-05-10	1.00
2040-05-11	1.00
2040-05-12	1.00
2040-05-13	0.96
2040-05-14	0.96
2040-05-15	0.95
2040-05-16	0.95
2040-05-17	0.95
2040-05-18	0.96
2040-05-19	0.96
2040-05-20	1.00
2040-05-21	0.97
2040-05-22	0.96
2040-05-23	0.96
2040-05-24	0.94
2040-05-25	0.95
2040-05-26	1.00
2040-05-27	1.00
2040-05-28	0.97
2040-05-29	0.96
2040-05-30	1.00
2040-05-31	1.00
2040-06-01	1.00
2040-06-02	1.00
2040-06-03	1.00
2040-06-04	1.00
2040-06-05	1.00
2040-06-06	1.00
2040-06-07	1.00
2040-06-08	1.00
2040-06-09	0.96
2040-06-10	1.00
2040-06-11	0.95
2040-06-12	1.00
2040-06-13	1.00
2040-06-14	1.00
2040-06-15	1.00
2040-06-16	1.00
2040-06-17	1.00
2040-06-18	1.00
2040-06-19	0.96
2040-06-20	0.94
2040-06-21	0.95
2040-06-22	0.96
2040-06-23	0.95
2040-06-24	0.96
2040-06-25	0.96
2040-06-26	0.95
2040-06-27	0.93
2040-06-28	0.95
2040-06-29	0.97
2040-06-30	0.97
2040-07-01	0.96
2040-07-02	0.94
2040-07-03	0.93
2040-07-04	0.95
2040-07-05	0.96
2040-07-06	0.95
2040-07-07	0.93
2040-07-08	0.92
2040-07-09	0.92
2040-07-10	0.92
2040-07-11	0.93
2040-07-12	0.92
2040-07-13	0.92
2040-07-14	0.92
2040-07-15	0.92
2040-07-16	0.92
2040-07-17	0.93
2040-07-18	0.91
2040-07-19	0.92
2040-07-20	0.95
2040-07-21	0.95
2040-07-22	0.94
2040-07-23	0.94
2040-07-24	0.94
2040-07-25	0.93
2040-07-26	0.93
2040-07-27	0.92
2040-07-28	0.92
2040-07-29	0.92
2040-07-30	0.94
2040-07-31	0.96
2040-08-01	0.95
2040-08-02	0.94
2040-08-03	0.93
2040-08-04	0.93
2040-08-05	0.96
2040-08-06	0.96
2040-08-07	0.95
2040-08-08	0.94
2040-08-09	0.93
2040-08-10	0.92
2040-08-11	0.92
2040-08-12	0.93
2040-08-13	0.92
2040-08-14	0.96
2040-08-15	0.96
2040-08-16	0.96
2040-08-17	0.95
2040-08-18	0.94
2040-08-19	0.93
2040-08-20	0.93
2040-08-21	0.93
2040-08-22	0.92
2040-08-23	0.91
2040-08-24	0.91
2040-08-25	0.92
2040-08-26	0.92
2040-08-27	0.92
2040-08-28	0.92
2040-08-29	0.94
2040-08-30	0.94
2040-08-31	0.93
2040-09-01	0.93
2040-09-02	0.92
2040-09-03	0.92
2040-09-04	0.92
2040-09-05	0.92
2040-09-06	0.92
2040-09-07	0.92
2040-09-08	0.92
2040-09-09	0.92
2040-09-10	0.93
2040-09-11	0.92
2040-09-12	0.95
2040-09-13	1.00
2040-09-14	1.00
2040-09-15	1.00
2040-09-16	1.00
2040-09-17	1.00
2040-09-18	1.00
2040-09-19	1.00
2040-09-20	1.00
2040-09-21	1.00
2040-09-22	1.00
2040-09-23	0.96
2040-09-24	0.95
2040-09-25	0.96
2040-09-26	1.00
2040-09-27	1.00
2040-09-28	1.00
2040-09-29	1.00
2040-09-30	1.00
2040-10-01	0.95
2040-10-02	0.96
2040-10-03	1.00
2040-10-04	1.00
2040-10-05	1.00
2040-10-06	1.00
2040-10-07	1.00
2040-10-08	1.00
2040-10-09	1.00
2040-10-10	1.00
2040-10-11	1.00
2040-10-12	1.00
2040-10-13	1.00
2040-10-14	1.00
2040-10-15	1.00
2040-10-16	1.00
2040-10-17	1.00
2040-10-18	1.00
2040-10-19	1.00
2040-10-20	1.00
2040-10-21	1.00
2040-10-22	1.00
2040-10-23	1.00
2040-10-24	1.00
2040-10-25	1.00
2040-10-26	1.00
2040-10-27	1.00
2040-10-28	1.00
2040-10-29	1.00
2040-10-30	1.00
2040-10-31	1.00
2040-11-01	1.00
2040-11-02	1.00
2040-11-03	1.00
2040-11-04	1.00
2040-11-05	1.00
2040-11-06	1.00
2040-11-07	1.00
2040-11-08	1.00
2040-11-09	1.00
2040-11-10	1.00
2040-11-11	1.00
2040-11-12	1.00
2040-11-13	1.00
2040-11-14	1.00
2040-11-15	1.00
2040-11-16	0.96
2040-11-17	1.00
2040-11-18	1.00
2040-11-19	1.00
2040-11-20	1.00
2040-11-21	1.00
2040-11-22	1.00
2040-11-23	1.00
2040-11-24	1.00
2040-11-25	1.00
2040-11-26	1.00
2040-11-27	1.00
2040-11-28	1.00
2040-11-29	1.00
2040-11-30	1.00
2040-12-01	1.00
2040-12-02	1.00
2040-12-03	1.00
2040-12-04	1.00
2040-12-05	1.00
2040-12-06	1.00
2040-12-07	1.00
2040-12-08	1.00
2040-12-09	1.00
2040-12-10	1.00
2040-12-11	1.00
2040-12-12	1.00
2040-12-13	1.00
2040-12-14	1.00
2040-12-15	1.00
2040-12-16	1.00
2040-12-17	1.00
2040-12-18	1.00
2040-12-19	1.00
2040-12-20	1.00
2040-12-21	1.00
2040-12-22	1.00
2040-12-23	1.00
2040-12-24	1.00
2040-12-25	1.00
2040-12-26	1.00
2040-12-27	1.00
2040-12-28	1.00
2040-12-29	1.00
2040-12-30	1.00
2040-12-31	1.00
2041-01-01	1.00
2041-01-02	1.00
2041-01-03	1.00
2041-01-04	1.00
2041-01-05	1.00
2041-01-06	1.00
2041-01-07	1.00
2041-01-08	1.00
2041-01-09	1.00
2041-01-10	1.00
2041-01-11	1.00
2041-01-12	1.00
2041-01-13	1.00
2041-01-14	1.00
2041-01-15	1.00
2041-01-16	1.00
2041-01-17	1.00
2041-01-18	1.00
2041-01-19	1.00
2041-01-20	1.00
2041-01-21	1.00
2041-01-22	1.00
2041-01-23	1.00
2041-01-24	1.00
2041-01-25	1.00
2041-01-26	1.00
2041-01-27	1.00
2041-01-28	1.00
2041-01-29	1.00
2041-01-30	1.00
2041-01-31	1.00
2041-02-01	1.00
2041-02-02	1.00
2041-02-03	1.00
2041-02-04	1.00
2041-02-05	1.00
2041-02-06	1.00
2041-02-07	1.00
2041-02-08	1.00
2041-02-09	1.00
2041-02-10	1.00
2041-02-11	1.00
2041-02-12	1.00
2041-02-13	1.00
2041-02-14	1.00
2041-02-15	1.00
2041-02-16	1.00
2041-02-17	1.00
2041-02-18	1.00
2041-02-19	1.00
2041-02-20	1.00
2041-02-21	1.00
2041-02-22	1.00
2041-02-23	1.00
2041-02-24	1.00
2041-02-25	1.00
2041-02-26	1.00
2041-02-27	1.00
2041-02-28	1.00
2041-03-01	1.00
2041-03-02	1.00
2041-03-03	1.00
2041-03-04	1.00
2041-03-05	1.00
2041-03-06	1.00
2041-03-07	1.00
2041-03-08	1.00
2041-03-09	1.00
2041-03-10	1.00
2041-03-11	1.00
2041-03-12	1.00
2041-03-13	1.00
2041-03-14	1.00
2041-03-15	1.00
2041-03-16	1.00
2041-03-17	1.00
2041-03-18	1.00
2041-03-19	1.00
2041-03-20	1.00
2041-03-21	1.00
2041-03-22	1.00
2041-03-23	1.00
2041-03-24	1.00
2041-03-25	1.00
2041-03-26	1.00
2041-03-27	1.00
2041-03-28	1.00
2041-03-29	1.00
2041-03-30	1.00
2041-03-31	1.00
2041-04-01	1.00
2041-04-02	1.00
2041-04-03	1.00
2041-04-04	1.00
2041-04-05	1.00
2041-04-06	1.00
2041-04-07	1.00
2041-04-08	1.00
2041-04-09	1.00
2041-04-10	1.00
2041-04-11	1.00
2041-04-12	1.00
2041-04-13	1.00
2041-04-14	1.00
2041-04-15	1.00
2041-04-16	1.00
2041-04-17	1.00
2041-04-18	1.00
2041-04-19	1.00
2041-04-20	1.00
2041-04-21	1.00
2041-04-22	1.00
2041-04-23	1.00
2041-04-24	1.00
2041-04-25	1.00
2041-04-26	1.00
2041-04-27	1.00
2041-04-28	1.00
2041-04-29	1.00
2041-04-30	1.00
2041-05-01	1.00
2041-05-02	1.00
2041-05-03	1.00
2041-05-04	1.00
2041-05-05	1.00
2041-05-06	1.00
2041-05-07	1.00
2041-05-08	1.00
2041-05-09	1.00
2041-05-10	1.00
2041-05-11	1.00
2041-05-12	0.96
2041-05-13	0.97
2041-05-14	1.00
2041-05-15	1.00
2041-05-16	1.00
2041-05-17	1.00
2041-05-18	1.00
2041-05-19	1.00
2041-05-20	0.96
2041-05-21	0.96
2041-05-22	0.96
2041-05-23	0.95
2041-05-24	1.00
2041-05-25	1.00
2041-05-26	0.97
2041-05-27	0.96
2041-05-28	0.93
2041-05-29	0.96
2041-05-30	0.96
2041-05-31	1.00
2041-06-01	0.96
2041-06-02	1.00
2041-06-03	1.00
2041-06-04	1.00
2041-06-05	1.00
2041-06-06	1.00
2041-06-07	1.00
2041-06-08	1.00
2041-06-09	0.96
2041-06-10	0.95
2041-06-11	0.96
2041-06-12	0.96
2041-06-13	0.96
2041-06-14	0.96
2041-06-15	0.95
2041-06-16	0.93
2041-06-17	0.95
2041-06-18	0.94
2041-06-19	0.93
2041-06-20	0.93
2041-06-21	0.93
2041-06-22	0.92
2041-06-23	0.92
2041-06-24	0.91
2041-06-25	0.90
2041-06-26	0.90
2041-06-27	0.90
2041-06-28	0.90
2041-06-29	0.91
2041-06-30	0.95
2041-07-01	0.97
2041-07-02	0.96
2041-07-03	0.96
2041-07-04	0.94
2041-07-05	0.93
2041-07-06	0.92
2041-07-07	0.91
2041-07-08	0.92
2041-07-09	0.92
2041-07-10	0.91
2041-07-11	0.91
2041-07-12	0.92
2041-07-13	0.94
2041-07-14	0.94
2041-07-15	0.94
2041-07-16	0.93
2041-07-17	0.92
2041-07-18	0.92
2041-07-19	0.92
2041-07-20	0.92
2041-07-21	0.93
2041-07-22	0.96
2041-07-23	0.96
2041-07-24	0.95
2041-07-25	0.92
2041-07-26	0.91
2041-07-27	0.92
2041-07-28	0.91
2041-07-29	0.92
2041-07-30	0.92
2041-07-31	0.92
2041-08-01	0.92
2041-08-02	0.92
2041-08-03	0.92
2041-08-04	0.93
2041-08-05	0.91
2041-08-06	0.92
2041-08-07	0.92
2041-08-08	0.94
2041-08-09	0.93
2041-08-10	0.92
2041-08-11	0.93
2041-08-12	0.93
2041-08-13	0.95
2041-08-14	0.93
2041-08-15	0.93
2041-08-16	0.95
2041-08-17	0.95
2041-08-18	0.94
2041-08-19	0.95
2041-08-20	0.96
2041-08-21	0.95
2041-08-22	0.94
2041-08-23	0.94
2041-08-24	0.94
2041-08-25	0.93
2041-08-26	0.93
2041-08-27	0.93
2041-08-28	0.93
2041-08-29	0.92
2041-08-30	0.92
2041-08-31	0.92
2041-09-01	0.93
2041-09-02	0.96
2041-09-03	1.00
2041-09-04	1.00
2041-09-05	1.00
2041-09-06	1.00
2041-09-07	1.00
2041-09-08	0.96
2041-09-09	0.96
2041-09-10	0.95
2041-09-11	0.94
2041-09-12	0.93
2041-09-13	0.93
2041-09-14	0.95
2041-09-15	1.00
2041-09-16	0.97
2041-09-17	0.96
2041-09-18	0.95
2041-09-19	0.95
2041-09-20	0.95
2041-09-21	0.95
2041-09-22	1.00
2041-09-23	1.00
2041-09-24	1.00
2041-09-25	1.00
2041-09-26	1.00
2041-09-27	1.00
2041-09-28	1.00
2041-09-29	1.00
2041-09-30	0.95
2041-10-01	0.95
2041-10-02	0.95
2041-10-03	0.94
2041-10-04	1.00
2041-10-05	1.00
2041-10-06	1.00
2041-10-07	1.00
2041-10-08	1.00
2041-10-09	1.00
2041-10-10	1.00
2041-10-11	1.00
2041-10-12	1.00
2041-10-13	1.00
2041-10-14	1.00
2041-10-15	1.00
2041-10-16	1.00
2041-10-17	0.97
2041-10-18	0.94
2041-10-19	0.94
2041-10-20	1.00
2041-10-21	1.00
2041-10-22	1.00
2041-10-23	0.96
2041-10-24	1.00
2041-10-25	1.00
2041-10-26	1.00
2041-10-27	1.00
2041-10-28	1.00
2041-10-29	1.00
2041-10-30	1.00
2041-10-31	1.00
2041-11-01	1.00
2041-11-02	1.00
2041-11-03	1.00
2041-11-04	1.00
2041-11-05	1.00
2041-11-06	1.00
2041-11-07	1.00
2041-11-08	1.00
2041-11-09	1.00
2041-11-10	1.00
2041-11-11	1.00
2041-11-12	1.00
2041-11-13	1.00
2041-11-14	1.00
2041-11-15	1.00
2041-11-16	1.00
2041-11-17	1.00
2041-11-18	1.00
2041-11-19	1.00
2041-11-20	1.00
2041-11-21	1.00
2041-11-22	1.00
2041-11-23	1.00
2041-11-24	1.00
2041-11-25	1.00
2041-11-26	1.00
2041-11-27	1.00
2041-11-28	1.00
2041-11-29	1.00
2041-11-30	1.00
2041-12-01	1.00
2041-12-02	1.00
2041-12-03	1.00
2041-12-04	1.00
2041-12-05	1.00
2041-12-06	1.00
2041-12-07	1.00
2041-12-08	1.00
2041-12-09	1.00
2041-12-10	1.00
2041-12-11	1.00
2041-12-12	1.00
2041-12-13	1.00
2041-12-14	1.00
2041-12-15	1.00
2041-12-16	1.00
2041-12-17	1.00
2041-12-18	1.00
2041-12-19	1.00
2041-12-20	1.00
2041-12-21	1.00
2041-12-22	1.00
2041-12-23	1.00
2041-12-24	1.00
2041-12-25	1.00
2041-12-26	1.00
2041-12-27	1.00
2041-12-28	1.00
2041-12-29	1.00
2041-12-30	1.00
2041-12-31	1.00
2042-01-01	1.00
2042-01-02	1.00
2042-01-03	1.00
2042-01-04	1.00
2042-01-05	1.00
2042-01-06	1.00
2042-01-07	1.00
2042-01-08	1.00
2042-01-09	1.00
2042-01-10	1.00
2042-01-11	1.00
2042-01-12	1.00
2042-01-13	1.00
2042-01-14	1.00
2042-01-15	1.00
2042-01-16	1.00
2042-01-17	1.00
2042-01-18	1.00
2042-01-19	1.00
2042-01-20	1.00
2042-01-21	1.00
2042-01-22	1.00
2042-01-23	1.00
2042-01-24	1.00
2042-01-25	1.00
2042-01-26	1.00
2042-01-27	1.00
2042-01-28	1.00
2042-01-29	1.00
2042-01-30	1.00
2042-01-31	1.00
2042-02-01	1.00
2042-02-02	1.00
2042-02-03	1.00
2042-02-04	1.00
2042-02-05	1.00
2042-02-06	1.00
2042-02-07	1.00
2042-02-08	1.00
2042-02-09	1.00
2042-02-10	1.00
2042-02-11	1.00
2042-02-12	1.00
2042-02-13	1.00
2042-02-14	1.00
2042-02-15	1.00
2042-02-16	1.00
2042-02-17	1.00
2042-02-18	1.00
2042-02-19	1.00
2042-02-20	1.00
2042-02-21	1.00
2042-02-22	1.00
2042-02-23	1.00
2042-02-24	1.00
2042-02-25	1.00
2042-02-26	1.00
2042-02-27	1.00
2042-02-28	1.00
2042-03-01	1.00
2042-03-02	1.00
2042-03-03	1.00
2042-03-04	1.00
2042-03-05	1.00
2042-03-06	1.00
2042-03-07	1.00
2042-03-08	1.00
2042-03-09	1.00
2042-03-10	1.00
2042-03-11	1.00
2042-03-12	1.00
2042-03-13	1.00
2042-03-14	1.00
2042-03-15	1.00
2042-03-16	1.00
2042-03-17	1.00
2042-03-18	1.00
2042-03-19	1.00
2042-03-20	1.00
2042-03-21	1.00
2042-03-22	1.00
2042-03-23	1.00
2042-03-24	1.00
2042-03-25	1.00
2042-03-26	1.00
2042-03-27	1.00
2042-03-28	1.00
2042-03-29	1.00
2042-03-30	1.00
2042-03-31	1.00
2042-04-01	1.00
2042-04-02	1.00
2042-04-03	1.00
2042-04-04	1.00
2042-04-05	1.00
2042-04-06	1.00
2042-04-07	0.96
2042-04-08	1.00
2042-04-09	1.00
2042-04-10	1.00
2042-04-11	1.00
2042-04-12	1.00
2042-04-13	1.00
2042-04-14	0.97
2042-04-15	1.00
2042-04-16	1.00
2042-04-17	1.00
2042-04-18	1.00
2042-04-19	1.00
2042-04-20	1.00
2042-04-21	0.97
2042-04-22	0.96
2042-04-23	0.96
2042-04-24	0.96
2042-04-25	0.96
2042-04-26	0.96
2042-04-27	1.00
2042-04-28	1.00
2042-04-29	1.00
2042-04-30	1.00
2042-05-01	1.00
2042-05-02	0.97
2042-05-03	0.97
2042-05-04	1.00
2042-05-05	1.00
2042-05-06	1.00
2042-05-07	1.00
2042-05-08	1.00
2042-05-09	1.00
2042-05-10	1.00
2042-05-11	1.00
2042-05-12	1.00
2042-05-13	1.00
2042-05-14	1.00
2042-05-15	1.00
2042-05-16	1.00
2042-05-17	1.00
2042-05-18	1.00
2042-05-19	0.97
2042-05-20	1.00
2042-05-21	1.00
2042-05-22	1.00
2042-05-23	1.00
2042-05-24	0.96
2042-05-25	0.95
2042-05-26	0.94
2042-05-27	0.93
2042-05-28	0.93
2042-05-29	0.93
2042-05-30	0.96
2042-05-31	1.00
2042-06-01	1.00
2042-06-02	0.95
2042-06-03	0.93
2042-06-04	1.00
2042-06-05	1.00
2042-06-06	1.00
2042-06-07	1.00
2042-06-08	1.00
2042-06-09	0.96
2042-06-10	0.94
2042-06-11	0.93
2042-06-12	0.93
2042-06-13	0.96
2042-06-14	0.96
2042-06-15	1.00
2042-06-16	1.00
2042-06-17	1.00
2042-06-18	0.96
2042-06-19	0.96
2042-06-20	0.96
2042-06-21	0.96
2042-06-22	0.95
2042-06-23	0.93
2042-06-24	0.93
2042-06-25	0.97
2042-06-26	0.96
2042-06-27	0.93
2042-06-28	0.92
2042-06-29	0.92
2042-06-30	0.92
2042-07-01	0.95
2042-07-02	0.95
2042-07-03	0.94
2042-07-04	0.92
2042-07-05	0.91
2042-07-06	0.92
2042-07-07	0.93
2042-07-08	1.00
2042-07-09	1.00
2042-07-10	1.00
2042-07-11	0.96
2042-07-12	0.95
2042-07-13	0.96
2042-07-14	0.96
2042-07-15	0.93
2042-07-16	0.92
2042-07-17	0.92
2042-07-18	0.92
2042-07-19	0.91
2042-07-20	0.92
2042-07-21	0.92
2042-07-22	0.91
2042-07-23	0.91
2042-07-24	0.91
2042-07-25	0.95
2042-07-26	0.95
2042-07-27	0.94
2042-07-28	0.93
2042-07-29	0.93
2042-07-30	0.94
2042-07-31	0.96
2042-08-01	0.96
2042-08-02	0.94
2042-08-03	0.95
2042-08-04	0.95
2042-08-05	0.94
2042-08-06	0.92
2042-08-07	0.93
2042-08-08	0.92
2042-08-09	0.93
2042-08-10	0.95
2042-08-11	0.95
2042-08-12	0.95
2042-08-13	0.95
2042-08-14	0.94
2042-08-15	0.95
2042-08-16	0.94
2042-08-17	0.93
2042-08-18	0.93
2042-08-19	0.93
2042-08-20	0.93
2042-08-21	0.95
2042-08-22	0.97
2042-08-23	0.96
2042-08-24	0.92
2042-08-25	0.92
2042-08-26	0.93
2042-08-27	0.94
2042-08-28	0.93
2042-08-29	0.92
2042-08-30	0.92
2042-08-31	0.93
2042-09-01	0.94
2042-09-02	0.94
2042-09-03	0.94
2042-09-04	0.93
2042-09-05	0.92
2042-09-06	0.94
2042-09-07	0.95
2042-09-08	0.93
2042-09-09	1.00
2042-09-10	1.00
2042-09-11	1.00
2042-09-12	0.96
2042-09-13	0.96
2042-09-14	1.00
2042-09-15	1.00
2042-09-16	1.00
2042-09-17	1.00
2042-09-18	1.00
2042-09-19	1.00
2042-09-20	1.00
2042-09-21	1.00
2042-09-22	1.00
2042-09-23	1.00
2042-09-24	1.00
2042-09-25	0.96
2042-09-26	0.96
2042-09-27	1.00
2042-09-28	1.00
2042-09-29	1.00
2042-09-30	1.00
2042-10-01	1.00
2042-10-02	1.00
2042-10-03	1.00
2042-10-04	0.96
2042-10-05	0.95
2042-10-06	0.96
2042-10-07	0.96
2042-10-08	0.97
2042-10-09	1.00
2042-10-10	1.00
2042-10-11	1.00
2042-10-12	1.00
2042-10-13	1.00
2042-10-14	0.97
2042-10-15	1.00
2042-10-16	1.00
2042-10-17	1.00
2042-10-18	1.00
2042-10-19	1.00
2042-10-20	1.00
2042-10-21	1.00
2042-10-22	1.00
2042-10-23	1.00
2042-10-24	1.00
2042-10-25	1.00
2042-10-26	1.00
2042-10-27	1.00
2042-10-28	1.00
2042-10-29	1.00
2042-10-30	1.00
2042-10-31	1.00
2042-11-01	1.00
2042-11-02	0.97
2042-11-03	1.00
2042-11-04	1.00
2042-11-05	1.00
2042-11-06	1.00
2042-11-07	1.00
2042-11-08	1.00
2042-11-09	1.00
2042-11-10	1.00
2042-11-11	1.00
2042-11-12	1.00
2042-11-13	1.00
2042-11-14	1.00
2042-11-15	1.00
2042-11-16	1.00
2042-11-17	1.00
2042-11-18	1.00
2042-11-19	1.00
2042-11-20	1.00
2042-11-21	1.00
2042-11-22	1.00
2042-11-23	1.00
2042-11-24	1.00
2042-11-25	1.00
2042-11-26	1.00
2042-11-27	1.00
2042-11-28	1.00
2042-11-29	1.00
2042-11-30	1.00
2042-12-01	1.00
2042-12-02	1.00
2042-12-03	1.00
2042-12-04	1.00
2042-12-05	1.00
2042-12-06	1.00
2042-12-07	1.00
2042-12-08	1.00
2042-12-09	1.00
2042-12-10	1.00
2042-12-11	1.00
2042-12-12	1.00
2042-12-13	1.00
2042-12-14	1.00
2042-12-15	1.00
2042-12-16	1.00
2042-12-17	1.00
2042-12-18	1.00
2042-12-19	1.00
2042-12-20	1.00
2042-12-21	1.00
2042-12-22	1.00
2042-12-23	1.00
2042-12-24	1.00
2042-12-25	1.00
2042-12-26	1.00
2042-12-27	1.00
2042-12-28	1.00
2042-12-29	1.00
2042-12-30	1.00
2042-12-31	1.00
2043-01-01	1.00
2043-01-02	1.00
2043-01-03	1.00
2043-01-04	1.00
2043-01-05	1.00
2043-01-06	1.00
2043-01-07	1.00
2043-01-08	1.00
2043-01-09	1.00
2043-01-10	1.00
2043-01-11	1.00
2043-01-12	1.00
2043-01-13	1.00
2043-01-14	1.00
2043-01-15	1.00
2043-01-16	1.00
2043-01-17	1.00
2043-01-18	1.00
2043-01-19	1.00
2043-01-20	1.00
2043-01-21	1.00
2043-01-22	1.00
2043-01-23	1.00
2043-01-24	1.00
2043-01-25	1.00
2043-01-26	1.00
2043-01-27	1.00
2043-01-28	1.00
2043-01-29	1.00
2043-01-30	1.00
2043-01-31	1.00
2043-02-01	1.00
2043-02-02	1.00
2043-02-03	1.00
2043-02-04	1.00
2043-02-05	1.00
2043-02-06	1.00
2043-02-07	1.00
2043-02-08	1.00
2043-02-09	1.00
2043-02-10	1.00
2043-02-11	1.00
2043-02-12	1.00
2043-02-13	1.00
2043-02-14	1.00
2043-02-15	1.00
2043-02-16	1.00
2043-02-17	1.00
2043-02-18	1.00
2043-02-19	1.00
2043-02-20	1.00
2043-02-21	1.00
2043-02-22	1.00
2043-02-23	1.00
2043-02-24	1.00
2043-02-25	1.00
2043-02-26	1.00
2043-02-27	1.00
2043-02-28	1.00
2043-03-01	1.00
2043-03-02	1.00
2043-03-03	1.00
2043-03-04	1.00
2043-03-05	1.00
2043-03-06	1.00
2043-03-07	1.00
2043-03-08	1.00
2043-03-09	1.00
2043-03-10	1.00
2043-03-11	1.00
2043-03-12	1.00
2043-03-13	1.00
2043-03-14	1.00
2043-03-15	1.00
2043-03-16	0.96
2043-03-17	1.00
2043-03-18	1.00
2043-03-19	1.00
2043-03-20	1.00
2043-03-21	1.00
2043-03-22	1.00
2043-03-23	1.00
2043-03-24	1.00
2043-03-25	1.00
2043-03-26	1.00
2043-03-27	1.00
2043-03-28	1.00
2043-03-29	1.00
2043-03-30	1.00
2043-03-31	1.00
2043-04-01	1.00
2043-04-02	1.00
2043-04-03	1.00
2043-04-04	1.00
2043-04-05	0.96
2043-04-06	0.96
2043-04-07	0.96
2043-04-08	1.00
2043-04-09	1.00
2043-04-10	1.00
2043-04-11	1.00
2043-04-12	1.00
2043-04-13	1.00
2043-04-14	1.00
2043-04-15	1.00
2043-04-16	1.00
2043-04-17	1.00
2043-04-18	0.95
2043-04-19	0.96
2043-04-20	0.96
2043-04-21	1.00
2043-04-22	0.96
2043-04-23	0.96
2043-04-24	1.00
2043-04-25	1.00
2043-04-26	1.00
2043-04-27	1.00
2043-04-28	1.00
2043-04-29	0.96
2043-04-30	1.00
2043-05-01	1.00
2043-05-02	1.00
2043-05-03	1.00
2043-05-04	1.00
2043-05-05	1.00
2043-05-06	1.00
2043-05-07	1.00
2043-05-08	1.00
2043-05-09	1.00
2043-05-10	1.00
2043-05-11	1.00
2043-05-12	1.00
2043-05-13	1.00
2043-05-14	1.00
2043-05-15	1.00
2043-05-16	1.00
2043-05-17	1.00
2043-05-18	1.00
2043-05-19	1.00
2043-05-20	1.00
2043-05-21	0.96
2043-05-22	1.00
2043-05-23	1.00
2043-05-24	1.00
2043-05-25	1.00
2043-05-26	1.00
2043-05-27	1.00
2043-05-28	1.00
2043-05-29	0.96
2043-05-30	0.96
2043-05-31	0.96
2043-06-01	1.00
2043-06-02	1.00
2043-06-03	1.00
2043-06-04	1.00
2043-06-05	1.00
2043-06-06	0.96
2043-06-07	1.00
2043-06-08	1.00
2043-06-09	0.96
2043-06-10	0.95
2043-06-11	0.95
2043-06-12	0.95
2043-06-13	0.94
2043-06-14	0.94
2043-06-15	0.95
2043-06-16	0.95
2043-06-17	0.97
2043-06-18	0.96
2043-06-19	0.95
2043-06-20	0.93
2043-06-21	0.93
2043-06-22	0.94
2043-06-23	0.95
2043-06-24	0.94
2043-06-25	0.94
2043-06-26	0.94
2043-06-27	0.93
2043-06-28	0.93
2043-06-29	0.93
2043-06-30	0.91
2043-07-01	0.91
2043-07-02	0.91
2043-07-03	0.91
2043-07-04	0.92
2043-07-05	0.92
2043-07-06	0.92
2043-07-07	0.91
2043-07-08	0.95
2043-07-09	1.00
2043-07-10	0.96
2043-07-11	0.96
2043-07-12	0.95
2043-07-13	0.94
2043-07-14	0.92
2043-07-15	0.91
2043-07-16	0.91
2043-07-17	0.91
2043-07-18	0.91
2043-07-19	0.91
2043-07-20	0.90
2043-07-21	0.90
2043-07-22	0.90
2043-07-23	0.91
2043-07-24	0.92
2043-07-25	0.92
2043-07-26	0.92
2043-07-27	0.92
2043-07-28	0.91
2043-07-29	0.91
2043-07-30	0.93
2043-07-31	0.94
2043-08-01	0.94
2043-08-02	0.93
2043-08-03	0.92
2043-08-04	0.91
2043-08-05	0.91
2043-08-06	0.92
2043-08-07	0.93
2043-08-08	0.92
2043-08-09	0.92
2043-08-10	0.92
2043-08-11	0.93
2043-08-12	0.91
2043-08-13	0.92
2043-08-14	0.93
2043-08-15	0.96
2043-08-16	1.00
2043-08-17	1.00
2043-08-18	0.96
2043-08-19	0.96
2043-08-20	0.96
2043-08-21	0.95
2043-08-22	0.94
2043-08-23	0.92
2043-08-24	0.92
2043-08-25	0.93
2043-08-26	0.93
2043-08-27	0.96
2043-08-28	1.00
2043-08-29	0.95
2043-08-30	0.94
2043-08-31	0.93
2043-09-01	0.95
2043-09-02	0.93
2043-09-03	0.92
2043-09-04	0.92
2043-09-05	0.92
2043-09-06	0.93
2043-09-07	0.96
2043-09-08	1.00
2043-09-09	0.96
2043-09-10	0.96
2043-09-11	0.96
2043-09-12	0.93
2043-09-13	0.95
2043-09-14	1.00
2043-09-15	1.00
2043-09-16	1.00
2043-09-17	1.00
2043-09-18	0.96
2043-09-19	0.95
2043-09-20	1.00
2043-09-21	1.00
2043-09-22	0.94
2043-09-23	0.97
2043-09-24	0.96
2043-09-25	1.00
2043-09-26	1.00
2043-09-27	0.97
2043-09-28	1.00
2043-09-29	1.00
2043-09-30	1.00
2043-10-01	1.00
2043-10-02	1.00
2043-10-03	1.00
2043-10-04	1.00
2043-10-05	0.97
2043-10-06	0.95
2043-10-07	0.96
2043-10-08	1.00
2043-10-09	1.00
2043-10-10	1.00
2043-10-11	1.00
2043-10-12	1.00
2043-10-13	1.00
2043-10-14	1.00
2043-10-15	1.00
2043-10-16	1.00
2043-10-17	1.00
2043-10-18	1.00
2043-10-19	1.00
2043-10-20	1.00
2043-10-21	1.00
2043-10-22	0.97
2043-10-23	0.95
2043-10-24	1.00
2043-10-25	1.00
2043-10-26	1.00
2043-10-27	1.00
2043-10-28	1.00
2043-10-29	1.00
2043-10-30	1.00
2043-10-31	1.00
2043-11-01	1.00
2043-11-02	1.00
2043-11-03	1.00
2043-11-04	1.00
2043-11-05	1.00
2043-11-06	1.00
2043-11-07	1.00
2043-11-08	1.00
2043-11-09	1.00
2043-11-10	1.00
2043-11-11	1.00
2043-11-12	1.00
2043-11-13	1.00
2043-11-14	1.00
2043-11-15	1.00
2043-11-16	1.00
2043-11-17	1.00
2043-11-18	1.00
2043-11-19	1.00
2043-11-20	1.00
2043-11-21	1.00
2043-11-22	1.00
2043-11-23	1.00
2043-11-24	1.00
2043-11-25	1.00
2043-11-26	1.00
2043-11-27	1.00
2043-11-28	1.00
2043-11-29	1.00
2043-11-30	1.00
2043-12-01	1.00
2043-12-02	1.00
2043-12-03	1.00
2043-12-04	1.00
2043-12-05	1.00
2043-12-06	1.00
2043-12-07	1.00
2043-12-08	1.00
2043-12-09	1.00
2043-12-10	1.00
2043-12-11	1.00
2043-12-12	1.00
2043-12-13	1.00
2043-12-14	1.00
2043-12-15	1.00
2043-12-16	1.00
2043-12-17	1.00
2043-12-18	1.00
2043-12-19	1.00
2043-12-20	1.00
2043-12-21	1.00
2043-12-22	1.00
2043-12-23	1.00
2043-12-24	1.00
2043-12-25	1.00
2043-12-26	1.00
2043-12-27	1.00
2043-12-28	1.00
2043-12-29	1.00
2043-12-30	1.00
2043-12-31	1.00
2044-01-01	1.00
2044-01-02	1.00
2044-01-03	1.00
2044-01-04	1.00
2044-01-05	1.00
2044-01-06	1.00
2044-01-07	1.00
2044-01-08	1.00
2044-01-09	1.00
2044-01-10	1.00
2044-01-11	1.00
2044-01-12	1.00
2044-01-13	1.00
2044-01-14	1.00
2044-01-15	1.00
2044-01-16	1.00
2044-01-17	1.00
2044-01-18	1.00
2044-01-19	1.00
2044-01-20	1.00
2044-01-21	1.00
2044-01-22	1.00
2044-01-23	1.00
2044-01-24	1.00
2044-01-25	1.00
2044-01-26	1.00
2044-01-27	1.00
2044-01-28	1.00
2044-01-29	1.00
2044-01-30	1.00
2044-01-31	1.00
2044-02-01	1.00
2044-02-02	1.00
2044-02-03	1.00
2044-02-04	1.00
2044-02-05	1.00
2044-02-06	1.00
2044-02-07	1.00
2044-02-08	1.00
2044-02-09	1.00
2044-02-10	1.00
2044-02-11	1.00
2044-02-12	1.00
2044-02-13	1.00
2044-02-14	1.00
2044-02-15	1.00
2044-02-16	1.00
2044-02-17	1.00
2044-02-18	1.00
2044-02-19	1.00
2044-02-20	1.00
2044-02-21	1.00
2044-02-22	1.00
2044-02-23	1.00
2044-02-24	1.00
2044-02-25	1.00
2044-02-26	1.00
2044-02-27	1.00
2044-02-28	1.00
2044-02-29	1.00
2044-03-01	1.00
2044-03-02	1.00
2044-03-03	1.00
2044-03-04	1.00
2044-03-05	1.00
2044-03-06	1.00
2044-03-07	1.00
2044-03-08	1.00
2044-03-09	1.00
2044-03-10	1.00
2044-03-11	1.00
2044-03-12	1.00
2044-03-13	1.00
2044-03-14	1.00
2044-03-15	1.00
2044-03-16	1.00
2044-03-17	1.00
2044-03-18	1.00
2044-03-19	1.00
2044-03-20	1.00
2044-03-21	1.00
2044-03-22	1.00
2044-03-23	1.00
2044-03-24	1.00
2044-03-25	1.00
2044-03-26	1.00
2044-03-27	1.00
2044-03-28	1.00
2044-03-29	1.00
2044-03-30	1.00
2044-03-31	1.00
2044-04-01	1.00
2044-04-02	1.00
2044-04-03	1.00
2044-04-04	1.00
2044-04-05	1.00
2044-04-06	1.00
2044-04-07	1.00
2044-04-08	1.00
2044-04-09	1.00
2044-04-10	1.00
2044-04-11	1.00
2044-04-12	1.00
2044-04-13	0.97
2044-04-14	0.96
2044-04-15	0.96
2044-04-16	0.96
2044-04-17	0.96
2044-04-18	0.96
2044-04-19	1.00
2044-04-20	1.00
2044-04-21	1.00
2044-04-22	1.00
2044-04-23	1.00
2044-04-24	1.00
2044-04-25	1.00
2044-04-26	1.00
2044-04-27	1.00
2044-04-28	1.00
2044-04-29	0.96
2044-04-30	0.95
2044-05-01	0.95
2044-05-02	0.95
2044-05-03	0.95
2044-05-04	0.96
2044-05-05	1.00
2044-05-06	1.00
2044-05-07	0.96
2044-05-08	0.96
2044-05-09	1.00
2044-05-10	1.00
2044-05-11	1.00
2044-05-12	1.00
2044-05-13	1.00
2044-05-14	1.00
2044-05-15	1.00
2044-05-16	1.00
2044-05-17	0.96
2044-05-18	0.96
2044-05-19	1.00
2044-05-20	1.00
2044-05-21	1.00
2044-05-22	0.96
2044-05-23	0.95
2044-05-24	0.95
2044-05-25	1.00
2044-05-26	1.00
2044-05-27	1.00
2044-05-28	1.00
2044-05-29	1.00
2044-05-30	1.00
2044-05-31	1.00
2044-06-01	1.00
2044-06-02	0.95
2044-06-03	0.93
2044-06-04	0.97
2044-06-05	0.94
2044-06-06	0.95
2044-06-07	1.00
2044-06-08	0.94
2044-06-09	0.94
2044-06-10	0.94
2044-06-11	0.93
2044-06-12	0.92
2044-06-13	0.92
2044-06-14	0.92
2044-06-15	0.92
2044-06-16	0.92
2044-06-17	0.92
2044-06-18	0.92
2044-06-19	0.95
2044-06-20	0.96
2044-06-21	0.96
2044-06-22	0.94
2044-06-23	0.94
2044-06-24	0.94
2044-06-25	0.94
2044-06-26	0.94
2044-06-27	0.93
2044-06-28	0.92
2044-06-29	0.91
2044-06-30	0.92
2044-07-01	0.95
2044-07-02	0.94
2044-07-03	0.92
2044-07-04	0.92
2044-07-05	0.94
2044-07-06	0.95
2044-07-07	0.93
2044-07-08	0.90
2044-07-09	0.91
2044-07-10	0.92
2044-07-11	0.95
2044-07-12	0.93
2044-07-13	0.91
2044-07-14	0.91
2044-07-15	0.92
2044-07-16	0.91
2044-07-17	0.90
2044-07-18	0.90
2044-07-19	0.94
2044-07-20	0.93
2044-07-21	0.91
2044-07-22	0.93
2044-07-23	0.94
2044-07-24	0.93
2044-07-25	0.93
2044-07-26	0.92
2044-07-27	0.91
2044-07-28	0.92
2044-07-29	0.93
2044-07-30	0.93
2044-07-31	0.92
2044-08-01	0.92
2044-08-02	0.92
2044-08-03	0.92
2044-08-04	0.92
2044-08-05	0.95
2044-08-06	0.96
2044-08-07	0.92
2044-08-08	0.91
2044-08-09	0.92
2044-08-10	0.91
2044-08-11	0.92
2044-08-12	0.93
2044-08-13	0.95
2044-08-14	0.96
2044-08-15	0.96
2044-08-16	0.95
2044-08-17	0.93
2044-08-18	0.93
2044-08-19	0.91
2044-08-20	0.92
2044-08-21	0.92
2044-08-22	0.92
2044-08-23	0.94
2044-08-24	0.95
2044-08-25	0.95
2044-08-26	0.92
2044-08-27	0.92
2044-08-28	1.00
2044-08-29	1.00
2044-08-30	1.00
2044-08-31	0.97
2044-09-01	0.95
2044-09-02	0.93
2044-09-03	0.96
2044-09-04	0.95
2044-09-05	0.93
2044-09-06	0.93
2044-09-07	1.00
2044-09-08	1.00
2044-09-09	1.00
2044-09-10	1.00
2044-09-11	0.96
2044-09-12	0.96
2044-09-13	0.95
2044-09-14	0.94
2044-09-15	0.95
2044-09-16	1.00
2044-09-17	1.00
2044-09-18	0.95
2044-09-19	0.94
2044-09-20	0.95
2044-09-21	0.96
2044-09-22	0.93
2044-09-23	0.93
2044-09-24	0.92
2044-09-25	0.94
2044-09-26	0.92
2044-09-27	0.93
2044-09-28	0.92
2044-09-29	0.91
2044-09-30	0.92
2044-10-01	0.93
2044-10-02	0.93
2044-10-03	0.94
2044-10-04	0.94
2044-10-05	0.93
2044-10-06	0.94
2044-10-07	0.93
2044-10-08	0.92
2044-10-09	0.92
2044-10-10	1.00
2044-10-11	1.00
2044-10-12	1.00
2044-10-13	1.00
2044-10-14	1.00
2044-10-15	1.00
2044-10-16	1.00
2044-10-17	1.00
2044-10-18	1.00
2044-10-19	1.00
2044-10-20	1.00
2044-10-21	1.00
2044-10-22	1.00
2044-10-23	1.00
2044-10-24	1.00
2044-10-25	1.00
2044-10-26	1.00
2044-10-27	1.00
2044-10-28	1.00
2044-10-29	1.00
2044-10-30	1.00
2044-10-31	1.00
2044-11-01	1.00
2044-11-02	1.00
2044-11-03	1.00
2044-11-04	1.00
2044-11-05	1.00
2044-11-06	1.00
2044-11-07	1.00
2044-11-08	1.00
2044-11-09	0.97
2044-11-10	0.96
2044-11-11	0.95
2044-11-12	0.96
2044-11-13	1.00
2044-11-14	1.00
2044-11-15	1.00
2044-11-16	1.00
2044-11-17	1.00
2044-11-18	1.00
2044-11-19	1.00
2044-11-20	1.00
2044-11-21	1.00
2044-11-22	1.00
2044-11-23	1.00
2044-11-24	1.00
2044-11-25	1.00
2044-11-26	1.00
2044-11-27	1.00
2044-11-28	1.00
2044-11-29	1.00
2044-11-30	1.00
2044-12-01	1.00
2044-12-02	1.00
2044-12-03	1.00
2044-12-04	1.00
2044-12-05	1.00
2044-12-06	1.00
2044-12-07	1.00
2044-12-08	1.00
2044-12-09	1.00
2044-12-10	1.00
2044-12-11	1.00
2044-12-12	1.00
2044-12-13	1.00
2044-12-14	1.00
2044-12-15	1.00
2044-12-16	1.00
2044-12-17	1.00
2044-12-18	1.00
2044-12-19	1.00
2044-12-20	1.00
2044-12-21	1.00
2044-12-22	1.00
2044-12-23	1.00
2044-12-24	1.00
2044-12-25	1.00
2044-12-26	1.00
2044-12-27	1.00
2044-12-28	1.00
2044-12-29	1.00
2044-12-30	1.00
2044-12-31	1.00
2045-01-01	1.00
2045-01-02	1.00
2045-01-03	1.00
2045-01-04	1.00
2045-01-05	1.00
2045-01-06	1.00
2045-01-07	1.00
2045-01-08	1.00
2045-01-09	1.00
2045-01-10	1.00
2045-01-11	1.00
2045-01-12	1.00
2045-01-13	1.00
2045-01-14	1.00
2045-01-15	1.00
2045-01-16	1.00
2045-01-17	1.00
2045-01-18	1.00
2045-01-19	1.00
2045-01-20	1.00
2045-01-21	1.00
2045-01-22	1.00
2045-01-23	1.00
2045-01-24	1.00
2045-01-25	1.00
2045-01-26	1.00
2045-01-27	1.00
2045-01-28	1.00
2045-01-29	1.00
2045-01-30	1.00
2045-01-31	1.00
2045-02-01	1.00
2045-02-02	1.00
2045-02-03	1.00
2045-02-04	1.00
2045-02-05	1.00
2045-02-06	1.00
2045-02-07	1.00
2045-02-08	1.00
2045-02-09	1.00
2045-02-10	1.00
2045-02-11	1.00
2045-02-12	1.00
2045-02-13	1.00
2045-02-14	1.00
2045-02-15	1.00
2045-02-16	1.00
2045-02-17	1.00
2045-02-18	1.00
2045-02-19	1.00
2045-02-20	1.00
2045-02-21	1.00
2045-02-22	1.00
2045-02-23	1.00
2045-02-24	1.00
2045-02-25	1.00
2045-02-26	1.00
2045-02-27	1.00
2045-02-28	1.00
2045-03-01	1.00
2045-03-02	1.00
2045-03-03	1.00
2045-03-04	1.00
2045-03-05	1.00
2045-03-06	1.00
2045-03-07	1.00
2045-03-08	1.00
2045-03-09	1.00
2045-03-10	1.00
2045-03-11	1.00
2045-03-12	1.00
2045-03-13	1.00
2045-03-14	1.00
2045-03-15	1.00
2045-03-16	1.00
2045-03-17	1.00
2045-03-18	1.00
2045-03-19	1.00
2045-03-20	0.97
2045-03-21	0.97
2045-03-22	1.00
2045-03-23	1.00
2045-03-24	1.00
2045-03-25	1.00
2045-03-26	1.00
2045-03-27	1.00
2045-03-28	1.00
2045-03-29	1.00
2045-03-30	1.00
2045-03-31	1.00
2045-04-01	1.00
2045-04-02	1.00
2045-04-03	1.00
2045-04-04	0.96
2045-04-05	1.00
2045-04-06	1.00
2045-04-07	1.00
2045-04-08	1.00
2045-04-09	1.00
2045-04-10	1.00
2045-04-11	1.00
2045-04-12	0.96
2045-04-13	1.00
2045-04-14	1.00
2045-04-15	1.00
2045-04-16	1.00
2045-04-17	1.00
2045-04-18	1.00
2045-04-19	1.00
2045-04-20	1.00
2045-04-21	0.97
2045-04-22	0.96
2045-04-23	1.00
2045-04-24	1.00
2045-04-25	1.00
2045-04-26	1.00
2045-04-27	1.00
2045-04-28	1.00
2045-04-29	1.00
2045-04-30	0.97
2045-05-01	0.96
2045-05-02	0.96
2045-05-03	1.00
2045-05-04	1.00
2045-05-05	1.00
2045-05-06	1.00
2045-05-07	0.96
2045-05-08	1.00
2045-05-09	1.00
2045-05-10	1.00
2045-05-11	1.00
2045-05-12	1.00
2045-05-13	1.00
2045-05-14	1.00
2045-05-15	1.00
2045-05-16	1.00
2045-05-17	1.00
2045-05-18	1.00
2045-05-19	0.97
2045-05-20	1.00
2045-05-21	1.00
2045-05-22	1.00
2045-05-23	1.00
2045-05-24	1.00
2045-05-25	1.00
2045-05-26	1.00
2045-05-27	1.00
2045-05-28	1.00
2045-05-29	0.96
2045-05-30	0.95
2045-05-31	0.95
2045-06-01	0.94
2045-06-02	0.97
2045-06-03	1.00
2045-06-04	1.00
2045-06-05	1.00
2045-06-06	0.97
2045-06-07	0.94
2045-06-08	0.93
2045-06-09	0.93
2045-06-10	0.96
2045-06-11	0.96
2045-06-12	0.95
2045-06-13	1.00
2045-06-14	1.00
2045-06-15	0.97
2045-06-16	0.94
2045-06-17	0.93
2045-06-18	0.93
2045-06-19	0.94
2045-06-20	0.97
2045-06-21	0.96
2045-06-22	0.93
2045-06-23	0.92
2045-06-24	0.96
2045-06-25	0.95
2045-06-26	0.94
2045-06-27	0.92
2045-06-28	0.91
2045-06-29	0.92
2045-06-30	0.91
2045-07-01	0.91
2045-07-02	0.92
2045-07-03	0.90
2045-07-04	0.91
2045-07-05	0.95
2045-07-06	0.95
2045-07-07	0.95
2045-07-08	0.95
2045-07-09	0.93
2045-07-10	0.92
2045-07-11	0.91
2045-07-12	0.91
2045-07-13	0.92
2045-07-14	0.95
2045-07-15	0.96
2045-07-16	0.95
2045-07-17	0.95
2045-07-18	0.93
2045-07-19	0.92
2045-07-20	0.92
2045-07-21	0.92
2045-07-22	0.92
2045-07-23	0.92
2045-07-24	0.96
2045-07-25	1.00
2045-07-26	1.00
2045-07-27	0.96
2045-07-28	0.96
2045-07-29	0.95
2045-07-30	0.95
2045-07-31	0.93
2045-08-01	0.93
2045-08-02	0.93
2045-08-03	0.93
2045-08-04	0.96
2045-08-05	1.00
2045-08-06	0.96
2045-08-07	0.96
2045-08-08	0.94
2045-08-09	0.91
2045-08-10	0.91
2045-08-11	0.91
2045-08-12	0.91
2045-08-13	0.92
2045-08-14	0.92
2045-08-15	0.91
2045-08-16	0.91
2045-08-17	0.91
2045-08-18	0.91
2045-08-19	0.91
2045-08-20	0.91
2045-08-21	0.91
2045-08-22	0.90
2045-08-23	0.90
2045-08-24	0.92
2045-08-25	0.92
2045-08-26	0.90
2045-08-27	0.90
2045-08-28	0.91
2045-08-29	0.91
2045-08-30	0.91
2045-08-31	0.92
2045-09-01	0.92
2045-09-02	0.92
2045-09-03	0.92
2045-09-04	0.93
2045-09-05	0.92
2045-09-06	0.92
2045-09-07	0.91
2045-09-08	0.91
2045-09-09	0.92
2045-09-10	0.93
2045-09-11	0.92
2045-09-12	0.92
2045-09-13	0.92
2045-09-14	0.92
2045-09-15	0.95
2045-09-16	0.93
2045-09-17	0.93
2045-09-18	0.93
2045-09-19	0.92
2045-09-20	0.93
2045-09-21	0.94
2045-09-22	0.95
2045-09-23	0.94
2045-09-24	0.95
2045-09-25	0.95
2045-09-26	0.95
2045-09-27	0.95
2045-09-28	0.95
2045-09-29	0.95
2045-09-30	0.95
2045-10-01	0.95
2045-10-02	0.95
2045-10-03	1.00
2045-10-04	1.00
2045-10-05	1.00
2045-10-06	1.00
2045-10-07	1.00
2045-10-08	1.00
2045-10-09	1.00
2045-10-10	1.00
2045-10-11	1.00
2045-10-12	1.00
2045-10-13	1.00
2045-10-14	0.96
2045-10-15	0.96
2045-10-16	1.00
2045-10-17	1.00
2045-10-18	1.00
2045-10-19	1.00
2045-10-20	1.00
2045-10-21	1.00
2045-10-22	1.00
2045-10-23	1.00
2045-10-24	1.00
2045-10-25	1.00
2045-10-26	1.00
2045-10-27	1.00
2045-10-28	1.00
2045-10-29	1.00
2045-10-30	1.00
2045-10-31	1.00
2045-11-01	1.00
2045-11-02	0.96
2045-11-03	1.00
2045-11-04	1.00
2045-11-05	1.00
2045-11-06	0.95
2045-11-07	0.95
2045-11-08	1.00
2045-11-09	1.00
2045-11-10	1.00
2045-11-11	1.00
2045-11-12	1.00
2045-11-13	1.00
2045-11-14	1.00
2045-11-15	1.00
2045-11-16	1.00
2045-11-17	1.00
2045-11-18	1.00
2045-11-19	1.00
2045-11-20	1.00
2045-11-21	1.00
2045-11-22	1.00
2045-11-23	1.00
2045-11-24	1.00
2045-11-25	0.96
2045-11-26	0.96
2045-11-27	1.00
2045-11-28	1.00
2045-11-29	1.00
2045-11-30	1.00
2045-12-01	1.00
2045-12-02	1.00
2045-12-03	1.00
2045-12-04	1.00
2045-12-05	1.00
2045-12-06	1.00
2045-12-07	1.00
2045-12-08	1.00
2045-12-09	1.00
2045-12-10	1.00
2045-12-11	1.00
2045-12-12	1.00
2045-12-13	1.00
2045-12-14	1.00
2045-12-15	1.00
2045-12-16	1.00
2045-12-17	1.00
2045-12-18	1.00
2045-12-19	1.00
2045-12-20	1.00
2045-12-21	1.00
2045-12-22	1.00
2045-12-23	1.00
2045-12-24	1.00
2045-12-25	1.00
2045-12-26	1.00
2045-12-27	1.00
2045-12-28	1.00
2045-12-29	1.00
2045-12-30	1.00
2045-12-31	1.00
2046-01-01	1.00
2046-01-02	1.00
2046-01-03	1.00
2046-01-04	1.00
2046-01-05	1.00
2046-01-06	1.00
2046-01-07	1.00
2046-01-08	1.00
2046-01-09	1.00
2046-01-10	1.00
2046-01-11	1.00
2046-01-12	1.00
2046-01-13	1.00
2046-01-14	1.00
2046-01-15	1.00
2046-01-16	1.00
2046-01-17	1.00
2046-01-18	1.00
2046-01-19	1.00
2046-01-20	1.00
2046-01-21	1.00
2046-01-22	1.00
2046-01-23	1.00
2046-01-24	1.00
2046-01-25	1.00
2046-01-26	1.00
2046-01-27	1.00
2046-01-28	1.00
2046-01-29	1.00
2046-01-30	1.00
2046-01-31	1.00
2046-02-01	1.00
2046-02-02	1.00
2046-02-03	1.00
2046-02-04	1.00
2046-02-05	1.00
2046-02-06	1.00
2046-02-07	1.00
2046-02-08	1.00
2046-02-09	1.00
2046-02-10	1.00
2046-02-11	1.00
2046-02-12	1.00
2046-02-13	1.00
2046-02-14	1.00
2046-02-15	1.00
2046-02-16	1.00
2046-02-17	1.00
2046-02-18	1.00
2046-02-19	1.00
2046-02-20	1.00
2046-02-21	1.00
2046-02-22	1.00
2046-02-23	1.00
2046-02-24	1.00
2046-02-25	1.00
2046-02-26	1.00
2046-02-27	1.00
2046-02-28	1.00
2046-03-01	1.00
2046-03-02	1.00
2046-03-03	1.00
2046-03-04	1.00
2046-03-05	1.00
2046-03-06	1.00
2046-03-07	1.00
2046-03-08	1.00
2046-03-09	1.00
2046-03-10	1.00
2046-03-11	1.00
2046-03-12	1.00
2046-03-13	1.00
2046-03-14	1.00
2046-03-15	1.00
2046-03-16	1.00
2046-03-17	1.00
2046-03-18	1.00
2046-03-19	1.00
2046-03-20	1.00
2046-03-21	1.00
2046-03-22	1.00
2046-03-23	1.00
2046-03-24	1.00
2046-03-25	1.00
2046-03-26	1.00
2046-03-27	1.00
2046-03-28	1.00
2046-03-29	1.00
2046-03-30	1.00
2046-03-31	1.00
2046-04-01	1.00
2046-04-02	1.00
2046-04-03	1.00
2046-04-04	1.00
2046-04-05	1.00
2046-04-06	1.00
2046-04-07	1.00
2046-04-08	1.00
2046-04-09	1.00
2046-04-10	1.00
2046-04-11	1.00
2046-04-12	1.00
2046-04-13	1.00
2046-04-14	1.00
2046-04-15	1.00
2046-04-16	1.00
2046-04-17	1.00
2046-04-18	1.00
2046-04-19	1.00
2046-04-20	1.00
2046-04-21	1.00
2046-04-22	1.00
2046-04-23	1.00
2046-04-24	1.00
2046-04-25	1.00
2046-04-26	1.00
2046-04-27	1.00
2046-04-28	1.00
2046-04-29	1.00
2046-04-30	1.00
2046-05-01	1.00
2046-05-02	1.00
2046-05-03	1.00
2046-05-04	1.00
2046-05-05	1.00
2046-05-06	1.00
2046-05-07	0.96
2046-05-08	0.95
2046-05-09	0.95
2046-05-10	0.95
2046-05-11	0.95
2046-05-12	0.96
2046-05-13	0.96
2046-05-14	0.95
2046-05-15	0.95
2046-05-16	1.00
2046-05-17	1.00
2046-05-18	1.00
2046-05-19	1.00
2046-05-20	1.00
2046-05-21	1.00
2046-05-22	1.00
2046-05-23	0.95
2046-05-24	0.93
2046-05-25	0.93
2046-05-26	0.95
2046-05-27	0.95
2046-05-28	0.97
2046-05-29	1.00
2046-05-30	1.00
2046-05-31	1.00
2046-06-01	0.94
2046-06-02	0.94
2046-06-03	0.97
2046-06-04	1.00
2046-06-05	1.00
2046-06-06	0.97
2046-06-07	0.95
2046-06-08	0.94
2046-06-09	0.92
2046-06-10	0.92
2046-06-11	0.93
2046-06-12	0.96
2046-06-13	0.95
2046-06-14	0.94
2046-06-15	0.92
2046-06-16	0.91
2046-06-17	0.91
2046-06-18	0.93
2046-06-19	0.96
2046-06-20	0.95
2046-06-21	0.93
2046-06-22	0.92
2046-06-23	0.93
2046-06-24	0.93
2046-06-25	0.92
2046-06-26	0.91
2046-06-27	0.93
2046-06-28	0.95
2046-06-29	0.95
2046-06-30	0.96
2046-07-01	0.94
2046-07-02	0.91
2046-07-03	0.91
2046-07-04	0.94
2046-07-05	0.96
2046-07-06	0.96
2046-07-07	0.95
2046-07-08	0.91
2046-07-09	0.90
2046-07-10	0.91
2046-07-11	0.92
2046-07-12	0.93
2046-07-13	0.92
2046-07-14	0.92
2046-07-15	0.92
2046-07-16	0.92
2046-07-17	0.91
2046-07-18	0.90
2046-07-19	0.92
2046-07-20	0.91
2046-07-21	0.92
2046-07-22	0.92
2046-07-23	0.91
2046-07-24	0.92
2046-07-25	0.92
2046-07-26	0.95
2046-07-27	0.94
2046-07-28	0.93
2046-07-29	0.93
2046-07-30	0.92
2046-07-31	0.92
2046-08-01	0.91
2046-08-02	0.96
2046-08-03	1.00
2046-08-04	0.96
2046-08-05	0.96
2046-08-06	0.95
2046-08-07	0.95
2046-08-08	0.94
2046-08-09	0.94
2046-08-10	0.94
2046-08-11	0.93
2046-08-12	0.94
2046-08-13	0.95
2046-08-14	0.95
2046-08-15	0.94
2046-08-16	0.92
2046-08-17	0.92
2046-08-18	0.95
2046-08-19	0.96
2046-08-20	0.96
2046-08-21	0.93
2046-08-22	0.91
2046-08-23	0.92
2046-08-24	0.91
2046-08-25	0.92
2046-08-26	0.92
2046-08-27	0.92
2046-08-28	0.92
2046-08-29	0.92
2046-08-30	0.91
2046-08-31	0.91
2046-09-01	0.92
2046-09-02	0.92
2046-09-03	0.92
2046-09-04	0.94
2046-09-05	1.00
2046-09-06	1.00
2046-09-07	0.96
2046-09-08	0.96
2046-09-09	0.95
2046-09-10	0.94
2046-09-11	0.94
2046-09-12	0.93
2046-09-13	0.96
2046-09-14	0.96
2046-09-15	0.96
2046-09-16	0.95
2046-09-17	0.95
2046-09-18	0.95
2046-09-19	0.95
2046-09-20	0.95
2046-09-21	1.00
2046-09-22	1.00
2046-09-23	1.00
2046-09-24	0.96
2046-09-25	0.96
2046-09-26	1.00
2046-09-27	1.00
2046-09-28	1.00
2046-09-29	1.00
2046-09-30	1.00
2046-10-01	1.00
2046-10-02	1.00
2046-10-03	1.00
2046-10-04	1.00
2046-10-05	1.00
2046-10-06	1.00
2046-10-07	1.00
2046-10-08	1.00
2046-10-09	1.00
2046-10-10	1.00
2046-10-11	0.96
2046-10-12	0.96
2046-10-13	1.00
2046-10-14	0.96
2046-10-15	1.00
2046-10-16	1.00
2046-10-17	1.00
2046-10-18	1.00
2046-10-19	1.00
2046-10-20	1.00
2046-10-21	1.00
2046-10-22	1.00
2046-10-23	1.00
2046-10-24	1.00
2046-10-25	1.00
2046-10-26	1.00
2046-10-27	0.97
2046-10-28	0.97
2046-10-29	0.96
2046-10-30	0.95
2046-10-31	0.95
2046-11-01	0.96
2046-11-02	0.96
2046-11-03	0.96
2046-11-04	1.00
2046-11-05	1.00
2046-11-06	1.00
2046-11-07	1.00
2046-11-08	1.00
2046-11-09	1.00
2046-11-10	1.00
2046-11-11	1.00
2046-11-12	1.00
2046-11-13	1.00
2046-11-14	1.00
2046-11-15	1.00
2046-11-16	1.00
2046-11-17	1.00
2046-11-18	1.00
2046-11-19	1.00
2046-11-20	1.00
2046-11-21	1.00
2046-11-22	1.00
2046-11-23	1.00
2046-11-24	1.00
2046-11-25	1.00
2046-11-26	1.00
2046-11-27	1.00
2046-11-28	1.00
2046-11-29	1.00
2046-11-30	1.00
2046-12-01	1.00
2046-12-02	1.00
2046-12-03	1.00
2046-12-04	1.00
2046-12-05	1.00
2046-12-06	1.00
2046-12-07	1.00
2046-12-08	1.00
2046-12-09	1.00
2046-12-10	1.00
2046-12-11	1.00
2046-12-12	1.00
2046-12-13	1.00
2046-12-14	1.00
2046-12-15	1.00
2046-12-16	1.00
2046-12-17	1.00
2046-12-18	1.00
2046-12-19	1.00
2046-12-20	1.00
2046-12-21	1.00
2046-12-22	1.00
2046-12-23	1.00
2046-12-24	1.00
2046-12-25	1.00
2046-12-26	1.00
2046-12-27	1.00
2046-12-28	1.00
2046-12-29	1.00
2046-12-30	1.00
2046-12-31	1.00
2047-01-01	1.00
2047-01-02	1.00
2047-01-03	1.00
2047-01-04	1.00
2047-01-05	1.00
2047-01-06	1.00
2047-01-07	1.00
2047-01-08	1.00
2047-01-09	1.00
2047-01-10	1.00
2047-01-11	1.00
2047-01-12	1.00
2047-01-13	1.00
2047-01-14	1.00
2047-01-15	1.00
2047-01-16	1.00
2047-01-17	1.00
2047-01-18	1.00
2047-01-19	1.00
2047-01-20	1.00
2047-01-21	1.00
2047-01-22	1.00
2047-01-23	1.00
2047-01-24	1.00
2047-01-25	1.00
2047-01-26	1.00
2047-01-27	1.00
2047-01-28	1.00
2047-01-29	1.00
2047-01-30	1.00
2047-01-31	1.00
2047-02-01	1.00
2047-02-02	1.00
2047-02-03	1.00
2047-02-04	1.00
2047-02-05	1.00
2047-02-06	1.00
2047-02-07	1.00
2047-02-08	1.00
2047-02-09	1.00
2047-02-10	1.00
2047-02-11	1.00
2047-02-12	1.00
2047-02-13	1.00
2047-02-14	1.00
2047-02-15	1.00
2047-02-16	1.00
2047-02-17	1.00
2047-02-18	1.00
2047-02-19	1.00
2047-02-20	1.00
2047-02-21	1.00
2047-02-22	1.00
2047-02-23	1.00
2047-02-24	1.00
2047-02-25	1.00
2047-02-26	1.00
2047-02-27	1.00
2047-02-28	1.00
2047-03-01	1.00
2047-03-02	1.00
2047-03-03	1.00
2047-03-04	1.00
2047-03-05	1.00
2047-03-06	1.00
2047-03-07	1.00
2047-03-08	1.00
2047-03-09	1.00
2047-03-10	1.00
2047-03-11	1.00
2047-03-12	1.00
2047-03-13	1.00
2047-03-14	1.00
2047-03-15	1.00
2047-03-16	1.00
2047-03-17	1.00
2047-03-18	1.00
2047-03-19	1.00
2047-03-20	1.00
2047-03-21	1.00
2047-03-22	1.00
2047-03-23	1.00
2047-03-24	1.00
2047-03-25	1.00
2047-03-26	1.00
2047-03-27	1.00
2047-03-28	1.00
2047-03-29	1.00
2047-03-30	1.00
2047-03-31	1.00
2047-04-01	1.00
2047-04-02	1.00
2047-04-03	1.00
2047-04-04	1.00
2047-04-05	0.96
2047-04-06	0.96
2047-04-07	0.96
2047-04-08	1.00
2047-04-09	1.00
2047-04-10	0.96
2047-04-11	1.00
2047-04-12	1.00
2047-04-13	1.00
2047-04-14	1.00
2047-04-15	0.96
2047-04-16	0.96
2047-04-17	1.00
2047-04-18	1.00
2047-04-19	1.00
2047-04-20	1.00
2047-04-21	1.00
2047-04-22	1.00
2047-04-23	1.00
2047-04-24	0.96
2047-04-25	0.95
2047-04-26	0.95
2047-04-27	0.95
2047-04-28	0.95
2047-04-29	0.95
2047-04-30	0.94
2047-05-01	0.93
2047-05-02	0.95
2047-05-03	0.95
2047-05-04	0.95
2047-05-05	0.95
2047-05-06	0.95
2047-05-07	0.96
2047-05-08	1.00
2047-05-09	1.00
2047-05-10	0.97
2047-05-11	0.96
2047-05-12	0.97
2047-05-13	1.00
2047-05-14	1.00
2047-05-15	1.00
2047-05-16	1.00
2047-05-17	1.00
2047-05-18	1.00
2047-05-19	1.00
2047-05-20	1.00
2047-05-21	0.96
2047-05-22	0.94
2047-05-23	0.95
2047-05-24	1.00
2047-05-25	1.00
2047-05-26	1.00
2047-05-27	1.00
2047-05-28	1.00
2047-05-29	1.00
2047-05-30	1.00
2047-05-31	1.00
2047-06-01	0.95
2047-06-02	0.95
2047-06-03	0.93
2047-06-04	0.97
2047-06-05	1.00
2047-06-06	0.96
2047-06-07	0.95
2047-06-08	0.95
2047-06-09	0.94
2047-06-10	0.94
2047-06-11	0.93
2047-06-12	0.93
2047-06-13	0.94
2047-06-14	0.93
2047-06-15	0.94
2047-06-16	1.00
2047-06-17	0.97
2047-06-18	0.94
2047-06-19	0.92
2047-06-20	0.92
2047-06-21	0.92
2047-06-22	0.92
2047-06-23	0.92
2047-06-24	0.92
2047-06-25	0.91
2047-06-26	0.91
2047-06-27	0.91
2047-06-28	0.94
2047-06-29	0.92
2047-06-30	0.91
2047-07-01	0.91
2047-07-02	0.91
2047-07-03	0.91
2047-07-04	0.90
2047-07-05	0.93
2047-07-06	0.93
2047-07-07	0.95
2047-07-08	0.96
2047-07-09	0.96
2047-07-10	0.96
2047-07-11	0.94
2047-07-12	0.92
2047-07-13	0.92
2047-07-14	0.91
2047-07-15	0.92
2047-07-16	0.94
2047-07-17	0.94
2047-07-18	0.91
2047-07-19	0.91
2047-07-20	0.92
2047-07-21	0.93
2047-07-22	0.91
2047-07-23	0.91
2047-07-24	0.91
2047-07-25	0.91
2047-07-26	0.91
2047-07-27	0.92
2047-07-28	0.91
2047-07-29	0.92
2047-07-30	0.91
2047-07-31	0.91
2047-08-01	0.91
2047-08-02	0.91
2047-08-03	0.91
2047-08-04	0.92
2047-08-05	0.93
2047-08-06	0.96
2047-08-07	0.96
2047-08-08	0.95
2047-08-09	0.95
2047-08-10	0.94
2047-08-11	0.93
2047-08-12	0.92
2047-08-13	0.93
2047-08-14	0.96
2047-08-15	0.96
2047-08-16	0.95
2047-08-17	0.95
2047-08-18	0.94
2047-08-19	0.93
2047-08-20	0.94
2047-08-21	0.94
2047-08-22	0.92
2047-08-23	0.92
2047-08-24	0.92
2047-08-25	0.93
2047-08-26	0.92
2047-08-27	0.91
2047-08-28	0.95
2047-08-29	0.95
2047-08-30	0.95
2047-08-31	0.95
2047-09-01	0.94
2047-09-02	0.93
2047-09-03	0.96
2047-09-04	0.96
2047-09-05	0.96
2047-09-06	0.96
2047-09-07	0.96
2047-09-08	0.95
2047-09-09	0.95
2047-09-10	0.95
2047-09-11	0.95
2047-09-12	0.95
2047-09-13	0.95
2047-09-14	0.95
2047-09-15	0.96
2047-09-16	0.93
2047-09-17	0.96
2047-09-18	0.96
2047-09-19	0.96
2047-09-20	1.00
2047-09-21	1.00
2047-09-22	0.96
2047-09-23	0.92
2047-09-24	0.92
2047-09-25	0.92
2047-09-26	1.00
2047-09-27	1.00
2047-09-28	1.00
2047-09-29	1.00
2047-09-30	1.00
2047-10-01	1.00
2047-10-02	1.00
2047-10-03	1.00
2047-10-04	1.00
2047-10-05	0.96
2047-10-06	0.96
2047-10-07	1.00
2047-10-08	1.00
2047-10-09	1.00
2047-10-10	1.00
2047-10-11	1.00
2047-10-12	1.00
2047-10-13	1.00
2047-10-14	1.00
2047-10-15	1.00
2047-10-16	1.00
2047-10-17	1.00
2047-10-18	1.00
2047-10-19	1.00
2047-10-20	1.00
2047-10-21	1.00
2047-10-22	1.00
2047-10-23	1.00
2047-10-24	1.00
2047-10-25	1.00
2047-10-26	1.00
2047-10-27	1.00
2047-10-28	1.00
2047-10-29	1.00
2047-10-30	1.00
2047-10-31	1.00
2047-11-01	0.96
2047-11-02	1.00
2047-11-03	1.00
2047-11-04	1.00
2047-11-05	1.00
2047-11-06	1.00
2047-11-07	0.95
2047-11-08	1.00
2047-11-09	1.00
2047-11-10	1.00
2047-11-11	1.00
2047-11-12	1.00
2047-11-13	0.97
2047-11-14	1.00
2047-11-15	1.00
2047-11-16	1.00
2047-11-17	1.00
2047-11-18	1.00
2047-11-19	1.00
2047-11-20	1.00
2047-11-21	1.00
2047-11-22	1.00
2047-11-23	1.00
2047-11-24	1.00
2047-11-25	1.00
2047-11-26	1.00
2047-11-27	1.00
2047-11-28	1.00
2047-11-29	1.00
2047-11-30	1.00
2047-12-01	1.00
2047-12-02	1.00
2047-12-03	1.00
2047-12-04	1.00
2047-12-05	1.00
2047-12-06	1.00
2047-12-07	1.00
2047-12-08	1.00
2047-12-09	0.95
2047-12-10	1.00
2047-12-11	1.00
2047-12-12	1.00
2047-12-13	1.00
2047-12-14	1.00
2047-12-15	1.00
2047-12-16	1.00
2047-12-17	1.00
2047-12-18	1.00
2047-12-19	1.00
2047-12-20	1.00
2047-12-21	1.00
2047-12-22	1.00
2047-12-23	1.00
2047-12-24	1.00
2047-12-25	1.00
2047-12-26	1.00
2047-12-27	1.00
2047-12-28	1.00
2047-12-29	1.00
2047-12-30	1.00
2047-12-31	1.00
2048-01-01	1.00
2048-01-02	1.00
2048-01-03	1.00
2048-01-04	1.00
2048-01-05	1.00
2048-01-06	1.00
2048-01-07	1.00
2048-01-08	1.00
2048-01-09	1.00
2048-01-10	1.00
2048-01-11	1.00
2048-01-12	1.00
2048-01-13	1.00
2048-01-14	1.00
2048-01-15	1.00
2048-01-16	1.00
2048-01-17	1.00
2048-01-18	1.00
2048-01-19	1.00
2048-01-20	1.00
2048-01-21	1.00
2048-01-22	1.00
2048-01-23	1.00
2048-01-24	1.00
2048-01-25	1.00
2048-01-26	1.00
2048-01-27	1.00
2048-01-28	1.00
2048-01-29	1.00
2048-01-30	1.00
2048-01-31	1.00
2048-02-01	1.00
2048-02-02	1.00
2048-02-03	1.00
2048-02-04	1.00
2048-02-05	1.00
2048-02-06	1.00
2048-02-07	1.00
2048-02-08	1.00
2048-02-09	1.00
2048-02-10	1.00
2048-02-11	1.00
2048-02-12	1.00
2048-02-13	1.00
2048-02-14	1.00
2048-02-15	1.00
2048-02-16	1.00
2048-02-17	1.00
2048-02-18	1.00
2048-02-19	1.00
2048-02-20	1.00
2048-02-21	1.00
2048-02-22	1.00
2048-02-23	1.00
2048-02-24	1.00
2048-02-25	1.00
2048-02-26	1.00
2048-02-27	1.00
2048-02-28	1.00
2048-02-29	1.00
2048-03-01	1.00
2048-03-02	1.00
2048-03-03	1.00
2048-03-04	1.00
2048-03-05	1.00
2048-03-06	1.00
2048-03-07	1.00
2048-03-08	1.00
2048-03-09	1.00
2048-03-10	1.00
2048-03-11	1.00
2048-03-12	1.00
2048-03-13	1.00
2048-03-14	1.00
2048-03-15	1.00
2048-03-16	1.00
2048-03-17	1.00
2048-03-18	1.00
2048-03-19	1.00
2048-03-20	1.00
2048-03-21	1.00
2048-03-22	1.00
2048-03-23	1.00
2048-03-24	1.00
2048-03-25	1.00
2048-03-26	1.00
2048-03-27	1.00
2048-03-28	1.00
2048-03-29	1.00
2048-03-30	1.00
2048-03-31	1.00
2048-04-01	1.00
2048-04-02	1.00
2048-04-03	1.00
2048-04-04	1.00
2048-04-05	1.00
2048-04-06	1.00
2048-04-07	1.00
2048-04-08	1.00
2048-04-09	0.95
2048-04-10	0.95
2048-04-11	0.96
2048-04-12	0.96
2048-04-13	0.96
2048-04-14	0.96
2048-04-15	1.00
2048-04-16	1.00
2048-04-17	1.00
2048-04-18	1.00
2048-04-19	1.00
2048-04-20	1.00
2048-04-21	1.00
2048-04-22	1.00
2048-04-23	1.00
2048-04-24	0.97
2048-04-25	1.00
2048-04-26	1.00
2048-04-27	1.00
2048-04-28	1.00
2048-04-29	1.00
2048-04-30	1.00
2048-05-01	1.00
2048-05-02	1.00
2048-05-03	1.00
2048-05-04	0.96
2048-05-05	0.96
2048-05-06	1.00
2048-05-07	1.00
2048-05-08	1.00
2048-05-09	0.97
2048-05-10	1.00
2048-05-11	1.00
2048-05-12	0.96
2048-05-13	0.96
2048-05-14	0.95
2048-05-15	0.95
2048-05-16	0.96
2048-05-17	1.00
2048-05-18	1.00
2048-05-19	1.00
2048-05-20	1.00
2048-05-21	0.97
2048-05-22	0.95
2048-05-23	0.95
2048-05-24	1.00
2048-05-25	1.00
2048-05-26	1.00
2048-05-27	0.96
2048-05-28	0.94
2048-05-29	0.96
2048-05-30	0.96
2048-05-31	1.00
2048-06-01	1.00
2048-06-02	0.96
2048-06-03	0.96
2048-06-04	0.95
2048-06-05	0.94
2048-06-06	0.93
2048-06-07	0.93
2048-06-08	0.93
2048-06-09	0.92
2048-06-10	0.93
2048-06-11	0.91
2048-06-12	0.92
2048-06-13	0.97
2048-06-14	1.00
2048-06-15	0.96
2048-06-16	0.93
2048-06-17	0.96
2048-06-18	0.96
2048-06-19	0.96
2048-06-20	0.95
2048-06-21	0.95
2048-06-22	0.95
2048-06-23	0.93
2048-06-24	0.95
2048-06-25	0.96
2048-06-26	0.96
2048-06-27	0.96
2048-06-28	0.96
2048-06-29	0.96
2048-06-30	0.96
2048-07-01	0.96
2048-07-02	1.00
2048-07-03	0.96
2048-07-04	0.95
2048-07-05	0.91
2048-07-06	0.92
2048-07-07	0.96
2048-07-08	0.95
2048-07-09	0.91
2048-07-10	0.91
2048-07-11	0.92
2048-07-12	0.95
2048-07-13	0.95
2048-07-14	0.94
2048-07-15	0.92
2048-07-16	0.96
2048-07-17	0.93
2048-07-18	0.91
2048-07-19	0.93
2048-07-20	0.93
2048-07-21	0.92
2048-07-22	0.92
2048-07-23	0.91
2048-07-24	0.91
2048-07-25	0.91
2048-07-26	0.91
2048-07-27	0.91
2048-07-28	0.91
2048-07-29	0.91
2048-07-30	0.91
2048-07-31	0.91
2048-08-01	0.91
2048-08-02	0.91
2048-08-03	0.91
2048-08-04	0.91
2048-08-05	0.95
2048-08-06	0.95
2048-08-07	0.91
2048-08-08	0.92
2048-08-09	0.93
2048-08-10	0.93
2048-08-11	0.92
2048-08-12	0.93
2048-08-13	0.92
2048-08-14	1.00
2048-08-15	1.00
2048-08-16	0.97
2048-08-17	0.95
2048-08-18	0.94
2048-08-19	0.91
2048-08-20	0.91
2048-08-21	0.92
2048-08-22	0.92
2048-08-23	0.92
2048-08-24	0.92
2048-08-25	0.91
2048-08-26	0.92
2048-08-27	0.95
2048-08-28	0.96
2048-08-29	0.96
2048-08-30	0.96
2048-08-31	0.95
2048-09-01	0.95
2048-09-02	0.94
2048-09-03	0.95
2048-09-04	0.94
2048-09-05	0.95
2048-09-06	0.92
2048-09-07	0.93
2048-09-08	0.96
2048-09-09	0.96
2048-09-10	0.97
2048-09-11	0.95
2048-09-12	0.94
2048-09-13	0.97
2048-09-14	0.96
2048-09-15	0.96
2048-09-16	1.00
2048-09-17	1.00
2048-09-18	0.92
2048-09-19	0.93
2048-09-20	1.00
2048-09-21	1.00
2048-09-22	0.96
2048-09-23	0.93
2048-09-24	0.91
2048-09-25	0.92
2048-09-26	0.94
2048-09-27	1.00
2048-09-28	1.00
2048-09-29	1.00
2048-09-30	1.00
2048-10-01	0.97
2048-10-02	1.00
2048-10-03	1.00
2048-10-04	1.00
2048-10-05	1.00
2048-10-06	0.95
2048-10-07	0.94
2048-10-08	0.94
2048-10-09	0.94
2048-10-10	0.93
2048-10-11	0.95
2048-10-12	1.00
2048-10-13	1.00
2048-10-14	1.00
2048-10-15	1.00
2048-10-16	0.97
2048-10-17	0.96
2048-10-18	0.94
2048-10-19	0.94
2048-10-20	0.96
2048-10-21	0.96
2048-10-22	0.95
2048-10-23	0.96
2048-10-24	0.96
2048-10-25	0.95
2048-10-26	0.95
2048-10-27	0.95
2048-10-28	0.95
2048-10-29	0.94
2048-10-30	0.94
2048-10-31	0.93
2048-11-01	1.00
2048-11-02	1.00
2048-11-03	1.00
2048-11-04	1.00
2048-11-05	1.00
2048-11-06	1.00
2048-11-07	1.00
2048-11-08	1.00
2048-11-09	1.00
2048-11-10	1.00
2048-11-11	0.96
2048-11-12	0.93
2048-11-13	1.00
2048-11-14	1.00
2048-11-15	1.00
2048-11-16	1.00
2048-11-17	1.00
2048-11-18	1.00
2048-11-19	1.00
2048-11-20	1.00
2048-11-21	1.00
2048-11-22	0.97
2048-11-23	1.00
2048-11-24	1.00
2048-11-25	1.00
2048-11-26	1.00
2048-11-27	1.00
2048-11-28	1.00
2048-11-29	0.95
2048-11-30	0.97
2048-12-01	1.00
2048-12-02	1.00
2048-12-03	1.00
2048-12-04	1.00
2048-12-05	1.00
2048-12-06	1.00
2048-12-07	1.00
2048-12-08	1.00
2048-12-09	1.00
2048-12-10	0.96
2048-12-11	1.00
2048-12-12	0.96
2048-12-13	1.00
2048-12-14	1.00
2048-12-15	1.00
2048-12-16	1.00
2048-12-17	1.00
2048-12-18	1.00
2048-12-19	0.96
2048-12-20	1.00
2048-12-21	1.00
2048-12-22	1.00
2048-12-23	1.00
2048-12-24	1.00
2048-12-25	1.00
2048-12-26	1.00
2048-12-27	1.00
2048-12-28	1.00
2048-12-29	1.00
2048-12-30	1.00
2048-12-31	1.00
2049-01-01	1.00
2049-01-02	1.00
2049-01-03	1.00
2049-01-04	1.00
2049-01-05	1.00
2049-01-06	1.00
2049-01-07	1.00
2049-01-08	1.00
2049-01-09	1.00
2049-01-10	1.00
2049-01-11	1.00
2049-01-12	1.00
2049-01-13	1.00
2049-01-14	1.00
2049-01-15	1.00
2049-01-16	1.00
2049-01-17	1.00
2049-01-18	1.00
2049-01-19	1.00
2049-01-20	1.00
2049-01-21	1.00
2049-01-22	1.00
2049-01-23	1.00
2049-01-24	1.00
2049-01-25	1.00
2049-01-26	1.00
2049-01-27	1.00
2049-01-28	1.00
2049-01-29	1.00
2049-01-30	1.00
2049-01-31	1.00
2049-02-01	1.00
2049-02-02	1.00
2049-02-03	1.00
2049-02-04	1.00
2049-02-05	1.00
2049-02-06	1.00
2049-02-07	1.00
2049-02-08	1.00
2049-02-09	1.00
2049-02-10	1.00
2049-02-11	1.00
2049-02-12	1.00
2049-02-13	1.00
2049-02-14	1.00
2049-02-15	1.00
2049-02-16	1.00
2049-02-17	1.00
2049-02-18	1.00
2049-02-19	1.00
2049-02-20	1.00
2049-02-21	1.00
2049-02-22	1.00
2049-02-23	1.00
2049-02-24	1.00
2049-02-25	1.00
2049-02-26	1.00
2049-02-27	1.00
2049-02-28	1.00
2049-03-01	1.00
2049-03-02	1.00
2049-03-03	1.00
2049-03-04	1.00
2049-03-05	1.00
2049-03-06	1.00
2049-03-07	1.00
2049-03-08	1.00
2049-03-09	1.00
2049-03-10	1.00
2049-03-11	1.00
2049-03-12	1.00
2049-03-13	1.00
2049-03-14	1.00
2049-03-15	1.00
2049-03-16	1.00
2049-03-17	1.00
2049-03-18	1.00
2049-03-19	1.00
2049-03-20	1.00
2049-03-21	1.00
2049-03-22	1.00
2049-03-23	1.00
2049-03-24	1.00
2049-03-25	1.00
2049-03-26	1.00
2049-03-27	1.00
2049-03-28	1.00
2049-03-29	1.00
2049-03-30	1.00
2049-03-31	1.00
2049-04-01	1.00
2049-04-02	1.00
2049-04-03	1.00
2049-04-04	1.00
2049-04-05	1.00
2049-04-06	1.00
2049-04-07	1.00
2049-04-08	1.00
2049-04-09	1.00
2049-04-10	1.00
2049-04-11	1.00
2049-04-12	1.00
2049-04-13	1.00
2049-04-14	1.00
2049-04-15	1.00
2049-04-16	1.00
2049-04-17	1.00
2049-04-18	1.00
2049-04-19	1.00
2049-04-20	0.97
2049-04-21	0.96
2049-04-22	0.96
2049-04-23	1.00
2049-04-24	1.00
2049-04-25	1.00
2049-04-26	0.96
2049-04-27	0.95
2049-04-28	1.00
2049-04-29	1.00
2049-04-30	1.00
2049-05-01	1.00
2049-05-02	1.00
2049-05-03	0.96
2049-05-04	0.96
2049-05-05	0.96
2049-05-06	0.96
2049-05-07	1.00
2049-05-08	1.00
2049-05-09	1.00
2049-05-10	1.00
2049-05-11	1.00
2049-05-12	0.96
2049-05-13	0.96
2049-05-14	0.95
2049-05-15	0.96
2049-05-16	0.95
2049-05-17	0.97
2049-05-18	1.00
2049-05-19	1.00
2049-05-20	0.96
2049-05-21	0.95
2049-05-22	0.95
2049-05-23	1.00
2049-05-24	1.00
2049-05-25	1.00
2049-05-26	0.96
2049-05-27	0.95
2049-05-28	0.95
2049-05-29	0.94
2049-05-30	0.93
2049-05-31	0.92
2049-06-01	0.93
2049-06-02	0.93
2049-06-03	0.93
2049-06-04	0.92
2049-06-05	0.92
2049-06-06	0.93
2049-06-07	1.00
2049-06-08	1.00
2049-06-09	0.94
2049-06-10	0.92
2049-06-11	0.94
2049-06-12	0.95
2049-06-13	1.00
2049-06-14	1.00
2049-06-15	1.00
2049-06-16	0.96
2049-06-17	0.96
2049-06-18	0.95
2049-06-19	0.94
2049-06-20	0.93
2049-06-21	0.92
2049-06-22	0.92
2049-06-23	0.92
2049-06-24	0.92
2049-06-25	0.92
2049-06-26	0.91
2049-06-27	0.89
2049-06-28	0.95
2049-06-29	0.97
2049-06-30	0.96
2049-07-01	0.96
2049-07-02	0.95
2049-07-03	0.92
2049-07-04	0.93
2049-07-05	0.94
2049-07-06	0.95
2049-07-07	0.95
2049-07-08	0.95
2049-07-09	0.95
2049-07-10	0.93
2049-07-11	0.92
2049-07-12	0.92
2049-07-13	0.92
2049-07-14	0.92
2049-07-15	0.91
2049-07-16	0.92
2049-07-17	0.95
2049-07-18	0.95
2049-07-19	0.93
2049-07-20	0.92
2049-07-21	0.92
2049-07-22	0.93
2049-07-23	0.96
2049-07-24	0.96
2049-07-25	0.95
2049-07-26	0.94
2049-07-27	0.93
2049-07-28	0.93
2049-07-29	0.93
2049-07-30	0.92
2049-07-31	0.92
2049-08-01	0.92
2049-08-02	0.93
2049-08-03	0.93
2049-08-04	0.93
2049-08-05	0.93
2049-08-06	0.92
2049-08-07	0.92
2049-08-08	0.92
2049-08-09	0.91
2049-08-10	0.91
2049-08-11	0.91
2049-08-12	0.91
2049-08-13	0.91
2049-08-14	0.92
2049-08-15	0.92
2049-08-16	0.93
2049-08-17	0.93
2049-08-18	0.92
2049-08-19	0.92
2049-08-20	0.92
2049-08-21	0.93
2049-08-22	0.91
2049-08-23	0.92
2049-08-24	0.93
2049-08-25	0.92
2049-08-26	0.92
2049-08-27	0.91
2049-08-28	0.91
2049-08-29	0.92
2049-08-30	0.93
2049-08-31	0.95
2049-09-01	0.96
2049-09-02	0.95
2049-09-03	0.93
2049-09-04	0.92
2049-09-05	0.92
2049-09-06	0.92
2049-09-07	0.94
2049-09-08	0.94
2049-09-09	0.91
2049-09-10	0.92
2049-09-11	0.97
2049-09-12	1.00
2049-09-13	0.97
2049-09-14	0.96
2049-09-15	0.95
2049-09-16	0.93
2049-09-17	0.93
2049-09-18	0.95
2049-09-19	1.00
2049-09-20	1.00
2049-09-21	0.97
2049-09-22	0.95
2049-09-23	0.94
2049-09-24	0.93
2049-09-25	0.95
2049-09-26	0.96
2049-09-27	0.95
2049-09-28	0.94
2049-09-29	0.93
2049-09-30	0.93
2049-10-01	0.92
2049-10-02	0.96
2049-10-03	1.00
2049-10-04	1.00
2049-10-05	1.00
2049-10-06	1.00
2049-10-07	1.00
2049-10-08	1.00
2049-10-09	1.00
2049-10-10	1.00
2049-10-11	1.00
2049-10-12	1.00
2049-10-13	1.00
2049-10-14	1.00
2049-10-15	1.00
2049-10-16	1.00
2049-10-17	1.00
2049-10-18	1.00
2049-10-19	1.00
2049-10-20	1.00
2049-10-21	1.00
2049-10-22	1.00
2049-10-23	1.00
2049-10-24	1.00
2049-10-25	1.00
2049-10-26	1.00
2049-10-27	0.96
2049-10-28	0.94
2049-10-29	0.96
2049-10-30	1.00
2049-10-31	1.00
2049-11-01	1.00
2049-11-02	1.00
2049-11-03	1.00
2049-11-04	0.96
2049-11-05	1.00
2049-11-06	1.00
2049-11-07	1.00
2049-11-08	1.00
2049-11-09	1.00
2049-11-10	1.00
2049-11-11	1.00
2049-11-12	1.00
2049-11-13	1.00
2049-11-14	1.00
2049-11-15	1.00
2049-11-16	1.00
2049-11-17	1.00
2049-11-18	1.00
2049-11-19	1.00
2049-11-20	1.00
2049-11-21	1.00
2049-11-22	1.00
2049-11-23	1.00
2049-11-24	1.00
2049-11-25	1.00
2049-11-26	1.00
2049-11-27	1.00
2049-11-28	1.00
2049-11-29	0.96
2049-11-30	0.96
2049-12-01	1.00
2049-12-02	1.00
2049-12-03	1.00
2049-12-04	1.00
2049-12-05	1.00
2049-12-06	1.00
2049-12-07	1.00
2049-12-08	1.00
2049-12-09	1.00
2049-12-10	1.00
2049-12-11	1.00
2049-12-12	1.00
2049-12-13	1.00
2049-12-14	1.00
2049-12-15	1.00
2049-12-16	1.00
2049-12-17	1.00
2049-12-18	1.00
2049-12-19	1.00
2049-12-20	1.00
2049-12-21	1.00
2049-12-22	1.00
2049-12-23	1.00
2049-12-24	1.00
2049-12-25	1.00
2049-12-26	1.00
2049-12-27	1.00
2049-12-28	1.00
2049-12-29	1.00
2049-12-30	1.00
2049-12-31	1.00
2050-01-01	1.00
2050-01-02	1.00
2050-01-03	1.00
2050-01-04	1.00
2050-01-05	1.00
2050-01-06	1.00
2050-01-07	1.00
2050-01-08	1.00
2050-01-09	1.00
2050-01-10	1.00
2050-01-11	1.00
2050-01-12	1.00
2050-01-13	1.00
2050-01-14	1.00
2050-01-15	1.00
2050-01-16	1.00
2050-01-17	1.00
2050-01-18	1.00
2050-01-19	1.00
2050-01-20	1.00
2050-01-21	1.00
2050-01-22	1.00
2050-01-23	1.00
2050-01-24	1.00
2050-01-25	1.00
2050-01-26	1.00
2050-01-27	1.00
2050-01-28	1.00
2050-01-29	1.00
2050-01-30	1.00
2050-01-31	1.00
2050-02-01	1.00
2050-02-02	1.00
2050-02-03	1.00
2050-02-04	1.00
2050-02-05	1.00
2050-02-06	1.00
2050-02-07	1.00
2050-02-08	1.00
2050-02-09	1.00
2050-02-10	1.00
2050-02-11	1.00
2050-02-12	1.00
2050-02-13	0.96
2050-02-14	1.00
2050-02-15	1.00
2050-02-16	1.00
2050-02-17	1.00
2050-02-18	1.00
2050-02-19	1.00
2050-02-20	1.00
2050-02-21	1.00
2050-02-22	1.00
2050-02-23	1.00
2050-02-24	1.00
2050-02-25	1.00
2050-02-26	1.00
2050-02-27	1.00
2050-02-28	1.00
2050-03-01	1.00
2050-03-02	1.00
2050-03-03	1.00
2050-03-04	1.00
2050-03-05	1.00
2050-03-06	1.00
2050-03-07	1.00
2050-03-08	1.00
2050-03-09	1.00
2050-03-10	1.00
2050-03-11	1.00
2050-03-12	1.00
2050-03-13	1.00
2050-03-14	1.00
2050-03-15	1.00
2050-03-16	1.00
2050-03-17	1.00
2050-03-18	1.00
2050-03-19	1.00
2050-03-20	1.00
2050-03-21	1.00
2050-03-22	1.00
2050-03-23	1.00
2050-03-24	1.00
2050-03-25	1.00
2050-03-26	1.00
2050-03-27	1.00
2050-03-28	1.00
2050-03-29	1.00
2050-03-30	1.00
2050-03-31	1.00
2050-04-01	1.00
2050-04-02	0.95
2050-04-03	0.96
2050-04-04	1.00
2050-04-05	1.00
2050-04-06	1.00
2050-04-07	1.00
2050-04-08	1.00
2050-04-09	1.00
2050-04-10	1.00
2050-04-11	1.00
2050-04-12	1.00
2050-04-13	1.00
2050-04-14	1.00
2050-04-15	1.00
2050-04-16	1.00
2050-04-17	1.00
2050-04-18	1.00
2050-04-19	1.00
2050-04-20	0.97
2050-04-21	1.00
2050-04-22	1.00
2050-04-23	1.00
2050-04-24	0.96
2050-04-25	0.96
2050-04-26	1.00
2050-04-27	1.00
2050-04-28	1.00
2050-04-29	0.95
2050-04-30	0.95
2050-05-01	0.96
2050-05-02	1.00
2050-05-03	0.95
2050-05-04	0.94
2050-05-05	0.95
2050-05-06	1.00
2050-05-07	1.00
2050-05-08	0.96
2050-05-09	0.96
2050-05-10	1.00
2050-05-11	1.00
2050-05-12	0.96
2050-05-13	1.00
2050-05-14	1.00
2050-05-15	1.00
2050-05-16	1.00
2050-05-17	1.00
2050-05-18	1.00
2050-05-19	0.96
2050-05-20	0.94
2050-05-21	1.00
2050-05-22	0.95
2050-05-23	0.92
2050-05-24	0.93
2050-05-25	0.94
2050-05-26	0.96
2050-05-27	1.00
2050-05-28	1.00
2050-05-29	1.00
2050-05-30	1.00
2050-05-31	1.00
2050-06-01	0.96
2050-06-02	0.96
2050-06-03	1.00
2050-06-04	0.97
2050-06-05	0.95
2050-06-06	0.94
2050-06-07	0.94
2050-06-08	0.94
2050-06-09	0.92
2050-06-10	0.92
2050-06-11	0.95
2050-06-12	0.95
2050-06-13	0.95
2050-06-14	0.97
2050-06-15	0.96
2050-06-16	0.95
2050-06-17	0.93
2050-06-18	0.92
2050-06-19	0.92
2050-06-20	0.91
2050-06-21	0.90
2050-06-22	0.90
2050-06-23	0.91
2050-06-24	0.92
2050-06-25	0.94
2050-06-26	0.94
2050-06-27	0.93
2050-06-28	0.91
2050-06-29	0.93
2050-06-30	0.95
2050-07-01	0.96
2050-07-02	0.96
2050-07-03	0.95
2050-07-04	0.95
2050-07-05	0.95
2050-07-06	0.93
2050-07-07	0.93
2050-07-08	0.94
2050-07-09	0.94
2050-07-10	0.92
2050-07-11	0.93
2050-07-12	0.92
2050-07-13	0.91
2050-07-14	0.91
2050-07-15	0.91
2050-07-16	0.96
2050-07-17	0.96
2050-07-18	0.95
2050-07-19	0.94
2050-07-20	0.93
2050-07-21	0.92
2050-07-22	0.91
2050-07-23	0.92
2050-07-24	0.92
2050-07-25	0.92
2050-07-26	0.92
2050-07-27	0.92
2050-07-28	0.91
2050-07-29	0.91
2050-07-30	0.92
2050-07-31	0.93
2050-08-01	0.92
2050-08-02	0.91
2050-08-03	0.92
2050-08-04	0.94
2050-08-05	0.92
2050-08-06	0.92
2050-08-07	0.92
2050-08-08	0.93
2050-08-09	0.92
2050-08-10	0.91
2050-08-11	0.91
2050-08-12	0.91
2050-08-13	0.91
2050-08-14	0.91
2050-08-15	0.91
2050-08-16	0.92
2050-08-17	0.92
2050-08-18	0.93
2050-08-19	0.94
2050-08-20	0.94
2050-08-21	0.93
2050-08-22	0.93
2050-08-23	0.93
2050-08-24	0.96
2050-08-25	1.00
2050-08-26	1.00
2050-08-27	1.00
2050-08-28	0.96
2050-08-29	0.96
2050-08-30	0.95
2050-08-31	0.95
2050-09-01	0.95
2050-09-02	0.94
2050-09-03	0.95
2050-09-04	0.95
2050-09-05	0.94
2050-09-06	1.00
2050-09-07	1.00
2050-09-08	0.96
2050-09-09	0.96
2050-09-10	0.95
2050-09-11	0.93
2050-09-12	0.93
2050-09-13	0.94
2050-09-14	0.93
2050-09-15	1.00
2050-09-16	1.00
2050-09-17	1.00
2050-09-18	1.00
2050-09-19	1.00
2050-09-20	0.96
2050-09-21	0.96
2050-09-22	0.96
2050-09-23	0.96
2050-09-24	1.00
2050-09-25	1.00
2050-09-26	1.00
2050-09-27	1.00
2050-09-28	1.00
2050-09-29	0.96
2050-09-30	1.00
2050-10-01	1.00
2050-10-02	1.00
2050-10-03	1.00
2050-10-04	1.00
2050-10-05	1.00
2050-10-06	1.00
2050-10-07	1.00
2050-10-08	1.00
2050-10-09	1.00
2050-10-10	1.00
2050-10-11	1.00
2050-10-12	1.00
2050-10-13	0.96
2050-10-14	1.00
2050-10-15	1.00
2050-10-16	1.00
2050-10-17	1.00
2050-10-18	1.00
2050-10-19	1.00
2050-10-20	1.00
2050-10-21	1.00
2050-10-22	1.00
2050-10-23	1.00
2050-10-24	1.00
2050-10-25	1.00
2050-10-26	1.00
2050-10-27	1.00
2050-10-28	1.00
2050-10-29	1.00
2050-10-30	1.00
2050-10-31	1.00
2050-11-01	1.00
2050-11-02	0.96
2050-11-03	0.94
2050-11-04	1.00
2050-11-05	1.00
2050-11-06	1.00
2050-11-07	1.00
2050-11-08	1.00
2050-11-09	0.96
2050-11-10	1.00
2050-11-11	1.00
2050-11-12	1.00
2050-11-13	1.00
2050-11-14	1.00
2050-11-15	1.00
2050-11-16	1.00
2050-11-17	1.00
2050-11-18	1.00
2050-11-19	1.00
2050-11-20	1.00
2050-11-21	0.97
2050-11-22	1.00
2050-11-23	1.00
2050-11-24	1.00
2050-11-25	0.96
2050-11-26	0.96
2050-11-27	1.00
2050-11-28	1.00
2050-11-29	1.00
2050-11-30	1.00
2050-12-01	1.00
2050-12-02	1.00
2050-12-03	1.00
2050-12-04	1.00
2050-12-05	1.00
2050-12-06	1.00
2050-12-07	1.00
2050-12-08	1.00
2050-12-09	1.00
2050-12-10	1.00
2050-12-11	1.00
2050-12-12	1.00
2050-12-13	1.00
2050-12-14	1.00
2050-12-15	1.00
2050-12-16	1.00
2050-12-17	1.00
2050-12-18	1.00
2050-12-19	1.00
2050-12-20	1.00
2050-12-21	1.00
2050-12-22	1.00
2050-12-23	1.00
2050-12-24	1.00
2050-12-25	1.00
2050-12-26	1.00
2050-12-27	1.00
2050-12-28	1.00
2050-12-29	1.00
2050-12-30	1.00
2050-12-31	1.00
2051-01-01	1.00
2051-01-02	1.00
2051-01-03	1.00
2051-01-04	1.00
2051-01-05	1.00
2051-01-06	1.00
2051-01-07	1.00
2051-01-08	1.00
2051-01-09	1.00
2051-01-10	1.00
2051-01-11	1.00
2051-01-12	1.00
2051-01-13	1.00
2051-01-14	1.00
2051-01-15	1.00
2051-01-16	1.00
2051-01-17	1.00
2051-01-18	1.00
2051-01-19	1.00
2051-01-20	1.00
2051-01-21	1.00
2051-01-22	1.00
2051-01-23	1.00
2051-01-24	1.00
2051-01-25	1.00
2051-01-26	1.00
2051-01-27	1.00
2051-01-28	1.00
2051-01-29	1.00
2051-01-30	1.00
2051-01-31	1.00
2051-02-01	1.00
2051-02-02	1.00
2051-02-03	1.00
2051-02-04	1.00
2051-02-05	1.00
2051-02-06	1.00
2051-02-07	1.00
2051-02-08	1.00
2051-02-09	1.00
2051-02-10	1.00
2051-02-11	1.00
2051-02-12	1.00
2051-02-13	1.00
2051-02-14	1.00
2051-02-15	1.00
2051-02-16	1.00
2051-02-17	1.00
2051-02-18	1.00
2051-02-19	1.00
2051-02-20	1.00
2051-02-21	1.00
2051-02-22	1.00
2051-02-23	1.00
2051-02-24	1.00
2051-02-25	1.00
2051-02-26	1.00
2051-02-27	1.00
2051-02-28	1.00
2051-03-01	1.00
2051-03-02	1.00
2051-03-03	1.00
2051-03-04	1.00
2051-03-05	1.00
2051-03-06	1.00
2051-03-07	1.00
2051-03-08	1.00
2051-03-09	1.00
2051-03-10	1.00
2051-03-11	1.00
2051-03-12	1.00
2051-03-13	1.00
2051-03-14	1.00
2051-03-15	1.00
2051-03-16	1.00
2051-03-17	1.00
2051-03-18	1.00
2051-03-19	1.00
2051-03-20	1.00
2051-03-21	1.00
2051-03-22	1.00
2051-03-23	1.00
2051-03-24	0.97
2051-03-25	1.00
2051-03-26	1.00
2051-03-27	1.00
2051-03-28	1.00
2051-03-29	1.00
2051-03-30	1.00
2051-03-31	1.00
2051-04-01	0.96
2051-04-02	0.96
2051-04-03	0.96
2051-04-04	1.00
2051-04-05	1.00
2051-04-06	1.00
2051-04-07	1.00
2051-04-08	1.00
2051-04-09	1.00
2051-04-10	1.00
2051-04-11	1.00
2051-04-12	1.00
2051-04-13	1.00
2051-04-14	1.00
2051-04-15	1.00
2051-04-16	1.00
2051-04-17	1.00
2051-04-18	1.00
2051-04-19	1.00
2051-04-20	1.00
2051-04-21	1.00
2051-04-22	0.96
2051-04-23	0.96
2051-04-24	1.00
2051-04-25	1.00
2051-04-26	1.00
2051-04-27	1.00
2051-04-28	1.00
2051-04-29	0.97
2051-04-30	1.00
2051-05-01	1.00
2051-05-02	1.00
2051-05-03	0.96
2051-05-04	1.00
2051-05-05	1.00
2051-05-06	1.00
2051-05-07	1.00
2051-05-08	1.00
2051-05-09	1.00
2051-05-10	1.00
2051-05-11	1.00
2051-05-12	1.00
2051-05-13	1.00
2051-05-14	0.96
2051-05-15	0.96
2051-05-16	0.95
2051-05-17	0.96
2051-05-18	1.00
2051-05-19	1.00
2051-05-20	1.00
2051-05-21	1.00
2051-05-22	1.00
2051-05-23	0.96
2051-05-24	0.95
2051-05-25	0.96
2051-05-26	1.00
2051-05-27	1.00
2051-05-28	1.00
2051-05-29	1.00
2051-05-30	1.00
2051-05-31	0.96
2051-06-01	0.96
2051-06-02	1.00
2051-06-03	1.00
2051-06-04	1.00
2051-06-05	1.00
2051-06-06	0.96
2051-06-07	0.96
2051-06-08	0.92
2051-06-09	0.92
2051-06-10	0.93
2051-06-11	0.96
2051-06-12	0.96
2051-06-13	0.95
2051-06-14	0.91
2051-06-15	0.90
2051-06-16	0.91
2051-06-17	0.92
2051-06-18	1.00
2051-06-19	1.00
2051-06-20	0.96
2051-06-21	0.96
2051-06-22	0.95
2051-06-23	0.95
2051-06-24	0.94
2051-06-25	1.00
2051-06-26	0.96
2051-06-27	0.92
2051-06-28	0.91
2051-06-29	0.91
2051-06-30	0.90
2051-07-01	0.89
2051-07-02	0.89
2051-07-03	0.89
2051-07-04	0.90
2051-07-05	0.90
2051-07-06	0.93
2051-07-07	0.93
2051-07-08	0.92
2051-07-09	0.92
2051-07-10	0.91
2051-07-11	0.91
2051-07-12	0.91
2051-07-13	0.91
2051-07-14	0.93
2051-07-15	0.91
2051-07-16	0.92
2051-07-17	0.92
2051-07-18	0.93
2051-07-19	0.96
2051-07-20	1.00
2051-07-21	0.97
2051-07-22	0.96
2051-07-23	0.95
2051-07-24	0.92
2051-07-25	0.91
2051-07-26	0.90
2051-07-27	0.90
2051-07-28	0.91
2051-07-29	0.92
2051-07-30	0.93
2051-07-31	0.93
2051-08-01	0.95
2051-08-02	0.94
2051-08-03	0.94
2051-08-04	0.94
2051-08-05	0.94
2051-08-06	0.93
2051-08-07	0.92
2051-08-08	0.91
2051-08-09	0.91
2051-08-10	0.91
2051-08-11	0.91
2051-08-12	0.91
2051-08-13	0.93
2051-08-14	0.93
2051-08-15	0.92
2051-08-16	0.92
2051-08-17	0.92
2051-08-18	0.91
2051-08-19	0.91
2051-08-20	0.91
2051-08-21	0.91
2051-08-22	0.92
2051-08-23	0.92
2051-08-24	0.91
2051-08-25	0.91
2051-08-26	0.91
2051-08-27	0.91
2051-08-28	0.91
2051-08-29	0.91
2051-08-30	0.92
2051-08-31	0.93
2051-09-01	0.94
2051-09-02	0.93
2051-09-03	0.93
2051-09-04	0.92
2051-09-05	0.92
2051-09-06	0.92
2051-09-07	0.92
2051-09-08	0.91
2051-09-09	0.91
2051-09-10	0.92
2051-09-11	0.92
2051-09-12	0.92
2051-09-13	0.92
2051-09-14	0.92
2051-09-15	0.92
2051-09-16	0.92
2051-09-17	0.91
2051-09-18	0.92
2051-09-19	0.92
2051-09-20	0.92
2051-09-21	0.96
2051-09-22	1.00
2051-09-23	0.96
2051-09-24	0.93
2051-09-25	0.92
2051-09-26	0.93
2051-09-27	1.00
2051-09-28	1.00
2051-09-29	0.96
2051-09-30	1.00
2051-10-01	1.00
2051-10-02	1.00
2051-10-03	1.00
2051-10-04	0.96
2051-10-05	0.96
2051-10-06	0.96
2051-10-07	0.96
2051-10-08	0.97
2051-10-09	0.95
2051-10-10	0.95
2051-10-11	0.95
2051-10-12	0.96
2051-10-13	0.96
2051-10-14	0.95
2051-10-15	0.96
2051-10-16	0.95
2051-10-17	0.94
2051-10-18	0.94
2051-10-19	0.94
2051-10-20	0.94
2051-10-21	0.94
2051-10-22	0.95
2051-10-23	0.97
2051-10-24	1.00
2051-10-25	0.96
2051-10-26	1.00
2051-10-27	1.00
2051-10-28	1.00
2051-10-29	1.00
2051-10-30	1.00
2051-10-31	1.00
2051-11-01	1.00
2051-11-02	1.00
2051-11-03	1.00
2051-11-04	1.00
2051-11-05	1.00
2051-11-06	1.00
2051-11-07	0.97
2051-11-08	0.96
2051-11-09	0.96
2051-11-10	0.96
2051-11-11	1.00
2051-11-12	1.00
2051-11-13	1.00
2051-11-14	1.00
2051-11-15	1.00
2051-11-16	1.00
2051-11-17	1.00
2051-11-18	1.00
2051-11-19	1.00
2051-11-20	1.00
2051-11-21	1.00
2051-11-22	1.00
2051-11-23	1.00
2051-11-24	1.00
2051-11-25	1.00
2051-11-26	1.00
2051-11-27	1.00
2051-11-28	1.00
2051-11-29	1.00
2051-11-30	1.00
2051-12-01	1.00
2051-12-02	1.00
2051-12-03	1.00
2051-12-04	1.00
2051-12-05	1.00
2051-12-06	1.00
2051-12-07	1.00
2051-12-08	1.00
2051-12-09	1.00
2051-12-10	1.00
2051-12-11	1.00
2051-12-12	1.00
2051-12-13	1.00
2051-12-14	1.00
2051-12-15	1.00
2051-12-16	1.00
2051-12-17	1.00
2051-12-18	1.00
2051-12-19	1.00
2051-12-20	1.00
2051-12-21	0.96
2051-12-22	1.00
2051-12-23	1.00
2051-12-24	1.00
2051-12-25	1.00
2051-12-26	1.00
2051-12-27	1.00
2051-12-28	1.00
2051-12-29	1.00
2051-12-30	1.00
2051-12-31	1.00
2052-01-01	1.00
2052-01-02	1.00
2052-01-03	1.00
2052-01-04	1.00
2052-01-05	1.00
2052-01-06	1.00
2052-01-07	1.00
2052-01-08	1.00
2052-01-09	1.00
2052-01-10	1.00
2052-01-11	1.00
2052-01-12	1.00
2052-01-13	1.00
2052-01-14	1.00
2052-01-15	1.00
2052-01-16	1.00
2052-01-17	1.00
2052-01-18	1.00
2052-01-19	1.00
2052-01-20	1.00
2052-01-21	1.00
2052-01-22	1.00
2052-01-23	1.00
2052-01-24	1.00
2052-01-25	1.00
2052-01-26	1.00
2052-01-27	1.00
2052-01-28	1.00
2052-01-29	1.00
2052-01-30	1.00
2052-01-31	1.00
2052-02-01	1.00
2052-02-02	1.00
2052-02-03	1.00
2052-02-04	1.00
2052-02-05	1.00
2052-02-06	1.00
2052-02-07	1.00
2052-02-08	1.00
2052-02-09	1.00
2052-02-10	1.00
2052-02-11	1.00
2052-02-12	1.00
2052-02-13	1.00
2052-02-14	1.00
2052-02-15	1.00
2052-02-16	1.00
2052-02-17	1.00
2052-02-18	1.00
2052-02-19	1.00
2052-02-20	1.00
2052-02-21	1.00
2052-02-22	1.00
2052-02-23	1.00
2052-02-24	1.00
2052-02-25	1.00
2052-02-26	1.00
2052-02-27	1.00
2052-02-28	1.00
2052-02-29	1.00
2052-03-01	1.00
2052-03-02	1.00
2052-03-03	1.00
2052-03-04	1.00
2052-03-05	1.00
2052-03-06	1.00
2052-03-07	1.00
2052-03-08	1.00
2052-03-09	1.00
2052-03-10	1.00
2052-03-11	1.00
2052-03-12	1.00
2052-03-13	1.00
2052-03-14	1.00
2052-03-15	1.00
2052-03-16	1.00
2052-03-17	1.00
2052-03-18	1.00
2052-03-19	1.00
2052-03-20	1.00
2052-03-21	1.00
2052-03-22	1.00
2052-03-23	1.00
2052-03-24	1.00
2052-03-25	1.00
2052-03-26	1.00
2052-03-27	1.00
2052-03-28	1.00
2052-03-29	1.00
2052-03-30	1.00
2052-03-31	1.00
2052-04-01	1.00
2052-04-02	1.00
2052-04-03	1.00
2052-04-04	1.00
2052-04-05	1.00
2052-04-06	1.00
2052-04-07	1.00
2052-04-08	1.00
2052-04-09	1.00
2052-04-10	1.00
2052-04-11	0.96
2052-04-12	1.00
2052-04-13	0.96
2052-04-14	1.00
2052-04-15	1.00
2052-04-16	1.00
2052-04-17	1.00
2052-04-18	0.97
2052-04-19	0.96
2052-04-20	1.00
2052-04-21	1.00
2052-04-22	1.00
2052-04-23	1.00
2052-04-24	1.00
2052-04-25	1.00
2052-04-26	1.00
2052-04-27	1.00
2052-04-28	1.00
2052-04-29	1.00
2052-04-30	1.00
2052-05-01	1.00
2052-05-02	1.00
2052-05-03	1.00
2052-05-04	1.00
2052-05-05	1.00
2052-05-06	1.00
2052-05-07	1.00
2052-05-08	1.00
2052-05-09	0.96
2052-05-10	1.00
2052-05-11	1.00
2052-05-12	0.97
2052-05-13	0.95
2052-05-14	0.95
2052-05-15	0.94
2052-05-16	0.95
2052-05-17	0.96
2052-05-18	0.94
2052-05-19	0.93
2052-05-20	0.97
2052-05-21	0.94
2052-05-22	0.93
2052-05-23	0.93
2052-05-24	0.92
2052-05-25	0.94
2052-05-26	0.96
2052-05-27	1.00
2052-05-28	1.00
2052-05-29	0.97
2052-05-30	0.96
2052-05-31	0.94
2052-06-01	0.93
2052-06-02	0.94
2052-06-03	1.00
2052-06-04	1.00
2052-06-05	0.97
2052-06-06	0.95
2052-06-07	0.93
2052-06-08	0.95
2052-06-09	1.00
2052-06-10	0.97
2052-06-11	0.96
2052-06-12	1.00
2052-06-13	1.00
2052-06-14	1.00
2052-06-15	0.96
2052-06-16	0.95
2052-06-17	0.94
2052-06-18	0.93
2052-06-19	0.92
2052-06-20	0.92
2052-06-21	0.94
2052-06-22	0.95
2052-06-23	0.95
2052-06-24	0.94
2052-06-25	0.92
2052-06-26	0.92
2052-06-27	0.91
2052-06-28	0.90
2052-06-29	0.90
2052-06-30	0.91
2052-07-01	0.91
2052-07-02	0.92
2052-07-03	0.93
2052-07-04	0.95
2052-07-05	0.93
2052-07-06	0.92
2052-07-07	0.95
2052-07-08	0.95
2052-07-09	0.93
2052-07-10	0.94
2052-07-11	0.94
2052-07-12	0.94
2052-07-13	0.93
2052-07-14	0.90
2052-07-15	0.90
2052-07-16	0.89
2052-07-17	0.92
2052-07-18	0.93
2052-07-19	0.93
2052-07-20	0.91
2052-07-21	0.89
2052-07-22	0.89
2052-07-23	0.89
2052-07-24	0.90
2052-07-25	0.92
2052-07-26	0.95
2052-07-27	0.94
2052-07-28	0.94
2052-07-29	0.93
2052-07-30	0.92
2052-07-31	0.91
2052-08-01	0.92
2052-08-02	0.93
2052-08-03	0.95
2052-08-04	0.94
2052-08-05	0.92
2052-08-06	0.95
2052-08-07	1.00
2052-08-08	0.96
2052-08-09	0.95
2052-08-10	0.94
2052-08-11	0.92
2052-08-12	0.92
2052-08-13	0.92
2052-08-14	0.93
2052-08-15	0.93
2052-08-16	0.93
2052-08-17	0.93
2052-08-18	0.92
2052-08-19	0.92
2052-08-20	0.93
2052-08-21	0.93
2052-08-22	0.94
2052-08-23	0.93
2052-08-24	0.93
2052-08-25	0.94
2052-08-26	0.95
2052-08-27	0.96
2052-08-28	0.96
2052-08-29	1.00
2052-08-30	0.97
2052-08-31	0.97
2052-09-01	0.96
2052-09-02	0.94
2052-09-03	0.94
2052-09-04	0.94
2052-09-05	0.93
2052-09-06	0.93
2052-09-07	0.93
2052-09-08	0.93
2052-09-09	0.96
2052-09-10	1.00
2052-09-11	1.00
2052-09-12	1.00
2052-09-13	0.96
2052-09-14	0.93
2052-09-15	0.93
2052-09-16	0.92
2052-09-17	0.95
2052-09-18	1.00
2052-09-19	0.96
2052-09-20	0.96
2052-09-21	0.96
2052-09-22	1.00
2052-09-23	1.00
2052-09-24	1.00
2052-09-25	1.00
2052-09-26	0.96
2052-09-27	1.00
2052-09-28	1.00
2052-09-29	1.00
2052-09-30	0.96
2052-10-01	0.96
2052-10-02	0.96
2052-10-03	0.95
2052-10-04	0.94
2052-10-05	0.94
2052-10-06	1.00
2052-10-07	1.00
2052-10-08	1.00
2052-10-09	1.00
2052-10-10	1.00
2052-10-11	1.00
2052-10-12	0.95
2052-10-13	0.95
2052-10-14	0.96
2052-10-15	0.96
2052-10-16	0.96
2052-10-17	1.00
2052-10-18	1.00
2052-10-19	1.00
2052-10-20	1.00
2052-10-21	1.00
2052-10-22	1.00
2052-10-23	1.00
2052-10-24	1.00
2052-10-25	1.00
2052-10-26	0.95
2052-10-27	0.94
2052-10-28	0.94
2052-10-29	0.94
2052-10-30	0.96
2052-10-31	1.00
2052-11-01	1.00
2052-11-02	1.00
2052-11-03	1.00
2052-11-04	0.96
2052-11-05	0.96
2052-11-06	0.94
2052-11-07	0.95
2052-11-08	1.00
2052-11-09	1.00
2052-11-10	0.96
2052-11-11	0.95
2052-11-12	1.00
2052-11-13	1.00
2052-11-14	1.00
2052-11-15	1.00
2052-11-16	1.00
2052-11-17	1.00
2052-11-18	1.00
2052-11-19	1.00
2052-11-20	1.00
2052-11-21	1.00
2052-11-22	1.00
2052-11-23	1.00
2052-11-24	1.00
2052-11-25	1.00
2052-11-26	1.00
2052-11-27	1.00
2052-11-28	1.00
2052-11-29	1.00
2052-11-30	1.00
2052-12-01	1.00
2052-12-02	1.00
2052-12-03	1.00
2052-12-04	1.00
2052-12-05	1.00
2052-12-06	1.00
2052-12-07	1.00
2052-12-08	1.00
2052-12-09	1.00
2052-12-10	1.00
2052-12-11	1.00
2052-12-12	1.00
2052-12-13	1.00
2052-12-14	1.00
2052-12-15	1.00
2052-12-16	1.00
2052-12-17	1.00
2052-12-18	1.00
2052-12-19	1.00
2052-12-20	1.00
2052-12-21	1.00
2052-12-22	1.00
2052-12-23	1.00
2052-12-24	1.00
2052-12-25	1.00
2052-12-26	1.00
2052-12-27	1.00
2052-12-28	1.00
2052-12-29	1.00
2052-12-30	1.00
2052-12-31	1.00
2053-01-01	1.00
2053-01-02	1.00
2053-01-03	1.00
2053-01-04	1.00
2053-01-05	1.00
2053-01-06	1.00
2053-01-07	1.00
2053-01-08	1.00
2053-01-09	1.00
2053-01-10	1.00
2053-01-11	1.00
2053-01-12	1.00
2053-01-13	1.00
2053-01-14	1.00
2053-01-15	1.00
2053-01-16	1.00
2053-01-17	1.00
2053-01-18	1.00
2053-01-19	1.00
2053-01-20	1.00
2053-01-21	1.00
2053-01-22	1.00
2053-01-23	1.00
2053-01-24	1.00
2053-01-25	1.00
2053-01-26	1.00
2053-01-27	1.00
2053-01-28	1.00
2053-01-29	1.00
2053-01-30	1.00
2053-01-31	1.00
2053-02-01	1.00
2053-02-02	1.00
2053-02-03	1.00
2053-02-04	1.00
2053-02-05	1.00
2053-02-06	1.00
2053-02-07	1.00
2053-02-08	1.00
2053-02-09	1.00
2053-02-10	1.00
2053-02-11	1.00
2053-02-12	1.00
2053-02-13	1.00
2053-02-14	1.00
2053-02-15	1.00
2053-02-16	1.00
2053-02-17	1.00
2053-02-18	1.00
2053-02-19	1.00
2053-02-20	1.00
2053-02-21	1.00
2053-02-22	1.00
2053-02-23	1.00
2053-02-24	1.00
2053-02-25	1.00
2053-02-26	1.00
2053-02-27	1.00
2053-02-28	1.00
2053-03-01	1.00
2053-03-02	1.00
2053-03-03	1.00
2053-03-04	1.00
2053-03-05	1.00
2053-03-06	1.00
2053-03-07	1.00
2053-03-08	1.00
2053-03-09	1.00
2053-03-10	1.00
2053-03-11	1.00
2053-03-12	1.00
2053-03-13	1.00
2053-03-14	1.00
2053-03-15	1.00
2053-03-16	1.00
2053-03-17	1.00
2053-03-18	0.96
2053-03-19	0.97
2053-03-20	1.00
2053-03-21	1.00
2053-03-22	1.00
2053-03-23	1.00
2053-03-24	1.00
2053-03-25	1.00
2053-03-26	1.00
2053-03-27	1.00
2053-03-28	1.00
2053-03-29	1.00
2053-03-30	1.00
2053-03-31	1.00
2053-04-01	1.00
2053-04-02	1.00
2053-04-03	1.00
2053-04-04	1.00
2053-04-05	1.00
2053-04-06	1.00
2053-04-07	1.00
2053-04-08	1.00
2053-04-09	1.00
2053-04-10	1.00
2053-04-11	1.00
2053-04-12	1.00
2053-04-13	1.00
2053-04-14	1.00
2053-04-15	1.00
2053-04-16	1.00
2053-04-17	1.00
2053-04-18	1.00
2053-04-19	1.00
2053-04-20	1.00
2053-04-21	1.00
2053-04-22	1.00
2053-04-23	0.96
2053-04-24	1.00
2053-04-25	1.00
2053-04-26	1.00
2053-04-27	1.00
2053-04-28	0.97
2053-04-29	1.00
2053-04-30	1.00
2053-05-01	1.00
2053-05-02	1.00
2053-05-03	1.00
2053-05-04	1.00
2053-05-05	0.97
2053-05-06	1.00
2053-05-07	1.00
2053-05-08	1.00
2053-05-09	1.00
2053-05-10	0.96
2053-05-11	0.94
2053-05-12	1.00
2053-05-13	1.00
2053-05-14	1.00
2053-05-15	1.00
2053-05-16	1.00
2053-05-17	0.95
2053-05-18	1.00
2053-05-19	1.00
2053-05-20	0.95
2053-05-21	0.94
2053-05-22	0.96
2053-05-23	1.00
2053-05-24	1.00
2053-05-25	0.96
2053-05-26	0.95
2053-05-27	0.92
2053-05-28	0.94
2053-05-29	0.93
2053-05-30	0.93
2053-05-31	0.93
2053-06-01	0.95
2053-06-02	0.92
2053-06-03	0.92
2053-06-04	0.92
2053-06-05	0.93
2053-06-06	1.00
2053-06-07	1.00
2053-06-08	1.00
2053-06-09	1.00
2053-06-10	0.96
2053-06-11	0.95
2053-06-12	0.95
2053-06-13	0.94
2053-06-14	0.92
2053-06-15	0.92
2053-06-16	0.94
2053-06-17	0.95
2053-06-18	0.93
2053-06-19	0.93
2053-06-20	0.94
2053-06-21	0.92
2053-06-22	0.91
2053-06-23	0.96
2053-06-24	0.96
2053-06-25	0.97
2053-06-26	0.96
2053-06-27	0.96
2053-06-28	0.95
2053-06-29	0.96
2053-06-30	0.96
2053-07-01	0.95
2053-07-02	0.94
2053-07-03	0.92
2053-07-04	0.90
2053-07-05	0.90
2053-07-06	0.90
2053-07-07	0.90
2053-07-08	0.89
2053-07-09	0.90
2053-07-10	0.93
2053-07-11	0.92
2053-07-12	0.95
2053-07-13	0.95
2053-07-14	0.93
2053-07-15	0.91
2053-07-16	0.95
2053-07-17	0.96
2053-07-18	0.95
2053-07-19	0.92
2053-07-20	0.91
2053-07-21	0.91
2053-07-22	0.90
2053-07-23	0.91
2053-07-24	0.91
2053-07-25	0.93
2053-07-26	0.92
2053-07-27	0.91
2053-07-28	0.91
2053-07-29	0.90
2053-07-30	0.91
2053-07-31	0.91
2053-08-01	0.90
2053-08-02	0.90
2053-08-03	0.91
2053-08-04	0.91
2053-08-05	0.89
2053-08-06	0.90
2053-08-07	0.91
2053-08-08	0.90
2053-08-09	0.90
2053-08-10	0.90
2053-08-11	0.89
2053-08-12	0.91
2053-08-13	0.92
2053-08-14	0.91
2053-08-15	0.91
2053-08-16	0.92
2053-08-17	0.93
2053-08-18	0.91
2053-08-19	0.91
2053-08-20	0.91
2053-08-21	0.96
2053-08-22	0.96
2053-08-23	0.95
2053-08-24	0.95
2053-08-25	0.93
2053-08-26	0.96
2053-08-27	1.00
2053-08-28	0.97
2053-08-29	0.95
2053-08-30	0.94
2053-08-31	0.93
2053-09-01	0.92
2053-09-02	0.92
2053-09-03	0.93
2053-09-04	0.95
2053-09-05	0.97
2053-09-06	0.96
2053-09-07	0.93
2053-09-08	0.92
2053-09-09	0.92
2053-09-10	0.91
2053-09-11	0.92
2053-09-12	0.91
2053-09-13	0.92
2053-09-14	0.95
2053-09-15	1.00
2053-09-16	0.96
2053-09-17	1.00
2053-09-18	1.00
2053-09-19	1.00
2053-09-20	0.97
2053-09-21	0.94
2053-09-22	0.93
2053-09-23	0.96
2053-09-24	0.95
2053-09-25	0.95
2053-09-26	0.94
2053-09-27	0.95
2053-09-28	0.92
2053-09-29	0.91
2053-09-30	0.93
2053-10-01	0.96
2053-10-02	0.96
2053-10-03	1.00
2053-10-04	1.00
2053-10-05	1.00
2053-10-06	1.00
2053-10-07	1.00
2053-10-08	0.96
2053-10-09	1.00
2053-10-10	1.00
2053-10-11	1.00
2053-10-12	1.00
2053-10-13	0.96
2053-10-14	0.95
2053-10-15	0.94
2053-10-16	0.94
2053-10-17	0.95
2053-10-18	0.96
2053-10-19	1.00
2053-10-20	1.00
2053-10-21	1.00
2053-10-22	1.00
2053-10-23	1.00
2053-10-24	1.00
2053-10-25	1.00
2053-10-26	1.00
2053-10-27	1.00
2053-10-28	1.00
2053-10-29	1.00
2053-10-30	1.00
2053-10-31	1.00
2053-11-01	1.00
2053-11-02	1.00
2053-11-03	1.00
2053-11-04	1.00
2053-11-05	1.00
2053-11-06	1.00
2053-11-07	1.00
2053-11-08	1.00
2053-11-09	1.00
2053-11-10	1.00
2053-11-11	1.00
2053-11-12	1.00
2053-11-13	1.00
2053-11-14	1.00
2053-11-15	1.00
2053-11-16	1.00
2053-11-17	1.00
2053-11-18	1.00
2053-11-19	1.00
2053-11-20	1.00
2053-11-21	1.00
2053-11-22	1.00
2053-11-23	1.00
2053-11-24	1.00
2053-11-25	1.00
2053-11-26	1.00
2053-11-27	1.00
2053-11-28	1.00
2053-11-29	1.00
2053-11-30	1.00
2053-12-01	1.00
2053-12-02	1.00
2053-12-03	1.00
2053-12-04	1.00
2053-12-05	1.00
2053-12-06	1.00
2053-12-07	1.00
2053-12-08	1.00
2053-12-09	1.00
2053-12-10	1.00
2053-12-11	1.00
2053-12-12	1.00
2053-12-13	1.00
2053-12-14	1.00
2053-12-15	1.00
2053-12-16	1.00
2053-12-17	1.00
2053-12-18	1.00
2053-12-19	1.00
2053-12-20	1.00
2053-12-21	1.00
2053-12-22	1.00
2053-12-23	1.00
2053-12-24	1.00
2053-12-25	1.00
2053-12-26	1.00
2053-12-27	1.00
2053-12-28	1.00
2053-12-29	1.00
2053-12-30	1.00
2053-12-31	1.00
2054-01-01	1.00
2054-01-02	1.00
2054-01-03	1.00
2054-01-04	1.00
2054-01-05	1.00
2054-01-06	1.00
2054-01-07	1.00
2054-01-08	1.00
2054-01-09	1.00
2054-01-10	1.00
2054-01-11	1.00
2054-01-12	1.00
2054-01-13	1.00
2054-01-14	1.00
2054-01-15	1.00
2054-01-16	1.00
2054-01-17	1.00
2054-01-18	1.00
2054-01-19	1.00
2054-01-20	1.00
2054-01-21	1.00
2054-01-22	1.00
2054-01-23	1.00
2054-01-24	1.00
2054-01-25	1.00
2054-01-26	1.00
2054-01-27	1.00
2054-01-28	1.00
2054-01-29	1.00
2054-01-30	1.00
2054-01-31	1.00
2054-02-01	1.00
2054-02-02	1.00
2054-02-03	1.00
2054-02-04	1.00
2054-02-05	1.00
2054-02-06	1.00
2054-02-07	1.00
2054-02-08	1.00
2054-02-09	1.00
2054-02-10	1.00
2054-02-11	1.00
2054-02-12	1.00
2054-02-13	1.00
2054-02-14	1.00
2054-02-15	1.00
2054-02-16	1.00
2054-02-17	1.00
2054-02-18	1.00
2054-02-19	1.00
2054-02-20	1.00
2054-02-21	1.00
2054-02-22	1.00
2054-02-23	1.00
2054-02-24	1.00
2054-02-25	1.00
2054-02-26	1.00
2054-02-27	1.00
2054-02-28	1.00
2054-03-01	1.00
2054-03-02	1.00
2054-03-03	1.00
2054-03-04	1.00
2054-03-05	1.00
2054-03-06	1.00
2054-03-07	1.00
2054-03-08	1.00
2054-03-09	1.00
2054-03-10	1.00
2054-03-11	1.00
2054-03-12	1.00
2054-03-13	1.00
2054-03-14	1.00
2054-03-15	1.00
2054-03-16	1.00
2054-03-17	1.00
2054-03-18	1.00
2054-03-19	1.00
2054-03-20	1.00
2054-03-21	1.00
2054-03-22	1.00
2054-03-23	1.00
2054-03-24	1.00
2054-03-25	1.00
2054-03-26	1.00
2054-03-27	1.00
2054-03-28	1.00
2054-03-29	1.00
2054-03-30	1.00
2054-03-31	1.00
2054-04-01	1.00
2054-04-02	1.00
2054-04-03	1.00
2054-04-04	1.00
2054-04-05	1.00
2054-04-06	1.00
2054-04-07	1.00
2054-04-08	1.00
2054-04-09	1.00
2054-04-10	1.00
2054-04-11	1.00
2054-04-12	1.00
2054-04-13	1.00
2054-04-14	1.00
2054-04-15	1.00
2054-04-16	1.00
2054-04-17	1.00
2054-04-18	1.00
2054-04-19	1.00
2054-04-20	1.00
2054-04-21	1.00
2054-04-22	1.00
2054-04-23	1.00
2054-04-24	1.00
2054-04-25	1.00
2054-04-26	1.00
2054-04-27	1.00
2054-04-28	1.00
2054-04-29	1.00
2054-04-30	1.00
2054-05-01	1.00
2054-05-02	1.00
2054-05-03	0.96
2054-05-04	1.00
2054-05-05	1.00
2054-05-06	1.00
2054-05-07	1.00
2054-05-08	0.96
2054-05-09	1.00
2054-05-10	0.96
2054-05-11	0.96
2054-05-12	0.96
2054-05-13	0.95
2054-05-14	0.95
2054-05-15	0.95
2054-05-16	1.00
2054-05-17	1.00
2054-05-18	1.00
2054-05-19	1.00
2054-05-20	1.00
2054-05-21	0.95
2054-05-22	0.93
2054-05-23	0.92
2054-05-24	0.92
2054-05-25	0.93
2054-05-26	0.95
2054-05-27	0.95
2054-05-28	0.96
2054-05-29	0.96
2054-05-30	0.96
2054-05-31	0.96
2054-06-01	0.95
2054-06-02	0.94
2054-06-03	0.94
2054-06-04	0.95
2054-06-05	0.94
2054-06-06	1.00
2054-06-07	1.00
2054-06-08	1.00
2054-06-09	0.96
2054-06-10	0.94
2054-06-11	0.95
2054-06-12	0.93
2054-06-13	0.94
2054-06-14	0.94
2054-06-15	0.93
2054-06-16	0.93
2054-06-17	0.96
2054-06-18	0.96
2054-06-19	0.96
2054-06-20	0.96
2054-06-21	0.96
2054-06-22	0.95
2054-06-23	0.94
2054-06-24	0.93
2054-06-25	0.93
2054-06-26	0.92
2054-06-27	0.91
2054-06-28	0.91
2054-06-29	0.91
2054-06-30	0.91
2054-07-01	0.92
2054-07-02	0.95
2054-07-03	0.92
2054-07-04	0.90
2054-07-05	0.91
2054-07-06	0.92
2054-07-07	0.91
2054-07-08	0.91
2054-07-09	0.92
2054-07-10	0.93
2054-07-11	0.93
2054-07-12	0.95
2054-07-13	0.96
2054-07-14	0.95
2054-07-15	0.92
2054-07-16	0.92
2054-07-17	0.91
2054-07-18	0.92
2054-07-19	0.93
2054-07-20	0.95
2054-07-21	0.95
2054-07-22	0.94
2054-07-23	0.92
2054-07-24	0.91
2054-07-25	0.91
2054-07-26	0.92
2054-07-27	0.91
2054-07-28	0.91
2054-07-29	0.91
2054-07-30	0.91
2054-07-31	0.92
2054-08-01	0.96
2054-08-02	0.97
2054-08-03	0.94
2054-08-04	0.94
2054-08-05	1.00
2054-08-06	0.96
2054-08-07	0.94
2054-08-08	0.92
2054-08-09	0.92
2054-08-10	0.93
2054-08-11	0.92
2054-08-12	0.92
2054-08-13	0.92
2054-08-14	0.94
2054-08-15	0.95
2054-08-16	0.95
2054-08-17	0.93
2054-08-18	1.00
2054-08-19	1.00
2054-08-20	1.00
2054-08-21	0.96
2054-08-22	0.96
2054-08-23	0.96
2054-08-24	0.95
2054-08-25	0.92
2054-08-26	0.92
2054-08-27	0.95
2054-08-28	0.95
2054-08-29	0.95
2054-08-30	0.94
2054-08-31	0.93
2054-09-01	0.91
2054-09-02	0.91
2054-09-03	0.91
2054-09-04	0.91
2054-09-05	0.91
2054-09-06	0.91
2054-09-07	0.91
2054-09-08	0.91
2054-09-09	0.91
2054-09-10	0.92
2054-09-11	0.92
2054-09-12	0.92
2054-09-13	1.00
2054-09-14	1.00
2054-09-15	1.00
2054-09-16	1.00
2054-09-17	0.96
2054-09-18	0.97
2054-09-19	1.00
2054-09-20	1.00
2054-09-21	0.95
2054-09-22	0.94
2054-09-23	0.93
2054-09-24	0.92
2054-09-25	0.92
2054-09-26	0.92
2054-09-27	0.94
2054-09-28	1.00
2054-09-29	0.96
2054-09-30	0.92
2054-10-01	0.93
2054-10-02	0.96
2054-10-03	0.96
2054-10-04	1.00
2054-10-05	1.00
2054-10-06	0.95
2054-10-07	0.97
2054-10-08	1.00
2054-10-09	1.00
2054-10-10	0.94
2054-10-11	0.95
2054-10-12	0.97
2054-10-13	0.96
2054-10-14	0.96
2054-10-15	1.00
2054-10-16	1.00
2054-10-17	1.00
2054-10-18	1.00
2054-10-19	1.00
2054-10-20	1.00
2054-10-21	1.00
2054-10-22	1.00
2054-10-23	1.00
2054-10-24	1.00
2054-10-25	1.00
2054-10-26	0.95
2054-10-27	0.95
2054-10-28	0.95
2054-10-29	0.95
2054-10-30	0.95
2054-10-31	0.95
2054-11-01	0.95
2054-11-02	0.95
2054-11-03	0.95
2054-11-04	0.96
2054-11-05	1.00
2054-11-06	1.00
2054-11-07	1.00
2054-11-08	1.00
2054-11-09	1.00
2054-11-10	1.00
2054-11-11	1.00
2054-11-12	0.93
2054-11-13	0.94
2054-11-14	0.95
2054-11-15	1.00
2054-11-16	1.00
2054-11-17	1.00
2054-11-18	1.00
2054-11-19	1.00
2054-11-20	1.00
2054-11-21	1.00
2054-11-22	1.00
2054-11-23	1.00
2054-11-24	1.00
2054-11-25	1.00
2054-11-26	1.00
2054-11-27	1.00
2054-11-28	1.00
2054-11-29	1.00
2054-11-30	1.00
2054-12-01	1.00
2054-12-02	1.00
2054-12-03	1.00
2054-12-04	1.00
2054-12-05	1.00
2054-12-06	1.00
2054-12-07	1.00
2054-12-08	1.00
2054-12-09	1.00
2054-12-10	1.00
2054-12-11	1.00
2054-12-12	1.00
2054-12-13	1.00
2054-12-14	1.00
2054-12-15	1.00
2054-12-16	1.00
2054-12-17	1.00
2054-12-18	1.00
2054-12-19	1.00
2054-12-20	1.00
2054-12-21	1.00
2054-12-22	1.00
2054-12-23	1.00
2054-12-24	1.00
2054-12-25	1.00
2054-12-26	1.00
2054-12-27	1.00
2054-12-28	1.00
2054-12-29	1.00
2054-12-30	1.00
2054-12-31	1.00
2055-01-01	1.00
2055-01-02	1.00
2055-01-03	1.00
2055-01-04	1.00
2055-01-05	1.00
2055-01-06	1.00
2055-01-07	1.00
2055-01-08	1.00
2055-01-09	1.00
2055-01-10	1.00
2055-01-11	1.00
2055-01-12	1.00
2055-01-13	1.00
2055-01-14	1.00
2055-01-15	1.00
2055-01-16	1.00
2055-01-17	1.00
2055-01-18	1.00
2055-01-19	1.00
2055-01-20	1.00
2055-01-21	1.00
2055-01-22	1.00
2055-01-23	1.00
2055-01-24	1.00
2055-01-25	1.00
2055-01-26	1.00
2055-01-27	1.00
2055-01-28	1.00
2055-01-29	1.00
2055-01-30	1.00
2055-01-31	1.00
2055-02-01	1.00
2055-02-02	1.00
2055-02-03	1.00
2055-02-04	1.00
2055-02-05	1.00
2055-02-06	1.00
2055-02-07	1.00
2055-02-08	1.00
2055-02-09	1.00
2055-02-10	1.00
2055-02-11	1.00
2055-02-12	1.00
2055-02-13	1.00
2055-02-14	1.00
2055-02-15	1.00
2055-02-16	1.00
2055-02-17	1.00
2055-02-18	1.00
2055-02-19	1.00
2055-02-20	1.00
2055-02-21	1.00
2055-02-22	1.00
2055-02-23	1.00
2055-02-24	1.00
2055-02-25	1.00
2055-02-26	1.00
2055-02-27	1.00
2055-02-28	1.00
2055-03-01	1.00
2055-03-02	1.00
2055-03-03	1.00
2055-03-04	0.96
2055-03-05	0.96
2055-03-06	0.96
2055-03-07	1.00
2055-03-08	1.00
2055-03-09	1.00
2055-03-10	1.00
2055-03-11	1.00
2055-03-12	1.00
2055-03-13	1.00
2055-03-14	1.00
2055-03-15	1.00
2055-03-16	1.00
2055-03-17	1.00
2055-03-18	1.00
2055-03-19	1.00
2055-03-20	1.00
2055-03-21	1.00
2055-03-22	1.00
2055-03-23	1.00
2055-03-24	1.00
2055-03-25	1.00
2055-03-26	1.00
2055-03-27	1.00
2055-03-28	1.00
2055-03-29	1.00
2055-03-30	1.00
2055-03-31	1.00
2055-04-01	1.00
2055-04-02	1.00
2055-04-03	1.00
2055-04-04	1.00
2055-04-05	1.00
2055-04-06	0.97
2055-04-07	1.00
2055-04-08	1.00
2055-04-09	1.00
2055-04-10	1.00
2055-04-11	1.00
2055-04-12	1.00
2055-04-13	1.00
2055-04-14	1.00
2055-04-15	1.00
2055-04-16	1.00
2055-04-17	1.00
2055-04-18	1.00
2055-04-19	1.00
2055-04-20	1.00
2055-04-21	1.00
2055-04-22	1.00
2055-04-23	1.00
2055-04-24	1.00
2055-04-25	1.00
2055-04-26	0.97
2055-04-27	1.00
2055-04-28	1.00
2055-04-29	1.00
2055-04-30	1.00
2055-05-01	1.00
2055-05-02	1.00
2055-05-03	1.00
2055-05-04	1.00
2055-05-05	1.00
2055-05-06	1.00
2055-05-07	1.00
2055-05-08	1.00
2055-05-09	1.00
2055-05-10	0.96
2055-05-11	0.95
2055-05-12	0.94
2055-05-13	0.94
2055-05-14	0.94
2055-05-15	0.93
2055-05-16	0.95
2055-05-17	0.94
2055-05-18	0.95
2055-05-19	1.00
2055-05-20	1.00
2055-05-21	1.00
2055-05-22	0.96
2055-05-23	0.96
2055-05-24	1.00
2055-05-25	1.00
2055-05-26	1.00
2055-05-27	1.00
2055-05-28	1.00
2055-05-29	1.00
2055-05-30	1.00
2055-05-31	1.00
2055-06-01	0.96
2055-06-02	0.93
2055-06-03	0.94
2055-06-04	0.92
2055-06-05	0.93
2055-06-06	0.96
2055-06-07	0.95
2055-06-08	0.94
2055-06-09	0.92
2055-06-10	0.92
2055-06-11	0.94
2055-06-12	0.92
2055-06-13	0.91
2055-06-14	0.90
2055-06-15	0.90
2055-06-16	0.91
2055-06-17	0.90
2055-06-18	0.90
2055-06-19	0.89
2055-06-20	0.89
2055-06-21	0.89
2055-06-22	0.89
2055-06-23	0.90
2055-06-24	0.92
2055-06-25	0.95
2055-06-26	0.94
2055-06-27	0.93
2055-06-28	0.95
2055-06-29	1.00
2055-06-30	1.00
2055-07-01	1.00
2055-07-02	0.96
2055-07-03	0.93
2055-07-04	1.00
2055-07-05	0.97
2055-07-06	0.96
2055-07-07	0.93
2055-07-08	0.93
2055-07-09	1.00
2055-07-10	0.97
2055-07-11	0.96
2055-07-12	0.95
2055-07-13	0.94
2055-07-14	0.92
2055-07-15	0.92
2055-07-16	0.92
2055-07-17	0.92
2055-07-18	0.91
2055-07-19	0.91
2055-07-20	0.92
2055-07-21	0.92
2055-07-22	0.93
2055-07-23	0.96
2055-07-24	0.96
2055-07-25	0.93
2055-07-26	0.92
2055-07-27	0.92
2055-07-28	0.92
2055-07-29	0.92
2055-07-30	0.92
2055-07-31	0.92
2055-08-01	0.91
2055-08-02	0.91
2055-08-03	0.91
2055-08-04	0.91
2055-08-05	0.91
2055-08-06	0.91
2055-08-07	0.91
2055-08-08	0.92
2055-08-09	0.93
2055-08-10	0.92
2055-08-11	0.95
2055-08-12	0.96
2055-08-13	0.95
2055-08-14	0.91
2055-08-15	0.93
2055-08-16	0.94
2055-08-17	0.91
2055-08-18	0.91
2055-08-19	0.92
2055-08-20	0.93
2055-08-21	0.94
2055-08-22	0.92
2055-08-23	0.91
2055-08-24	0.92
2055-08-25	0.92
2055-08-26	0.91
2055-08-27	0.90
2055-08-28	0.90
2055-08-29	0.91
2055-08-30	0.91
2055-08-31	0.91
2055-09-01	0.95
2055-09-02	1.00
2055-09-03	0.96
2055-09-04	0.96
2055-09-05	1.00
2055-09-06	1.00
2055-09-07	0.96
2055-09-08	0.92
2055-09-09	0.95
2055-09-10	1.00
2055-09-11	1.00
2055-09-12	1.00
2055-09-13	1.00
2055-09-14	1.00
2055-09-15	1.00
2055-09-16	1.00
2055-09-17	1.00
2055-09-18	1.00
2055-09-19	1.00
2055-09-20	1.00
2055-09-21	0.96
2055-09-22	0.96
2055-09-23	0.96
2055-09-24	0.96
2055-09-25	1.00
2055-09-26	1.00
2055-09-27	1.00
2055-09-28	1.00
2055-09-29	1.00
2055-09-30	1.00
2055-10-01	1.00
2055-10-02	1.00
2055-10-03	1.00
2055-10-04	1.00
2055-10-05	1.00
2055-10-06	1.00
2055-10-07	1.00
2055-10-08	1.00
2055-10-09	1.00
2055-10-10	0.96
2055-10-11	0.96
2055-10-12	1.00
2055-10-13	1.00
2055-10-14	1.00
2055-10-15	1.00
2055-10-16	1.00
2055-10-17	1.00
2055-10-18	1.00
2055-10-19	0.96
2055-10-20	1.00
2055-10-21	1.00
2055-10-22	1.00
2055-10-23	1.00
2055-10-24	1.00
2055-10-25	1.00
2055-10-26	1.00
2055-10-27	1.00
2055-10-28	1.00
2055-10-29	1.00
2055-10-30	1.00
2055-10-31	0.96
2055-11-01	1.00
2055-11-02	1.00
2055-11-03	1.00
2055-11-04	1.00
2055-11-05	1.00
2055-11-06	1.00
2055-11-07	1.00
2055-11-08	1.00
2055-11-09	1.00
2055-11-10	1.00
2055-11-11	1.00
2055-11-12	1.00
2055-11-13	0.95
2055-11-14	0.96
2055-11-15	1.00
2055-11-16	1.00
2055-11-17	1.00
2055-11-18	1.00
2055-11-19	1.00
2055-11-20	1.00
2055-11-21	1.00
2055-11-22	1.00
2055-11-23	1.00
2055-11-24	1.00
2055-11-25	1.00
2055-11-26	1.00
2055-11-27	1.00
2055-11-28	1.00
2055-11-29	1.00
2055-11-30	1.00
2055-12-01	1.00
2055-12-02	1.00
2055-12-03	1.00
2055-12-04	1.00
2055-12-05	1.00
2055-12-06	1.00
2055-12-07	1.00
2055-12-08	1.00
2055-12-09	1.00
2055-12-10	1.00
2055-12-11	1.00
2055-12-12	1.00
2055-12-13	1.00
2055-12-14	1.00
2055-12-15	1.00
2055-12-16	1.00
2055-12-17	1.00
2055-12-18	1.00
2055-12-19	1.00
2055-12-20	1.00
2055-12-21	1.00
2055-12-22	1.00
2055-12-23	1.00
2055-12-24	1.00
2055-12-25	1.00
2055-12-26	1.00
2055-12-27	1.00
2055-12-28	1.00
2055-12-29	1.00
2055-12-30	1.00
2055-12-31	1.00
2056-01-01	1.00
2056-01-02	1.00
2056-01-03	1.00
2056-01-04	1.00
2056-01-05	1.00
2056-01-06	1.00
2056-01-07	1.00
2056-01-08	1.00
2056-01-09	1.00
2056-01-10	1.00
2056-01-11	1.00
2056-01-12	1.00
2056-01-13	1.00
2056-01-14	1.00
2056-01-15	1.00
2056-01-16	1.00
2056-01-17	1.00
2056-01-18	1.00
2056-01-19	1.00
2056-01-20	1.00
2056-01-21	1.00
2056-01-22	1.00
2056-01-23	1.00
2056-01-24	1.00
2056-01-25	1.00
2056-01-26	1.00
2056-01-27	1.00
2056-01-28	1.00
2056-01-29	1.00
2056-01-30	1.00
2056-01-31	1.00
2056-02-01	1.00
2056-02-02	1.00
2056-02-03	1.00
2056-02-04	1.00
2056-02-05	1.00
2056-02-06	1.00
2056-02-07	1.00
2056-02-08	1.00
2056-02-09	1.00
2056-02-10	1.00
2056-02-11	1.00
2056-02-12	1.00
2056-02-13	1.00
2056-02-14	1.00
2056-02-15	1.00
2056-02-16	1.00
2056-02-17	1.00
2056-02-18	1.00
2056-02-19	1.00
2056-02-20	1.00
2056-02-21	1.00
2056-02-22	1.00
2056-02-23	1.00
2056-02-24	1.00
2056-02-25	1.00
2056-02-26	1.00
2056-02-27	1.00
2056-02-28	1.00
2056-02-29	1.00
2056-03-01	1.00
2056-03-02	1.00
2056-03-03	1.00
2056-03-04	1.00
2056-03-05	1.00
2056-03-06	1.00
2056-03-07	1.00
2056-03-08	1.00
2056-03-09	1.00
2056-03-10	1.00
2056-03-11	1.00
2056-03-12	1.00
2056-03-13	1.00
2056-03-14	1.00
2056-03-15	1.00
2056-03-16	1.00
2056-03-17	1.00
2056-03-18	1.00
2056-03-19	1.00
2056-03-20	1.00
2056-03-21	1.00
2056-03-22	1.00
2056-03-23	1.00
2056-03-24	1.00
2056-03-25	1.00
2056-03-26	1.00
2056-03-27	1.00
2056-03-28	1.00
2056-03-29	1.00
2056-03-30	1.00
2056-03-31	1.00
2056-04-01	1.00
2056-04-02	1.00
2056-04-03	1.00
2056-04-04	1.00
2056-04-05	1.00
2056-04-06	1.00
2056-04-07	1.00
2056-04-08	1.00
2056-04-09	1.00
2056-04-10	1.00
2056-04-11	1.00
2056-04-12	1.00
2056-04-13	1.00
2056-04-14	1.00
2056-04-15	1.00
2056-04-16	1.00
2056-04-17	1.00
2056-04-18	1.00
2056-04-19	1.00
2056-04-20	1.00
2056-04-21	1.00
2056-04-22	1.00
2056-04-23	1.00
2056-04-24	1.00
2056-04-25	1.00
2056-04-26	1.00
2056-04-27	0.97
2056-04-28	1.00
2056-04-29	1.00
2056-04-30	1.00
2056-05-01	0.97
2056-05-02	0.95
2056-05-03	0.95
2056-05-04	0.95
2056-05-05	0.96
2056-05-06	0.97
2056-05-07	1.00
2056-05-08	1.00
2056-05-09	1.00
2056-05-10	1.00
2056-05-11	1.00
2056-05-12	1.00
2056-05-13	1.00
2056-05-14	1.00
2056-05-15	1.00
2056-05-16	1.00
2056-05-17	1.00
2056-05-18	1.00
2056-05-19	0.97
2056-05-20	0.96
2056-05-21	0.93
2056-05-22	0.93
2056-05-23	0.96
2056-05-24	0.95
2056-05-25	0.95
2056-05-26	1.00
2056-05-27	0.96
2056-05-28	0.95
2056-05-29	0.94
2056-05-30	0.94
2056-05-31	0.94
2056-06-01	0.94
2056-06-02	0.95
2056-06-03	1.00
2056-06-04	1.00
2056-06-05	0.96
2056-06-06	1.00
2056-06-07	1.00
2056-06-08	1.00
2056-06-09	0.96
2056-06-10	1.00
2056-06-11	0.97
2056-06-12	1.00
2056-06-13	1.00
2056-06-14	0.96
2056-06-15	0.95
2056-06-16	0.92
2056-06-17	0.91
2056-06-18	0.91
2056-06-19	0.94
2056-06-20	0.93
2056-06-21	0.95
2056-06-22	0.96
2056-06-23	0.96
2056-06-24	0.93
2056-06-25	0.95
2056-06-26	1.00
2056-06-27	1.00
2056-06-28	1.00
2056-06-29	0.96
2056-06-30	0.95
2056-07-01	0.94
2056-07-02	0.94
2056-07-03	0.93
2056-07-04	0.93
2056-07-05	0.93
2056-07-06	0.92
2056-07-07	0.96
2056-07-08	1.00
2056-07-09	0.94
2056-07-10	0.91
2056-07-11	0.92
2056-07-12	0.91
2056-07-13	0.95
2056-07-14	0.96
2056-07-15	0.95
2056-07-16	0.92
2056-07-17	0.92
2056-07-18	0.91
2056-07-19	0.91
2056-07-20	0.93
2056-07-21	0.91
2056-07-22	0.91
2056-07-23	0.92
2056-07-24	0.90
2056-07-25	0.90
2056-07-26	0.89
2056-07-27	0.90
2056-07-28	0.92
2056-07-29	0.95
2056-07-30	0.95
2056-07-31	0.96
2056-08-01	0.95
2056-08-02	0.95
2056-08-03	0.95
2056-08-04	0.95
2056-08-05	0.94
2056-08-06	0.92
2056-08-07	0.94
2056-08-08	0.94
2056-08-09	0.94
2056-08-10	0.95
2056-08-11	0.95
2056-08-12	0.94
2056-08-13	0.93
2056-08-14	0.92
2056-08-15	0.91
2056-08-16	0.92
2056-08-17	0.92
2056-08-18	0.92
2056-08-19	0.91
2056-08-20	0.91
2056-08-21	0.91
2056-08-22	0.92
2056-08-23	0.91
2056-08-24	0.94
2056-08-25	0.95
2056-08-26	0.93
2056-08-27	0.92
2056-08-28	0.91
2056-08-29	0.91
2056-08-30	0.92
2056-08-31	0.92
2056-09-01	0.93
2056-09-02	0.92
2056-09-03	0.92
2056-09-04	0.94
2056-09-05	0.94
2056-09-06	0.92
2056-09-07	0.92
2056-09-08	0.91
2056-09-09	0.92
2056-09-10	0.93
2056-09-11	0.95
2056-09-12	0.95
2056-09-13	0.93
2056-09-14	0.93
2056-09-15	0.95
2056-09-16	1.00
2056-09-17	1.00
2056-09-18	1.00
2056-09-19	1.00
2056-09-20	0.96
2056-09-21	0.97
2056-09-22	0.96
2056-09-23	0.94
2056-09-24	0.94
2056-09-25	0.97
2056-09-26	0.97
2056-09-27	0.97
2056-09-28	0.96
2056-09-29	0.96
2056-09-30	1.00
2056-10-01	1.00
2056-10-02	1.00
2056-10-03	1.00
2056-10-04	0.96
2056-10-05	1.00
2056-10-06	1.00
2056-10-07	1.00
2056-10-08	1.00
2056-10-09	1.00
2056-10-10	1.00
2056-10-11	1.00
2056-10-12	0.96
2056-10-13	0.96
2056-10-14	0.96
2056-10-15	0.93
2056-10-16	0.94
2056-10-17	0.97
2056-10-18	1.00
2056-10-19	1.00
2056-10-20	1.00
2056-10-21	1.00
2056-10-22	1.00
2056-10-23	1.00
2056-10-24	1.00
2056-10-25	1.00
2056-10-26	0.96
2056-10-27	0.96
2056-10-28	1.00
2056-10-29	1.00
2056-10-30	1.00
2056-10-31	1.00
2056-11-01	1.00
2056-11-02	1.00
2056-11-03	1.00
2056-11-04	1.00
2056-11-05	1.00
2056-11-06	1.00
2056-11-07	1.00
2056-11-08	1.00
2056-11-09	1.00
2056-11-10	1.00
2056-11-11	1.00
2056-11-12	1.00
2056-11-13	1.00
2056-11-14	1.00
2056-11-15	1.00
2056-11-16	1.00
2056-11-17	1.00
2056-11-18	1.00
2056-11-19	1.00
2056-11-20	1.00
2056-11-21	1.00
2056-11-22	1.00
2056-11-23	1.00
2056-11-24	1.00
2056-11-25	1.00
2056-11-26	1.00
2056-11-27	1.00
2056-11-28	1.00
2056-11-29	1.00
2056-11-30	1.00
2056-12-01	1.00
2056-12-02	1.00
2056-12-03	1.00
2056-12-04	1.00
2056-12-05	1.00
2056-12-06	1.00
2056-12-07	1.00
2056-12-08	1.00
2056-12-09	1.00
2056-12-10	1.00
2056-12-11	1.00
2056-12-12	1.00
2056-12-13	1.00
2056-12-14	1.00
2056-12-15	1.00
2056-12-16	1.00
2056-12-17	1.00
2056-12-18	1.00
2056-12-19	1.00
2056-12-20	1.00
2056-12-21	1.00
2056-12-22	1.00
2056-12-23	1.00
2056-12-24	1.00
2056-12-25	1.00
2056-12-26	1.00
2056-12-27	1.00
2056-12-28	1.00
2056-12-29	1.00
2056-12-30	1.00
2056-12-31	1.00
2057-01-01	1.00
2057-01-02	1.00
2057-01-03	1.00
2057-01-04	1.00
2057-01-05	1.00
2057-01-06	1.00
2057-01-07	1.00
2057-01-08	1.00
2057-01-09	1.00
2057-01-10	1.00
2057-01-11	1.00
2057-01-12	1.00
2057-01-13	1.00
2057-01-14	1.00
2057-01-15	1.00
2057-01-16	1.00
2057-01-17	1.00
2057-01-18	1.00
2057-01-19	1.00
2057-01-20	1.00
2057-01-21	1.00
2057-01-22	1.00
2057-01-23	1.00
2057-01-24	1.00
2057-01-25	1.00
2057-01-26	1.00
2057-01-27	1.00
2057-01-28	1.00
2057-01-29	1.00
2057-01-30	1.00
2057-01-31	1.00
2057-02-01	1.00
2057-02-02	1.00
2057-02-03	1.00
2057-02-04	1.00
2057-02-05	1.00
2057-02-06	1.00
2057-02-07	1.00
2057-02-08	1.00
2057-02-09	1.00
2057-02-10	1.00
2057-02-11	1.00
2057-02-12	1.00
2057-02-13	1.00
2057-02-14	1.00
2057-02-15	1.00
2057-02-16	1.00
2057-02-17	1.00
2057-02-18	1.00
2057-02-19	1.00
2057-02-20	1.00
2057-02-21	1.00
2057-02-22	1.00
2057-02-23	1.00
2057-02-24	1.00
2057-02-25	1.00
2057-02-26	1.00
2057-02-27	1.00
2057-02-28	1.00
2057-03-01	1.00
2057-03-02	1.00
2057-03-03	1.00
2057-03-04	1.00
2057-03-05	1.00
2057-03-06	1.00
2057-03-07	1.00
2057-03-08	1.00
2057-03-09	1.00
2057-03-10	1.00
2057-03-11	1.00
2057-03-12	1.00
2057-03-13	1.00
2057-03-14	1.00
2057-03-15	1.00
2057-03-16	1.00
2057-03-17	1.00
2057-03-18	1.00
2057-03-19	1.00
2057-03-20	1.00
2057-03-21	1.00
2057-03-22	1.00
2057-03-23	1.00
2057-03-24	1.00
2057-03-25	1.00
2057-03-26	1.00
2057-03-27	1.00
2057-03-28	1.00
2057-03-29	1.00
2057-03-30	1.00
2057-03-31	1.00
2057-04-01	1.00
2057-04-02	1.00
2057-04-03	1.00
2057-04-04	1.00
2057-04-05	1.00
2057-04-06	1.00
2057-04-07	1.00
2057-04-08	1.00
2057-04-09	1.00
2057-04-10	1.00
2057-04-11	0.97
2057-04-12	1.00
2057-04-13	1.00
2057-04-14	1.00
2057-04-15	1.00
2057-04-16	1.00
2057-04-17	1.00
2057-04-18	1.00
2057-04-19	1.00
2057-04-20	1.00
2057-04-21	0.96
2057-04-22	0.95
2057-04-23	0.96
2057-04-24	1.00
2057-04-25	1.00
2057-04-26	1.00
2057-04-27	1.00
2057-04-28	1.00
2057-04-29	1.00
2057-04-30	1.00
2057-05-01	1.00
2057-05-02	1.00
2057-05-03	1.00
2057-05-04	1.00
2057-05-05	1.00
2057-05-06	1.00
2057-05-07	1.00
2057-05-08	1.00
2057-05-09	0.95
2057-05-10	0.95
2057-05-11	0.95
2057-05-12	0.95
2057-05-13	1.00
2057-05-14	1.00
2057-05-15	1.00
2057-05-16	1.00
2057-05-17	0.97
2057-05-18	0.95
2057-05-19	0.95
2057-05-20	0.95
2057-05-21	0.95
2057-05-22	1.00
2057-05-23	1.00
2057-05-24	0.96
2057-05-25	0.95
2057-05-26	0.94
2057-05-27	0.95
2057-05-28	0.95
2057-05-29	0.92
2057-05-30	0.93
2057-05-31	0.93
2057-06-01	0.93
2057-06-02	0.95
2057-06-03	0.95
2057-06-04	1.00
2057-06-05	1.00
2057-06-06	1.00
2057-06-07	1.00
2057-06-08	0.95
2057-06-09	0.93
2057-06-10	0.93
2057-06-11	0.92
2057-06-12	0.92
2057-06-13	0.92
2057-06-14	0.91
2057-06-15	0.95
2057-06-16	0.95
2057-06-17	1.00
2057-06-18	1.00
2057-06-19	0.97
2057-06-20	0.95
2057-06-21	0.94
2057-06-22	0.96
2057-06-23	0.96
2057-06-24	0.95
2057-06-25	0.95
2057-06-26	0.92
2057-06-27	0.93
2057-06-28	0.95
2057-06-29	0.96
2057-06-30	0.96
2057-07-01	0.96
2057-07-02	0.96
2057-07-03	0.95
2057-07-04	0.95
2057-07-05	0.94
2057-07-06	0.92
2057-07-07	0.92
2057-07-08	0.92
2057-07-09	0.92
2057-07-10	0.91
2057-07-11	0.91
2057-07-12	0.91
2057-07-13	0.93
2057-07-14	0.93
2057-07-15	0.91
2057-07-16	0.92
2057-07-17	0.93
2057-07-18	0.93
2057-07-19	0.92
2057-07-20	0.91
2057-07-21	0.90
2057-07-22	0.91
2057-07-23	0.91
2057-07-24	0.91
2057-07-25	0.91
2057-07-26	0.91
2057-07-27	0.91
2057-07-28	0.91
2057-07-29	0.92
2057-07-30	0.93
2057-07-31	0.95
2057-08-01	0.94
2057-08-02	0.92
2057-08-03	0.92
2057-08-04	0.92
2057-08-05	0.92
2057-08-06	0.92
2057-08-07	0.92
2057-08-08	0.91
2057-08-09	0.91
2057-08-10	0.92
2057-08-11	0.92
2057-08-12	0.91
2057-08-13	0.92
2057-08-14	0.96
2057-08-15	1.00
2057-08-16	0.96
2057-08-17	0.96
2057-08-18	0.94
2057-08-19	0.93
2057-08-20	0.94
2057-08-21	0.92
2057-08-22	0.92
2057-08-23	0.92
2057-08-24	0.92
2057-08-25	0.92
2057-08-26	0.91
2057-08-27	0.91
2057-08-28	0.92
2057-08-29	0.91
2057-08-30	0.92
2057-08-31	0.92
2057-09-01	0.94
2057-09-02	0.93
2057-09-03	0.92
2057-09-04	0.91
2057-09-05	0.91
2057-09-06	0.91
2057-09-07	0.91
2057-09-08	0.92
2057-09-09	0.92
2057-09-10	0.91
2057-09-11	0.91
2057-09-12	0.92
2057-09-13	0.95
2057-09-14	0.96
2057-09-15	0.97
2057-09-16	0.95
2057-09-17	1.00
2057-09-18	1.00
2057-09-19	1.00
2057-09-20	0.96
2057-09-21	0.93
2057-09-22	0.93
2057-09-23	0.96
2057-09-24	0.95
2057-09-25	0.95
2057-09-26	1.00
2057-09-27	1.00
2057-09-28	1.00
2057-09-29	1.00
2057-09-30	1.00
2057-10-01	1.00
2057-10-02	1.00
2057-10-03	1.00
2057-10-04	1.00
2057-10-05	1.00
2057-10-06	1.00
2057-10-07	0.96
2057-10-08	0.96
2057-10-09	0.96
2057-10-10	0.97
2057-10-11	1.00
2057-10-12	1.00
2057-10-13	1.00
2057-10-14	1.00
2057-10-15	1.00
2057-10-16	0.96
2057-10-17	0.96
2057-10-18	0.97
2057-10-19	1.00
2057-10-20	1.00
2057-10-21	1.00
2057-10-22	1.00
2057-10-23	1.00
2057-10-24	1.00
2057-10-25	1.00
2057-10-26	1.00
2057-10-27	1.00
2057-10-28	1.00
2057-10-29	1.00
2057-10-30	1.00
2057-10-31	1.00
2057-11-01	1.00
2057-11-02	1.00
2057-11-03	1.00
2057-11-04	1.00
2057-11-05	1.00
2057-11-06	1.00
2057-11-07	1.00
2057-11-08	1.00
2057-11-09	1.00
2057-11-10	1.00
2057-11-11	1.00
2057-11-12	1.00
2057-11-13	1.00
2057-11-14	1.00
2057-11-15	1.00
2057-11-16	1.00
2057-11-17	1.00
2057-11-18	1.00
2057-11-19	1.00
2057-11-20	1.00
2057-11-21	1.00
2057-11-22	1.00
2057-11-23	1.00
2057-11-24	1.00
2057-11-25	1.00
2057-11-26	1.00
2057-11-27	1.00
2057-11-28	1.00
2057-11-29	1.00
2057-11-30	1.00
2057-12-01	1.00
2057-12-02	1.00
2057-12-03	1.00
2057-12-04	1.00
2057-12-05	1.00
2057-12-06	1.00
2057-12-07	1.00
2057-12-08	1.00
2057-12-09	1.00
2057-12-10	1.00
2057-12-11	1.00
2057-12-12	1.00
2057-12-13	1.00
2057-12-14	1.00
2057-12-15	1.00
2057-12-16	1.00
2057-12-17	1.00
2057-12-18	1.00
2057-12-19	1.00
2057-12-20	1.00
2057-12-21	1.00
2057-12-22	1.00
2057-12-23	1.00
2057-12-24	1.00
2057-12-25	1.00
2057-12-26	1.00
2057-12-27	1.00
2057-12-28	1.00
2057-12-29	1.00
2057-12-30	1.00
2057-12-31	1.00
2058-01-01	1.00
2058-01-02	1.00
2058-01-03	1.00
2058-01-04	1.00
2058-01-05	1.00
2058-01-06	1.00
2058-01-07	1.00
2058-01-08	1.00
2058-01-09	1.00
2058-01-10	1.00
2058-01-11	1.00
2058-01-12	1.00
2058-01-13	1.00
2058-01-14	1.00
2058-01-15	1.00
2058-01-16	1.00
2058-01-17	1.00
2058-01-18	1.00
2058-01-19	1.00
2058-01-20	1.00
2058-01-21	1.00
2058-01-22	1.00
2058-01-23	1.00
2058-01-24	1.00
2058-01-25	1.00
2058-01-26	1.00
2058-01-27	1.00
2058-01-28	1.00
2058-01-29	1.00
2058-01-30	1.00
2058-01-31	1.00
2058-02-01	1.00
2058-02-02	1.00
2058-02-03	1.00
2058-02-04	1.00
2058-02-05	1.00
2058-02-06	1.00
2058-02-07	1.00
2058-02-08	1.00
2058-02-09	1.00
2058-02-10	1.00
2058-02-11	1.00
2058-02-12	1.00
2058-02-13	1.00
2058-02-14	1.00
2058-02-15	1.00
2058-02-16	1.00
2058-02-17	1.00
2058-02-18	1.00
2058-02-19	1.00
2058-02-20	1.00
2058-02-21	1.00
2058-02-22	1.00
2058-02-23	1.00
2058-02-24	1.00
2058-02-25	1.00
2058-02-26	1.00
2058-02-27	1.00
2058-02-28	1.00
2058-03-01	1.00
2058-03-02	1.00
2058-03-03	1.00
2058-03-04	1.00
2058-03-05	1.00
2058-03-06	1.00
2058-03-07	1.00
2058-03-08	1.00
2058-03-09	1.00
2058-03-10	1.00
2058-03-11	1.00
2058-03-12	1.00
2058-03-13	1.00
2058-03-14	1.00
2058-03-15	1.00
2058-03-16	1.00
2058-03-17	1.00
2058-03-18	1.00
2058-03-19	1.00
2058-03-20	1.00
2058-03-21	1.00
2058-03-22	1.00
2058-03-23	1.00
2058-03-24	1.00
2058-03-25	1.00
2058-03-26	1.00
2058-03-27	1.00
2058-03-28	1.00
2058-03-29	1.00
2058-03-30	1.00
2058-03-31	1.00
2058-04-01	1.00
2058-04-02	1.00
2058-04-03	1.00
2058-04-04	1.00
2058-04-05	1.00
2058-04-06	1.00
2058-04-07	1.00
2058-04-08	1.00
2058-04-09	1.00
2058-04-10	1.00
2058-04-11	1.00
2058-04-12	1.00
2058-04-13	1.00
2058-04-14	1.00
2058-04-15	1.00
2058-04-16	1.00
2058-04-17	1.00
2058-04-18	1.00
2058-04-19	1.00
2058-04-20	1.00
2058-04-21	1.00
2058-04-22	1.00
2058-04-23	1.00
2058-04-24	0.96
2058-04-25	0.96
2058-04-26	0.97
2058-04-27	1.00
2058-04-28	0.97
2058-04-29	0.96
2058-04-30	1.00
2058-05-01	1.00
2058-05-02	1.00
2058-05-03	1.00
2058-05-04	1.00
2058-05-05	1.00
2058-05-06	1.00
2058-05-07	1.00
2058-05-08	1.00
2058-05-09	1.00
2058-05-10	1.00
2058-05-11	0.96
2058-05-12	0.96
2058-05-13	0.96
2058-05-14	0.96
2058-05-15	0.95
2058-05-16	0.94
2058-05-17	0.94
2058-05-18	0.94
2058-05-19	0.93
2058-05-20	0.94
2058-05-21	0.93
2058-05-22	0.93
2058-05-23	0.95
2058-05-24	0.95
2058-05-25	1.00
2058-05-26	1.00
2058-05-27	1.00
2058-05-28	1.00
2058-05-29	0.96
2058-05-30	0.96
2058-05-31	0.97
2058-06-01	1.00
2058-06-02	0.95
2058-06-03	0.95
2058-06-04	0.95
2058-06-05	0.95
2058-06-06	1.00
2058-06-07	0.96
2058-06-08	0.94
2058-06-09	0.94
2058-06-10	0.95
2058-06-11	0.95
2058-06-12	0.93
2058-06-13	0.95
2058-06-14	1.00
2058-06-15	0.96
2058-06-16	0.94
2058-06-17	0.92
2058-06-18	0.95
2058-06-19	0.95
2058-06-20	0.96
2058-06-21	0.95
2058-06-22	0.95
2058-06-23	0.93
2058-06-24	0.94
2058-06-25	0.94
2058-06-26	0.92
2058-06-27	0.92
2058-06-28	0.92
2058-06-29	0.91
2058-06-30	0.91
2058-07-01	0.91
2058-07-02	0.91
2058-07-03	0.91
2058-07-04	0.91
2058-07-05	0.93
2058-07-06	0.94
2058-07-07	0.90
2058-07-08	0.93
2058-07-09	0.95
2058-07-10	0.93
2058-07-11	0.92
2058-07-12	0.90
2058-07-13	0.92
2058-07-14	0.92
2058-07-15	0.91
2058-07-16	0.91
2058-07-17	0.91
2058-07-18	0.91
2058-07-19	0.91
2058-07-20	0.92
2058-07-21	0.91
2058-07-22	0.91
2058-07-23	0.91
2058-07-24	0.91
2058-07-25	0.91
2058-07-26	0.94
2058-07-27	0.95
2058-07-28	0.91
2058-07-29	0.91
2058-07-30	0.92
2058-07-31	0.93
2058-08-01	0.93
2058-08-02	0.91
2058-08-03	0.91
2058-08-04	0.91
2058-08-05	0.92
2058-08-06	0.96
2058-08-07	1.00
2058-08-08	0.96
2058-08-09	0.96
2058-08-10	0.95
2058-08-11	0.94
2058-08-12	0.92
2058-08-13	0.92
2058-08-14	0.95
2058-08-15	0.94
2058-08-16	0.93
2058-08-17	0.93
2058-08-18	0.94
2058-08-19	0.95
2058-08-20	0.96
2058-08-21	0.95
2058-08-22	0.95
2058-08-23	0.94
2058-08-24	0.93
2058-08-25	0.92
2058-08-26	0.92
2058-08-27	0.92
2058-08-28	0.93
2058-08-29	0.94
2058-08-30	0.92
2058-08-31	0.91
2058-09-01	0.93
2058-09-02	0.92
2058-09-03	0.93
2058-09-04	0.93
2058-09-05	0.93
2058-09-06	0.93
2058-09-07	0.94
2058-09-08	0.96
2058-09-09	0.93
2058-09-10	0.93
2058-09-11	1.00
2058-09-12	1.00
2058-09-13	1.00
2058-09-14	1.00
2058-09-15	1.00
2058-09-16	0.96
2058-09-17	0.95
2058-09-18	0.96
2058-09-19	1.00
2058-09-20	1.00
2058-09-21	1.00
2058-09-22	1.00
2058-09-23	0.97
2058-09-24	1.00
2058-09-25	1.00
2058-09-26	1.00
2058-09-27	1.00
2058-09-28	1.00
2058-09-29	1.00
2058-09-30	1.00
2058-10-01	0.97
2058-10-02	1.00
2058-10-03	1.00
2058-10-04	1.00
2058-10-05	0.96
2058-10-06	0.95
2058-10-07	0.95
2058-10-08	0.95
2058-10-09	1.00
2058-10-10	1.00
2058-10-11	1.00
2058-10-12	0.92
2058-10-13	0.95
2058-10-14	0.93
2058-10-15	1.00
2058-10-16	1.00
2058-10-17	1.00
2058-10-18	1.00
2058-10-19	1.00
2058-10-20	1.00
2058-10-21	1.00
2058-10-22	1.00
2058-10-23	1.00
2058-10-24	0.96
2058-10-25	0.97
2058-10-26	0.96
2058-10-27	0.97
2058-10-28	1.00
2058-10-29	1.00
2058-10-30	1.00
2058-10-31	1.00
2058-11-01	1.00
2058-11-02	1.00
2058-11-03	1.00
2058-11-04	1.00
2058-11-05	1.00
2058-11-06	1.00
2058-11-07	0.96
2058-11-08	1.00
2058-11-09	1.00
2058-11-10	1.00
2058-11-11	1.00
2058-11-12	1.00
2058-11-13	1.00
2058-11-14	1.00
2058-11-15	1.00
2058-11-16	1.00
2058-11-17	1.00
2058-11-18	1.00
2058-11-19	1.00
2058-11-20	1.00
2058-11-21	1.00
2058-11-22	0.96
2058-11-23	1.00
2058-11-24	1.00
2058-11-25	1.00
2058-11-26	1.00
2058-11-27	1.00
2058-11-28	1.00
2058-11-29	1.00
2058-11-30	1.00
2058-12-01	1.00
2058-12-02	0.97
2058-12-03	1.00
2058-12-04	1.00
2058-12-05	1.00
2058-12-06	1.00
2058-12-07	1.00
2058-12-08	1.00
2058-12-09	1.00
2058-12-10	1.00
2058-12-11	1.00
2058-12-12	1.00
2058-12-13	1.00
2058-12-14	1.00
2058-12-15	1.00
2058-12-16	1.00
2058-12-17	1.00
2058-12-18	1.00
2058-12-19	1.00
2058-12-20	1.00
2058-12-21	1.00
2058-12-22	1.00
2058-12-23	1.00
2058-12-24	1.00
2058-12-25	1.00
2058-12-26	1.00
2058-12-27	1.00
2058-12-28	1.00
2058-12-29	1.00
2058-12-30	1.00
2058-12-31	1.00
2059-01-01	1.00
2059-01-02	1.00
2059-01-03	1.00
2059-01-04	1.00
2059-01-05	1.00
2059-01-06	1.00
2059-01-07	1.00
2059-01-08	1.00
2059-01-09	1.00
2059-01-10	1.00
2059-01-11	1.00
2059-01-12	1.00
2059-01-13	1.00
2059-01-14	1.00
2059-01-15	1.00
2059-01-16	1.00
2059-01-17	1.00
2059-01-18	1.00
2059-01-19	1.00
2059-01-20	1.00
2059-01-21	1.00
2059-01-22	1.00
2059-01-23	1.00
2059-01-24	1.00
2059-01-25	1.00
2059-01-26	1.00
2059-01-27	1.00
2059-01-28	1.00
2059-01-29	1.00
2059-01-30	1.00
2059-01-31	1.00
2059-02-01	1.00
2059-02-02	1.00
2059-02-03	1.00
2059-02-04	1.00
2059-02-05	1.00
2059-02-06	1.00
2059-02-07	1.00
2059-02-08	1.00
2059-02-09	1.00
2059-02-10	1.00
2059-02-11	1.00
2059-02-12	1.00
2059-02-13	1.00
2059-02-14	1.00
2059-02-15	1.00
2059-02-16	1.00
2059-02-17	1.00
2059-02-18	1.00
2059-02-19	1.00
2059-02-20	1.00
2059-02-21	1.00
2059-02-22	1.00
2059-02-23	1.00
2059-02-24	1.00
2059-02-25	1.00
2059-02-26	1.00
2059-02-27	1.00
2059-02-28	1.00
2059-03-01	1.00
2059-03-02	1.00
2059-03-03	1.00
2059-03-04	1.00
2059-03-05	1.00
2059-03-06	1.00
2059-03-07	0.97
2059-03-08	0.97
2059-03-09	1.00
2059-03-10	1.00
2059-03-11	1.00
2059-03-12	1.00
2059-03-13	1.00
2059-03-14	1.00
2059-03-15	1.00
2059-03-16	1.00
2059-03-17	1.00
2059-03-18	1.00
2059-03-19	1.00
2059-03-20	1.00
2059-03-21	1.00
2059-03-22	1.00
2059-03-23	1.00
2059-03-24	1.00
2059-03-25	1.00
2059-03-26	1.00
2059-03-27	1.00
2059-03-28	1.00
2059-03-29	1.00
2059-03-30	1.00
2059-03-31	1.00
2059-04-01	1.00
2059-04-02	1.00
2059-04-03	1.00
2059-04-04	1.00
2059-04-05	1.00
2059-04-06	1.00
2059-04-07	1.00
2059-04-08	1.00
2059-04-09	1.00
2059-04-10	1.00
2059-04-11	1.00
2059-04-12	1.00
2059-04-13	1.00
2059-04-14	1.00
2059-04-15	0.97
2059-04-16	0.97
2059-04-17	0.96
2059-04-18	0.96
2059-04-19	0.96
2059-04-20	0.95
2059-04-21	0.95
2059-04-22	0.97
2059-04-23	1.00
2059-04-24	1.00
2059-04-25	1.00
2059-04-26	1.00
2059-04-27	1.00
2059-04-28	1.00
2059-04-29	1.00
2059-04-30	1.00
2059-05-01	1.00
2059-05-02	1.00
2059-05-03	1.00
2059-05-04	0.96
2059-05-05	0.96
2059-05-06	0.95
2059-05-07	0.95
2059-05-08	1.00
2059-05-09	1.00
2059-05-10	1.00
2059-05-11	1.00
2059-05-12	1.00
2059-05-13	1.00
2059-05-14	1.00
2059-05-15	1.00
2059-05-16	1.00
2059-05-17	1.00
2059-05-18	1.00
2059-05-19	1.00
2059-05-20	1.00
2059-05-21	1.00
2059-05-22	1.00
2059-05-23	1.00
2059-05-24	1.00
2059-05-25	1.00
2059-05-26	1.00
2059-05-27	0.97
2059-05-28	0.96
2059-05-29	0.95
2059-05-30	0.96
2059-05-31	0.96
2059-06-01	0.96
2059-06-02	0.96
2059-06-03	0.95
2059-06-04	0.95
2059-06-05	0.93
2059-06-06	0.92
2059-06-07	0.92
2059-06-08	0.92
2059-06-09	0.92
2059-06-10	0.92
2059-06-11	0.91
2059-06-12	0.93
2059-06-13	1.00
2059-06-14	1.00
2059-06-15	1.00
2059-06-16	1.00
2059-06-17	0.95
2059-06-18	0.92
2059-06-19	0.95
2059-06-20	0.96
2059-06-21	0.95
2059-06-22	0.92
2059-06-23	0.93
2059-06-24	0.95
2059-06-25	0.92
2059-06-26	0.91
2059-06-27	0.91
2059-06-28	0.95
2059-06-29	1.00
2059-06-30	0.96
2059-07-01	0.93
2059-07-02	0.92
2059-07-03	0.91
2059-07-04	0.92
2059-07-05	0.93
2059-07-06	1.00
2059-07-07	0.97
2059-07-08	0.95
2059-07-09	0.93
2059-07-10	0.95
2059-07-11	0.93
2059-07-12	0.94
2059-07-13	0.96
2059-07-14	0.95
2059-07-15	0.95
2059-07-16	0.93
2059-07-17	0.93
2059-07-18	0.96
2059-07-19	0.95
2059-07-20	0.92
2059-07-21	0.92
2059-07-22	0.92
2059-07-23	0.91
2059-07-24	0.91
2059-07-25	0.92
2059-07-26	0.91
2059-07-27	0.91
2059-07-28	0.91
2059-07-29	0.92
2059-07-30	0.93
2059-07-31	0.94
2059-08-01	0.93
2059-08-02	0.91
2059-08-03	0.92
2059-08-04	0.92
2059-08-05	0.92
2059-08-06	0.92
2059-08-07	0.95
2059-08-08	0.95
2059-08-09	0.92
2059-08-10	0.91
2059-08-11	0.92
2059-08-12	0.96
2059-08-13	0.96
2059-08-14	0.96
2059-08-15	0.95
2059-08-16	0.95
2059-08-17	0.96
2059-08-18	0.95
2059-08-19	0.95
2059-08-20	0.94
2059-08-21	0.95
2059-08-22	0.93
2059-08-23	0.92
2059-08-24	0.93
2059-08-25	0.93
2059-08-26	0.96
2059-08-27	0.96
2059-08-28	0.96
2059-08-29	0.95
2059-08-30	0.95
2059-08-31	0.95
2059-09-01	0.95
2059-09-02	0.95
2059-09-03	0.95
2059-09-04	0.95
2059-09-05	0.93
2059-09-06	0.92
2059-09-07	0.93
2059-09-08	0.96
2059-09-09	1.00
2059-09-10	0.96
2059-09-11	0.95
2059-09-12	0.95
2059-09-13	0.93
2059-09-14	0.93
2059-09-15	0.93
2059-09-16	0.93
2059-09-17	0.93
2059-09-18	0.92
2059-09-19	0.95
2059-09-20	1.00
2059-09-21	1.00
2059-09-22	1.00
2059-09-23	0.96
2059-09-24	0.96
2059-09-25	0.96
2059-09-26	0.96
2059-09-27	0.95
2059-09-28	0.93
2059-09-29	0.93
2059-09-30	0.93
2059-10-01	0.97
2059-10-02	1.00
2059-10-03	1.00
2059-10-04	1.00
2059-10-05	1.00
2059-10-06	1.00
2059-10-07	1.00
2059-10-08	1.00
2059-10-09	1.00
2059-10-10	0.96
2059-10-11	0.96
2059-10-12	1.00
2059-10-13	0.96
2059-10-14	1.00
2059-10-15	1.00
2059-10-16	1.00
2059-10-17	0.96
2059-10-18	0.96
2059-10-19	0.96
2059-10-20	0.94
2059-10-21	0.97
2059-10-22	1.00
2059-10-23	1.00
2059-10-24	1.00
2059-10-25	1.00
2059-10-26	1.00
2059-10-27	1.00
2059-10-28	1.00
2059-10-29	0.95
2059-10-30	1.00
2059-10-31	1.00
2059-11-01	1.00
2059-11-02	1.00
2059-11-03	1.00
2059-11-04	1.00
2059-11-05	1.00
2059-11-06	1.00
2059-11-07	1.00
2059-11-08	1.00
2059-11-09	1.00
2059-11-10	1.00
2059-11-11	1.00
2059-11-12	1.00
2059-11-13	1.00
2059-11-14	1.00
2059-11-15	1.00
2059-11-16	1.00
2059-11-17	1.00
2059-11-18	1.00
2059-11-19	1.00
2059-11-20	1.00
2059-11-21	1.00
2059-11-22	1.00
2059-11-23	1.00
2059-11-24	1.00
2059-11-25	1.00
2059-11-26	1.00
2059-11-27	1.00
2059-11-28	1.00
2059-11-29	1.00
2059-11-30	1.00
2059-12-01	1.00
2059-12-02	1.00
2059-12-03	1.00
2059-12-04	1.00
2059-12-05	1.00
2059-12-06	1.00
2059-12-07	1.00
2059-12-08	1.00
2059-12-09	1.00
2059-12-10	1.00
2059-12-11	1.00
2059-12-12	1.00
2059-12-13	1.00
2059-12-14	1.00
2059-12-15	1.00
2059-12-16	1.00
2059-12-17	1.00
2059-12-18	1.00
2059-12-19	1.00
2059-12-20	1.00
2059-12-21	1.00
2059-12-22	1.00
2059-12-23	1.00
2059-12-24	1.00
2059-12-25	1.00
2059-12-26	1.00
2059-12-27	1.00
2059-12-28	1.00
2059-12-29	1.00
2059-12-30	1.00
2059-12-31	1.00
2060-01-01	1.00
2060-01-02	1.00
2060-01-03	1.00
2060-01-04	1.00
2060-01-05	1.00
2060-01-06	1.00
2060-01-07	1.00
2060-01-08	1.00
2060-01-09	1.00
2060-01-10	1.00
2060-01-11	1.00
2060-01-12	1.00
2060-01-13	1.00
2060-01-14	1.00
2060-01-15	1.00
2060-01-16	1.00
2060-01-17	1.00
2060-01-18	1.00
2060-01-19	1.00
2060-01-20	1.00
2060-01-21	1.00
2060-01-22	1.00
2060-01-23	1.00
2060-01-24	1.00
2060-01-25	1.00
2060-01-26	1.00
2060-01-27	1.00
2060-01-28	1.00
2060-01-29	1.00
2060-01-30	1.00
2060-01-31	1.00
2060-02-01	1.00
2060-02-02	1.00
2060-02-03	1.00
2060-02-04	1.00
2060-02-05	1.00
2060-02-06	1.00
2060-02-07	1.00
2060-02-08	1.00
2060-02-09	1.00
2060-02-10	1.00
2060-02-11	1.00
2060-02-12	1.00
2060-02-13	1.00
2060-02-14	1.00
2060-02-15	1.00
2060-02-16	1.00
2060-02-17	1.00
2060-02-18	1.00
2060-02-19	1.00
2060-02-20	1.00
2060-02-21	1.00
2060-02-22	1.00
2060-02-23	1.00
2060-02-24	1.00
2060-02-25	1.00
2060-02-26	1.00
2060-02-27	1.00
2060-02-28	1.00
2060-02-29	1.00
2060-03-01	1.00
2060-03-02	1.00
2060-03-03	1.00
2060-03-04	1.00
2060-03-05	1.00
2060-03-06	1.00
2060-03-07	1.00
2060-03-08	1.00
2060-03-09	1.00
2060-03-10	1.00
2060-03-11	1.00
2060-03-12	1.00
2060-03-13	1.00
2060-03-14	1.00
2060-03-15	1.00
2060-03-16	1.00
2060-03-17	1.00
2060-03-18	1.00
2060-03-19	1.00
2060-03-20	1.00
2060-03-21	1.00
2060-03-22	1.00
2060-03-23	1.00
2060-03-24	1.00
2060-03-25	1.00
2060-03-26	1.00
2060-03-27	1.00
2060-03-28	1.00
2060-03-29	1.00
2060-03-30	1.00
2060-03-31	1.00
2060-04-01	1.00
2060-04-02	1.00
2060-04-03	1.00
2060-04-04	1.00
2060-04-05	1.00
2060-04-06	1.00
2060-04-07	1.00
2060-04-08	1.00
2060-04-09	1.00
2060-04-10	1.00
2060-04-11	1.00
2060-04-12	1.00
2060-04-13	1.00
2060-04-14	1.00
2060-04-15	1.00
2060-04-16	1.00
2060-04-17	0.97
2060-04-18	1.00
2060-04-19	1.00
2060-04-20	1.00
2060-04-21	0.96
2060-04-22	0.96
2060-04-23	0.96
2060-04-24	1.00
2060-04-25	1.00
2060-04-26	1.00
2060-04-27	1.00
2060-04-28	1.00
2060-04-29	0.96
2060-04-30	1.00
2060-05-01	1.00
2060-05-02	1.00
2060-05-03	1.00
2060-05-04	1.00
2060-05-05	1.00
2060-05-06	0.96
2060-05-07	0.95
2060-05-08	0.96
2060-05-09	1.00
2060-05-10	1.00
2060-05-11	1.00
2060-05-12	1.00
2060-05-13	1.00
2060-05-14	0.96
2060-05-15	0.95
2060-05-16	0.94
2060-05-17	0.94
2060-05-18	0.94
2060-05-19	0.97
2060-05-20	1.00
2060-05-21	1.00
2060-05-22	1.00
2060-05-23	1.00
2060-05-24	0.96
2060-05-25	0.94
2060-05-26	0.94
2060-05-27	0.95
2060-05-28	0.96
2060-05-29	0.97
2060-05-30	1.00
2060-05-31	1.00
2060-06-01	1.00
2060-06-02	1.00
2060-06-03	1.00
2060-06-04	1.00
2060-06-05	0.97
2060-06-06	0.94
2060-06-07	0.96
2060-06-08	1.00
2060-06-09	1.00
2060-06-10	1.00
2060-06-11	1.00
2060-06-12	0.96
2060-06-13	0.93
2060-06-14	0.92
2060-06-15	0.92
2060-06-16	0.92
2060-06-17	0.94
2060-06-18	1.00
2060-06-19	0.96
2060-06-20	0.91
2060-06-21	0.92
2060-06-22	0.93
2060-06-23	0.93
2060-06-24	0.94
2060-06-25	0.95
2060-06-26	0.95
2060-06-27	0.95
2060-06-28	0.94
2060-06-29	0.92
2060-06-30	0.91
2060-07-01	0.89
2060-07-02	0.90
2060-07-03	0.91
2060-07-04	0.92
2060-07-05	0.93
2060-07-06	0.93
2060-07-07	0.92
2060-07-08	0.92
2060-07-09	0.96
2060-07-10	0.96
2060-07-11	0.95
2060-07-12	0.93
2060-07-13	0.92
2060-07-14	0.92
2060-07-15	0.92
2060-07-16	0.91
2060-07-17	0.91
2060-07-18	0.92
2060-07-19	0.91
2060-07-20	0.92
2060-07-21	0.91
2060-07-22	0.92
2060-07-23	0.93
2060-07-24	0.93
2060-07-25	1.00
2060-07-26	1.00
2060-07-27	1.00
2060-07-28	0.95
2060-07-29	0.93
2060-07-30	0.92
2060-07-31	0.92
2060-08-01	0.91
2060-08-02	0.91
2060-08-03	0.91
2060-08-04	0.92
2060-08-05	0.91
2060-08-06	0.91
2060-08-07	0.93
2060-08-08	0.94
2060-08-09	0.94
2060-08-10	0.94
2060-08-11	0.94
2060-08-12	0.93
2060-08-13	0.93
2060-08-14	0.93
2060-08-15	0.93
2060-08-16	0.93
2060-08-17	0.92
2060-08-18	0.92
2060-08-19	0.91
2060-08-20	0.91
2060-08-21	0.91
2060-08-22	0.91
2060-08-23	0.91
2060-08-24	0.92
2060-08-25	0.91
2060-08-26	0.93
2060-08-27	0.96
2060-08-28	0.93
2060-08-29	0.91
2060-08-30	0.92
2060-08-31	0.93
2060-09-01	1.00
2060-09-02	1.00
2060-09-03	0.95
2060-09-04	0.94
2060-09-05	0.93
2060-09-06	0.93
2060-09-07	0.93
2060-09-08	0.93
2060-09-09	0.93
2060-09-10	0.94
2060-09-11	1.00
2060-09-12	1.00
2060-09-13	1.00
2060-09-14	0.93
2060-09-15	0.92
2060-09-16	0.92
2060-09-17	0.94
2060-09-18	0.96
2060-09-19	0.96
2060-09-20	1.00
2060-09-21	1.00
2060-09-22	0.96
2060-09-23	1.00
2060-09-24	1.00
2060-09-25	1.00
2060-09-26	1.00
2060-09-27	1.00
2060-09-28	1.00
2060-09-29	1.00
2060-09-30	1.00
2060-10-01	1.00
2060-10-02	1.00
2060-10-03	1.00
2060-10-04	1.00
2060-10-05	1.00
2060-10-06	1.00
2060-10-07	1.00
2060-10-08	1.00
2060-10-09	1.00
2060-10-10	1.00
2060-10-11	1.00
2060-10-12	1.00
2060-10-13	1.00
2060-10-14	1.00
2060-10-15	0.96
2060-10-16	0.94
2060-10-17	0.95
2060-10-18	1.00
2060-10-19	1.00
2060-10-20	1.00
2060-10-21	1.00
2060-10-22	1.00
2060-10-23	1.00
2060-10-24	0.95
2060-10-25	0.95
2060-10-26	1.00
2060-10-27	1.00
2060-10-28	1.00
2060-10-29	1.00
2060-10-30	1.00
2060-10-31	1.00
2060-11-01	1.00
2060-11-02	1.00
2060-11-03	1.00
2060-11-04	1.00
2060-11-05	1.00
2060-11-06	1.00
2060-11-07	1.00
2060-11-08	1.00
2060-11-09	1.00
2060-11-10	1.00
2060-11-11	1.00
2060-11-12	1.00
2060-11-13	1.00
2060-11-14	1.00
2060-11-15	1.00
2060-11-16	1.00
2060-11-17	1.00
2060-11-18	1.00
2060-11-19	1.00
2060-11-20	1.00
2060-11-21	1.00
2060-11-22	1.00
2060-11-23	1.00
2060-11-24	1.00
2060-11-25	1.00
2060-11-26	1.00
2060-11-27	1.00
2060-11-28	1.00
2060-11-29	1.00
2060-11-30	1.00
2060-12-01	1.00
2060-12-02	1.00
2060-12-03	1.00
2060-12-04	1.00
2060-12-05	1.00
2060-12-06	1.00
2060-12-07	1.00
2060-12-08	1.00
2060-12-09	1.00
2060-12-10	1.00
2060-12-11	1.00
2060-12-12	1.00
2060-12-13	1.00
2060-12-14	1.00
2060-12-15	1.00
2060-12-16	1.00
2060-12-17	1.00
2060-12-18	1.00
2060-12-19	1.00
2060-12-20	1.00
2060-12-21	1.00
2060-12-22	1.00
2060-12-23	1.00
2060-12-24	1.00
2060-12-25	1.00
2060-12-26	1.00
2060-12-27	1.00
2060-12-28	1.00
2060-12-29	1.00
2060-12-30	1.00
2060-12-31	1.00
2061-01-01	1.00
2061-01-02	1.00
2061-01-03	1.00
2061-01-04	1.00
2061-01-05	1.00
2061-01-06	1.00
2061-01-07	1.00
2061-01-08	1.00
2061-01-09	1.00
2061-01-10	1.00
2061-01-11	1.00
2061-01-12	1.00
2061-01-13	1.00
2061-01-14	1.00
2061-01-15	1.00
2061-01-16	1.00
2061-01-17	1.00
2061-01-18	1.00
2061-01-19	1.00
2061-01-20	1.00
2061-01-21	1.00
2061-01-22	1.00
2061-01-23	1.00
2061-01-24	1.00
2061-01-25	1.00
2061-01-26	1.00
2061-01-27	1.00
2061-01-28	1.00
2061-01-29	1.00
2061-01-30	1.00
2061-01-31	1.00
2061-02-01	1.00
2061-02-02	1.00
2061-02-03	1.00
2061-02-04	1.00
2061-02-05	1.00
2061-02-06	1.00
2061-02-07	1.00
2061-02-08	1.00
2061-02-09	1.00
2061-02-10	1.00
2061-02-11	1.00
2061-02-12	1.00
2061-02-13	1.00
2061-02-14	1.00
2061-02-15	1.00
2061-02-16	1.00
2061-02-17	1.00
2061-02-18	1.00
2061-02-19	1.00
2061-02-20	1.00
2061-02-21	1.00
2061-02-22	1.00
2061-02-23	1.00
2061-02-24	1.00
2061-02-25	1.00
2061-02-26	1.00
2061-02-27	1.00
2061-02-28	1.00
2061-03-01	1.00
2061-03-02	1.00
2061-03-03	1.00
2061-03-04	1.00
2061-03-05	1.00
2061-03-06	1.00
2061-03-07	1.00
2061-03-08	1.00
2061-03-09	1.00
2061-03-10	1.00
2061-03-11	1.00
2061-03-12	1.00
2061-03-13	1.00
2061-03-14	1.00
2061-03-15	1.00
2061-03-16	1.00
2061-03-17	1.00
2061-03-18	1.00
2061-03-19	1.00
2061-03-20	1.00
2061-03-21	1.00
2061-03-22	1.00
2061-03-23	1.00
2061-03-24	1.00
2061-03-25	1.00
2061-03-26	1.00
2061-03-27	1.00
2061-03-28	1.00
2061-03-29	1.00
2061-03-30	1.00
2061-03-31	1.00
2061-04-01	1.00
2061-04-02	1.00
2061-04-03	1.00
2061-04-04	1.00
2061-04-05	1.00
2061-04-06	1.00
2061-04-07	1.00
2061-04-08	1.00
2061-04-09	1.00
2061-04-10	1.00
2061-04-11	1.00
2061-04-12	1.00
2061-04-13	1.00
2061-04-14	1.00
2061-04-15	1.00
2061-04-16	1.00
2061-04-17	1.00
2061-04-18	1.00
2061-04-19	1.00
2061-04-20	1.00
2061-04-21	1.00
2061-04-22	1.00
2061-04-23	1.00
2061-04-24	1.00
2061-04-25	1.00
2061-04-26	1.00
2061-04-27	1.00
2061-04-28	0.97
2061-04-29	1.00
2061-04-30	1.00
2061-05-01	0.96
2061-05-02	1.00
2061-05-03	1.00
2061-05-04	1.00
2061-05-05	1.00
2061-05-06	1.00
2061-05-07	1.00
2061-05-08	1.00
2061-05-09	1.00
2061-05-10	1.00
2061-05-11	1.00
2061-05-12	1.00
2061-05-13	1.00
2061-05-14	0.97
2061-05-15	0.96
2061-05-16	0.95
2061-05-17	0.95
2061-05-18	0.95
2061-05-19	0.95
2061-05-20	0.95
2061-05-21	0.95
2061-05-22	0.94
2061-05-23	0.95
2061-05-24	0.95
2061-05-25	0.93
2061-05-26	0.94
2061-05-27	0.96
2061-05-28	1.00
2061-05-29	1.00
2061-05-30	1.00
2061-05-31	1.00
2061-06-01	1.00
2061-06-02	1.00
2061-06-03	0.94
2061-06-04	0.96
2061-06-05	0.96
2061-06-06	0.95
2061-06-07	0.93
2061-06-08	0.95
2061-06-09	0.96
2061-06-10	0.95
2061-06-11	0.94
2061-06-12	0.91
2061-06-13	0.92
2061-06-14	0.93
2061-06-15	0.95
2061-06-16	1.00
2061-06-17	0.96
2061-06-18	0.95
2061-06-19	0.94
2061-06-20	0.93
2061-06-21	0.92
2061-06-22	0.92
2061-06-23	0.94
2061-06-24	0.96
2061-06-25	0.96
2061-06-26	0.96
2061-06-27	0.96
2061-06-28	0.96
2061-06-29	0.95
2061-06-30	0.94
2061-07-01	0.92
2061-07-02	0.92
2061-07-03	0.91
2061-07-04	0.91
2061-07-05	0.91
2061-07-06	0.91
2061-07-07	0.91
2061-07-08	0.90
2061-07-09	0.91
2061-07-10	0.95
2061-07-11	0.93
2061-07-12	0.91
2061-07-13	0.91
2061-07-14	0.91
2061-07-15	0.91
2061-07-16	0.92
2061-07-17	0.92
2061-07-18	0.92
2061-07-19	0.92
2061-07-20	0.94
2061-07-21	0.92
2061-07-22	0.91
2061-07-23	0.92
2061-07-24	0.92
2061-07-25	0.95
2061-07-26	0.95
2061-07-27	0.92
2061-07-28	0.92
2061-07-29	0.92
2061-07-30	0.93
2061-07-31	0.95
2061-08-01	0.94
2061-08-02	0.95
2061-08-03	0.96
2061-08-04	0.96
2061-08-05	0.95
2061-08-06	0.92
2061-08-07	0.92
2061-08-08	0.92
2061-08-09	0.92
2061-08-10	0.91
2061-08-11	0.92
2061-08-12	0.91
2061-08-13	0.92
2061-08-14	0.93
2061-08-15	0.94
2061-08-16	0.95
2061-08-17	0.95
2061-08-18	0.95
2061-08-19	0.93
2061-08-20	0.96
2061-08-21	0.96
2061-08-22	0.95
2061-08-23	0.95
2061-08-24	0.96
2061-08-25	0.96
2061-08-26	0.96
2061-08-27	0.95
2061-08-28	0.95
2061-08-29	0.94
2061-08-30	0.95
2061-08-31	0.95
2061-09-01	0.96
2061-09-02	0.96
2061-09-03	0.95
2061-09-04	0.96
2061-09-05	0.97
2061-09-06	0.96
2061-09-07	0.96
2061-09-08	0.96
2061-09-09	0.96
2061-09-10	0.96
2061-09-11	0.96
2061-09-12	0.95
2061-09-13	0.95
2061-09-14	0.93
2061-09-15	0.95
2061-09-16	0.95
2061-09-17	0.95
2061-09-18	0.95
2061-09-19	0.94
2061-09-20	0.94
2061-09-21	0.94
2061-09-22	0.92
2061-09-23	0.92
2061-09-24	0.92
2061-09-25	0.92
2061-09-26	0.95
2061-09-27	1.00
2061-09-28	1.00
2061-09-29	0.96
2061-09-30	0.94
2061-10-01	0.93
2061-10-02	0.93
2061-10-03	0.93
2061-10-04	0.93
2061-10-05	1.00
2061-10-06	1.00
2061-10-07	0.94
2061-10-08	0.96
2061-10-09	0.95
2061-10-10	0.92
2061-10-11	0.95
2061-10-12	1.00
2061-10-13	1.00
2061-10-14	1.00
2061-10-15	1.00
2061-10-16	1.00
2061-10-17	1.00
2061-10-18	1.00
2061-10-19	1.00
2061-10-20	1.00
2061-10-21	1.00
2061-10-22	1.00
2061-10-23	1.00
2061-10-24	0.97
2061-10-25	0.93
2061-10-26	0.95
2061-10-27	1.00
2061-10-28	1.00
2061-10-29	1.00
2061-10-30	1.00
2061-10-31	1.00
2061-11-01	0.96
2061-11-02	1.00
2061-11-03	0.95
2061-11-04	1.00
2061-11-05	1.00
2061-11-06	1.00
2061-11-07	1.00
2061-11-08	1.00
2061-11-09	1.00
2061-11-10	1.00
2061-11-11	1.00
2061-11-12	1.00
2061-11-13	1.00
2061-11-14	1.00
2061-11-15	1.00
2061-11-16	1.00
2061-11-17	1.00
2061-11-18	1.00
2061-11-19	1.00
2061-11-20	1.00
2061-11-21	1.00
2061-11-22	1.00
2061-11-23	1.00
2061-11-24	0.96
2061-11-25	1.00
2061-11-26	1.00
2061-11-27	1.00
2061-11-28	1.00
2061-11-29	1.00
2061-11-30	1.00
2061-12-01	0.96
2061-12-02	0.96
2061-12-03	1.00
2061-12-04	1.00
2061-12-05	1.00
2061-12-06	1.00
2061-12-07	1.00
2061-12-08	1.00
2061-12-09	1.00
2061-12-10	1.00
2061-12-11	1.00
2061-12-12	1.00
2061-12-13	1.00
2061-12-14	1.00
2061-12-15	1.00
2061-12-16	1.00
2061-12-17	1.00
2061-12-18	1.00
2061-12-19	1.00
2061-12-20	1.00
2061-12-21	1.00
2061-12-22	1.00
2061-12-23	1.00
2061-12-24	1.00
2061-12-25	1.00
2061-12-26	1.00
2061-12-27	1.00
2061-12-28	1.00
2061-12-29	1.00
2061-12-30	1.00
2061-12-31	1.00
2062-01-01	1.00
2062-01-02	1.00
2062-01-03	1.00
2062-01-04	1.00
2062-01-05	1.00
2062-01-06	1.00
2062-01-07	1.00
2062-01-08	1.00
2062-01-09	1.00
2062-01-10	1.00
2062-01-11	1.00
2062-01-12	1.00
2062-01-13	1.00
2062-01-14	1.00
2062-01-15	1.00
2062-01-16	1.00
2062-01-17	1.00
2062-01-18	1.00
2062-01-19	1.00
2062-01-20	1.00
2062-01-21	1.00
2062-01-22	1.00
2062-01-23	1.00
2062-01-24	1.00
2062-01-25	1.00
2062-01-26	1.00
2062-01-27	1.00
2062-01-28	1.00
2062-01-29	1.00
2062-01-30	1.00
2062-01-31	1.00
2062-02-01	1.00
2062-02-02	1.00
2062-02-03	1.00
2062-02-04	1.00
2062-02-05	1.00
2062-02-06	1.00
2062-02-07	1.00
2062-02-08	1.00
2062-02-09	1.00
2062-02-10	1.00
2062-02-11	1.00
2062-02-12	1.00
2062-02-13	1.00
2062-02-14	1.00
2062-02-15	1.00
2062-02-16	1.00
2062-02-17	1.00
2062-02-18	1.00
2062-02-19	1.00
2062-02-20	1.00
2062-02-21	1.00
2062-02-22	1.00
2062-02-23	1.00
2062-02-24	1.00
2062-02-25	1.00
2062-02-26	1.00
2062-02-27	1.00
2062-02-28	1.00
2062-03-01	1.00
2062-03-02	1.00
2062-03-03	1.00
2062-03-04	1.00
2062-03-05	1.00
2062-03-06	1.00
2062-03-07	1.00
2062-03-08	1.00
2062-03-09	1.00
2062-03-10	1.00
2062-03-11	1.00
2062-03-12	1.00
2062-03-13	1.00
2062-03-14	1.00
2062-03-15	1.00
2062-03-16	1.00
2062-03-17	1.00
2062-03-18	1.00
2062-03-19	1.00
2062-03-20	1.00
2062-03-21	1.00
2062-03-22	1.00
2062-03-23	1.00
2062-03-24	1.00
2062-03-25	1.00
2062-03-26	1.00
2062-03-27	1.00
2062-03-28	1.00
2062-03-29	1.00
2062-03-30	1.00
2062-03-31	1.00
2062-04-01	0.96
2062-04-02	0.97
2062-04-03	0.97
2062-04-04	1.00
2062-04-05	1.00
2062-04-06	1.00
2062-04-07	1.00
2062-04-08	1.00
2062-04-09	1.00
2062-04-10	1.00
2062-04-11	1.00
2062-04-12	1.00
2062-04-13	1.00
2062-04-14	1.00
2062-04-15	1.00
2062-04-16	1.00
2062-04-17	1.00
2062-04-18	1.00
2062-04-19	1.00
2062-04-20	1.00
2062-04-21	1.00
2062-04-22	1.00
2062-04-23	1.00
2062-04-24	1.00
2062-04-25	1.00
2062-04-26	0.96
2062-04-27	0.96
2062-04-28	0.96
2062-04-29	0.96
2062-04-30	0.96
2062-05-01	0.95
2062-05-02	0.96
2062-05-03	1.00
2062-05-04	1.00
2062-05-05	1.00
2062-05-06	1.00
2062-05-07	1.00
2062-05-08	0.97
2062-05-09	1.00
2062-05-10	1.00
2062-05-11	1.00
2062-05-12	1.00
2062-05-13	1.00
2062-05-14	1.00
2062-05-15	1.00
2062-05-16	1.00
2062-05-17	0.96
2062-05-18	0.95
2062-05-19	0.95
2062-05-20	0.95
2062-05-21	0.96
2062-05-22	1.00
2062-05-23	1.00
2062-05-24	1.00
2062-05-25	1.00
2062-05-26	0.96
2062-05-27	0.95
2062-05-28	0.96
2062-05-29	1.00
2062-05-30	1.00
2062-05-31	1.00
2062-06-01	1.00
2062-06-02	1.00
2062-06-03	1.00
2062-06-04	0.96
2062-06-05	0.96
2062-06-06	0.95
2062-06-07	0.95
2062-06-08	0.94
2062-06-09	1.00
2062-06-10	1.00
2062-06-11	1.00
2062-06-12	1.00
2062-06-13	0.97
2062-06-14	0.96
2062-06-15	0.93
2062-06-16	0.95
2062-06-17	0.92
2062-06-18	0.92
2062-06-19	0.95
2062-06-20	1.00
2062-06-21	0.96
2062-06-22	0.95
2062-06-23	1.00
2062-06-24	1.00
2062-06-25	1.00
2062-06-26	1.00
2062-06-27	0.96
2062-06-28	0.95
2062-06-29	0.94
2062-06-30	0.93
2062-07-01	0.92
2062-07-02	0.92
2062-07-03	0.91
2062-07-04	0.91
2062-07-05	0.91
2062-07-06	0.91
2062-07-07	0.91
2062-07-08	0.91
2062-07-09	0.91
2062-07-10	0.90
2062-07-11	0.90
2062-07-12	0.91
2062-07-13	0.91
2062-07-14	0.91
2062-07-15	0.90
2062-07-16	0.90
2062-07-17	0.90
2062-07-18	0.90
2062-07-19	0.91
2062-07-20	0.94
2062-07-21	0.92
2062-07-22	0.91
2062-07-23	0.92
2062-07-24	0.95
2062-07-25	0.96
2062-07-26	0.96
2062-07-27	0.95
2062-07-28	0.95
2062-07-29	0.93
2062-07-30	0.92
2062-07-31	0.92
2062-08-01	0.91
2062-08-02	0.91
2062-08-03	0.91
2062-08-04	0.90
2062-08-05	0.90
2062-08-06	0.91
2062-08-07	0.91
2062-08-08	0.91
2062-08-09	0.91
2062-08-10	0.91
2062-08-11	0.91
2062-08-12	0.91
2062-08-13	0.91
2062-08-14	0.91
2062-08-15	0.91
2062-08-16	0.90
2062-08-17	0.91
2062-08-18	0.90
2062-08-19	0.90
2062-08-20	0.92
2062-08-21	0.92
2062-08-22	0.92
2062-08-23	0.92
2062-08-24	0.95
2062-08-25	0.95
2062-08-26	0.93
2062-08-27	0.92
2062-08-28	0.92
2062-08-29	0.92
2062-08-30	0.92
2062-08-31	0.92
2062-09-01	0.92
2062-09-02	0.91
2062-09-03	0.92
2062-09-04	0.96
2062-09-05	1.00
2062-09-06	1.00
2062-09-07	0.96
2062-09-08	0.93
2062-09-09	0.92
2062-09-10	0.92
2062-09-11	0.91
2062-09-12	0.92
2062-09-13	0.96
2062-09-14	0.96
2062-09-15	0.96
2062-09-16	0.95
2062-09-17	0.96
2062-09-18	0.96
2062-09-19	0.96
2062-09-20	1.00
2062-09-21	0.96
2062-09-22	0.93
2062-09-23	0.95
2062-09-24	0.95
2062-09-25	0.93
2062-09-26	0.93
2062-09-27	1.00
2062-09-28	1.00
2062-09-29	1.00
2062-09-30	0.94
2062-10-01	0.95
2062-10-02	0.96
2062-10-03	0.95
2062-10-04	0.95
2062-10-05	0.95
2062-10-06	0.94
2062-10-07	0.94
2062-10-08	0.94
2062-10-09	1.00
2062-10-10	1.00
2062-10-11	0.96
2062-10-12	0.96
2062-10-13	0.97
2062-10-14	0.96
2062-10-15	0.95
2062-10-16	0.95
2062-10-17	1.00
2062-10-18	1.00
2062-10-19	1.00
2062-10-20	1.00
2062-10-21	1.00
2062-10-22	1.00
2062-10-23	1.00
2062-10-24	1.00
2062-10-25	1.00
2062-10-26	0.93
2062-10-27	0.94
2062-10-28	1.00
2062-10-29	1.00
2062-10-30	1.00
2062-10-31	1.00
2062-11-01	1.00
2062-11-02	1.00
2062-11-03	1.00
2062-11-04	1.00
2062-11-05	1.00
2062-11-06	1.00
2062-11-07	1.00
2062-11-08	1.00
2062-11-09	1.00
2062-11-10	1.00
2062-11-11	1.00
2062-11-12	1.00
2062-11-13	1.00
2062-11-14	1.00
2062-11-15	1.00
2062-11-16	1.00
2062-11-17	1.00
2062-11-18	1.00
2062-11-19	0.97
2062-11-20	0.96
2062-11-21	1.00
2062-11-22	1.00
2062-11-23	0.96
2062-11-24	1.00
2062-11-25	1.00
2062-11-26	1.00
2062-11-27	1.00
2062-11-28	1.00
2062-11-29	1.00
2062-11-30	1.00
2062-12-01	1.00
2062-12-02	1.00
2062-12-03	1.00
2062-12-04	1.00
2062-12-05	1.00
2062-12-06	1.00
2062-12-07	1.00
2062-12-08	1.00
2062-12-09	1.00
2062-12-10	1.00
2062-12-11	1.00
2062-12-12	1.00
2062-12-13	1.00
2062-12-14	1.00
2062-12-15	1.00
2062-12-16	1.00
2062-12-17	1.00
2062-12-18	1.00
2062-12-19	1.00
2062-12-20	1.00
2062-12-21	1.00
2062-12-22	1.00
2062-12-23	1.00
2062-12-24	1.00
2062-12-25	1.00
2062-12-26	1.00
2062-12-27	1.00
2062-12-28	1.00
2062-12-29	1.00
2062-12-30	1.00
2062-12-31	1.00
2063-01-01	1.00
2063-01-02	1.00
2063-01-03	1.00
2063-01-04	1.00
2063-01-05	1.00
2063-01-06	1.00
2063-01-07	1.00
2063-01-08	1.00
2063-01-09	1.00
2063-01-10	1.00
2063-01-11	1.00
2063-01-12	1.00
2063-01-13	1.00
2063-01-14	1.00
2063-01-15	1.00
2063-01-16	1.00
2063-01-17	1.00
2063-01-18	1.00
2063-01-19	1.00
2063-01-20	1.00
2063-01-21	1.00
2063-01-22	1.00
2063-01-23	1.00
2063-01-24	1.00
2063-01-25	1.00
2063-01-26	1.00
2063-01-27	1.00
2063-01-28	1.00
2063-01-29	1.00
2063-01-30	1.00
2063-01-31	1.00
2063-02-01	1.00
2063-02-02	1.00
2063-02-03	1.00
2063-02-04	1.00
2063-02-05	1.00
2063-02-06	1.00
2063-02-07	1.00
2063-02-08	1.00
2063-02-09	1.00
2063-02-10	1.00
2063-02-11	1.00
2063-02-12	1.00
2063-02-13	1.00
2063-02-14	1.00
2063-02-15	1.00
2063-02-16	1.00
2063-02-17	1.00
2063-02-18	1.00
2063-02-19	1.00
2063-02-20	1.00
2063-02-21	1.00
2063-02-22	1.00
2063-02-23	1.00
2063-02-24	1.00
2063-02-25	1.00
2063-02-26	1.00
2063-02-27	1.00
2063-02-28	1.00
2063-03-01	1.00
2063-03-02	1.00
2063-03-03	1.00
2063-03-04	1.00
2063-03-05	1.00
2063-03-06	1.00
2063-03-07	1.00
2063-03-08	1.00
2063-03-09	1.00
2063-03-10	1.00
2063-03-11	1.00
2063-03-12	1.00
2063-03-13	1.00
2063-03-14	1.00
2063-03-15	1.00
2063-03-16	1.00
2063-03-17	1.00
2063-03-18	1.00
2063-03-19	1.00
2063-03-20	1.00
2063-03-21	1.00
2063-03-22	1.00
2063-03-23	1.00
2063-03-24	1.00
2063-03-25	1.00
2063-03-26	1.00
2063-03-27	1.00
2063-03-28	1.00
2063-03-29	1.00
2063-03-30	1.00
2063-03-31	1.00
2063-04-01	1.00
2063-04-02	1.00
2063-04-03	1.00
2063-04-04	1.00
2063-04-05	1.00
2063-04-06	1.00
2063-04-07	1.00
2063-04-08	1.00
2063-04-09	1.00
2063-04-10	1.00
2063-04-11	1.00
2063-04-12	1.00
2063-04-13	1.00
2063-04-14	1.00
2063-04-15	1.00
2063-04-16	1.00
2063-04-17	1.00
2063-04-18	1.00
2063-04-19	1.00
2063-04-20	1.00
2063-04-21	1.00
2063-04-22	1.00
2063-04-23	1.00
2063-04-24	1.00
2063-04-25	1.00
2063-04-26	1.00
2063-04-27	1.00
2063-04-28	1.00
2063-04-29	1.00
2063-04-30	1.00
2063-05-01	1.00
2063-05-02	1.00
2063-05-03	1.00
2063-05-04	1.00
2063-05-05	1.00
2063-05-06	0.96
2063-05-07	0.95
2063-05-08	0.94
2063-05-09	0.94
2063-05-10	0.95
2063-05-11	0.94
2063-05-12	0.94
2063-05-13	0.94
2063-05-14	0.94
2063-05-15	0.93
2063-05-16	0.92
2063-05-17	0.92
2063-05-18	0.93
2063-05-19	0.93
2063-05-20	0.93
2063-05-21	0.94
2063-05-22	0.96
2063-05-23	1.00
2063-05-24	0.97
2063-05-25	0.96
2063-05-26	0.95
2063-05-27	0.93
2063-05-28	0.92
2063-05-29	0.92
2063-05-30	0.92
2063-05-31	0.92
2063-06-01	0.94
2063-06-02	1.00
2063-06-03	1.00
2063-06-04	0.96
2063-06-05	0.95
2063-06-06	0.95
2063-06-07	0.95
2063-06-08	1.00
2063-06-09	0.96
2063-06-10	0.96
2063-06-11	0.94
2063-06-12	0.91
2063-06-13	0.92
2063-06-14	0.95
2063-06-15	1.00
2063-06-16	1.00
2063-06-17	0.96
2063-06-18	0.95
2063-06-19	0.94
2063-06-20	0.92
2063-06-21	0.94
2063-06-22	0.96
2063-06-23	0.96
2063-06-24	0.95
2063-06-25	0.94
2063-06-26	0.93
2063-06-27	0.94
2063-06-28	0.92
2063-06-29	0.92
2063-06-30	0.92
2063-07-01	0.93
2063-07-02	0.91
2063-07-03	0.93
2063-07-04	0.96
2063-07-05	0.95
2063-07-06	0.93
2063-07-07	0.97
2063-07-08	1.00
2063-07-09	0.96
2063-07-10	0.95
2063-07-11	0.94
2063-07-12	0.95
2063-07-13	0.94
2063-07-14	0.93
2063-07-15	0.92
2063-07-16	0.91
2063-07-17	0.91
2063-07-18	0.91
2063-07-19	0.91
2063-07-20	0.91
2063-07-21	0.90
2063-07-22	0.91
2063-07-23	0.92
2063-07-24	0.91
2063-07-25	0.94
2063-07-26	0.95
2063-07-27	0.94
2063-07-28	0.93
2063-07-29	0.93
2063-07-30	0.92
2063-07-31	0.92
2063-08-01	0.92
2063-08-02	0.92
2063-08-03	0.92
2063-08-04	0.92
2063-08-05	0.92
2063-08-06	0.94
2063-08-07	0.95
2063-08-08	0.93
2063-08-09	0.91
2063-08-10	0.92
2063-08-11	0.92
2063-08-12	0.93
2063-08-13	1.00
2063-08-14	1.00
2063-08-15	0.97
2063-08-16	0.95
2063-08-17	0.94
2063-08-18	0.93
2063-08-19	0.93
2063-08-20	0.91
2063-08-21	0.91
2063-08-22	0.91
2063-08-23	0.92
2063-08-24	0.95
2063-08-25	0.96
2063-08-26	0.95
2063-08-27	0.95
2063-08-28	0.93
2063-08-29	0.92
2063-08-30	0.92
2063-08-31	0.92
2063-09-01	0.91
2063-09-02	0.92
2063-09-03	0.93
2063-09-04	0.93
2063-09-05	0.95
2063-09-06	0.97
2063-09-07	0.95
2063-09-08	0.95
2063-09-09	0.96
2063-09-10	1.00
2063-09-11	0.97
2063-09-12	0.96
2063-09-13	0.94
2063-09-14	0.93
2063-09-15	0.95
2063-09-16	0.95
2063-09-17	0.94
2063-09-18	0.93
2063-09-19	0.94
2063-09-20	0.93
2063-09-21	0.95
2063-09-22	0.95
2063-09-23	0.93
2063-09-24	0.92
2063-09-25	0.92
2063-09-26	0.92
2063-09-27	0.91
2063-09-28	0.91
2063-09-29	0.92
2063-09-30	0.93
2063-10-01	1.00
2063-10-02	1.00
2063-10-03	0.97
2063-10-04	0.96
2063-10-05	0.96
2063-10-06	0.95
2063-10-07	0.94
2063-10-08	0.96
2063-10-09	1.00
2063-10-10	0.96
2063-10-11	0.95
2063-10-12	1.00
2063-10-13	1.00
2063-10-14	1.00
2063-10-15	1.00
2063-10-16	1.00
2063-10-17	1.00
2063-10-18	1.00
2063-10-19	1.00
2063-10-20	1.00
2063-10-21	1.00
2063-10-22	1.00
2063-10-23	1.00
2063-10-24	1.00
2063-10-25	1.00
2063-10-26	0.97
2063-10-27	1.00
2063-10-28	0.97
2063-10-29	0.96
2063-10-30	1.00
2063-10-31	1.00
2063-11-01	1.00
2063-11-02	1.00
2063-11-03	1.00
2063-11-04	1.00
2063-11-05	1.00
2063-11-06	1.00
2063-11-07	1.00
2063-11-08	1.00
2063-11-09	1.00
2063-11-10	1.00
2063-11-11	1.00
2063-11-12	1.00
2063-11-13	1.00
2063-11-14	1.00
2063-11-15	1.00
2063-11-16	1.00
2063-11-17	1.00
2063-11-18	1.00
2063-11-19	1.00
2063-11-20	1.00
2063-11-21	1.00
2063-11-22	1.00
2063-11-23	1.00
2063-11-24	1.00
2063-11-25	1.00
2063-11-26	1.00
2063-11-27	1.00
2063-11-28	1.00
2063-11-29	1.00
2063-11-30	1.00
2063-12-01	1.00
2063-12-02	1.00
2063-12-03	1.00
2063-12-04	1.00
2063-12-05	1.00
2063-12-06	1.00
2063-12-07	1.00
2063-12-08	1.00
2063-12-09	1.00
2063-12-10	1.00
2063-12-11	1.00
2063-12-12	1.00
2063-12-13	1.00
2063-12-14	1.00
2063-12-15	1.00
2063-12-16	1.00
2063-12-17	1.00
2063-12-18	1.00
2063-12-19	1.00
2063-12-20	1.00
2063-12-21	1.00
2063-12-22	1.00
2063-12-23	1.00
2063-12-24	1.00
2063-12-25	1.00
2063-12-26	1.00
2063-12-27	1.00
2063-12-28	1.00
2063-12-29	1.00
2063-12-30	1.00
2063-12-31	1.00
2064-01-01	1.00
2064-01-02	1.00
2064-01-03	1.00
2064-01-04	1.00
2064-01-05	1.00
2064-01-06	1.00
2064-01-07	1.00
2064-01-08	1.00
2064-01-09	1.00
2064-01-10	1.00
2064-01-11	1.00
2064-01-12	1.00
2064-01-13	1.00
2064-01-14	1.00
2064-01-15	1.00
2064-01-16	1.00
2064-01-17	1.00
2064-01-18	1.00
2064-01-19	1.00
2064-01-20	1.00
2064-01-21	1.00
2064-01-22	1.00
2064-01-23	1.00
2064-01-24	1.00
2064-01-25	1.00
2064-01-26	1.00
2064-01-27	1.00
2064-01-28	1.00
2064-01-29	1.00
2064-01-30	1.00
2064-01-31	1.00
2064-02-01	1.00
2064-02-02	1.00
2064-02-03	1.00
2064-02-04	1.00
2064-02-05	1.00
2064-02-06	1.00
2064-02-07	1.00
2064-02-08	1.00
2064-02-09	1.00
2064-02-10	1.00
2064-02-11	1.00
2064-02-12	1.00
2064-02-13	1.00
2064-02-14	1.00
2064-02-15	1.00
2064-02-16	1.00
2064-02-17	1.00
2064-02-18	1.00
2064-02-19	1.00
2064-02-20	1.00
2064-02-21	1.00
2064-02-22	1.00
2064-02-23	1.00
2064-02-24	1.00
2064-02-25	1.00
2064-02-26	1.00
2064-02-27	1.00
2064-02-28	1.00
2064-02-29	1.00
2064-03-01	1.00
2064-03-02	1.00
2064-03-03	1.00
2064-03-04	1.00
2064-03-05	1.00
2064-03-06	1.00
2064-03-07	1.00
2064-03-08	1.00
2064-03-09	1.00
2064-03-10	1.00
2064-03-11	1.00
2064-03-12	1.00
2064-03-13	1.00
2064-03-14	1.00
2064-03-15	1.00
2064-03-16	1.00
2064-03-17	1.00
2064-03-18	1.00
2064-03-19	1.00
2064-03-20	1.00
2064-03-21	1.00
2064-03-22	1.00
2064-03-23	1.00
2064-03-24	1.00
2064-03-25	1.00
2064-03-26	1.00
2064-03-27	1.00
2064-03-28	1.00
2064-03-29	1.00
2064-03-30	1.00
2064-03-31	1.00
2064-04-01	1.00
2064-04-02	1.00
2064-04-03	1.00
2064-04-04	0.97
2064-04-05	0.96
2064-04-06	0.96
2064-04-07	1.00
2064-04-08	1.00
2064-04-09	1.00
2064-04-10	1.00
2064-04-11	1.00
2064-04-12	1.00
2064-04-13	1.00
2064-04-14	1.00
2064-04-15	1.00
2064-04-16	1.00
2064-04-17	1.00
2064-04-18	1.00
2064-04-19	1.00
2064-04-20	1.00
2064-04-21	1.00
2064-04-22	1.00
2064-04-23	1.00
2064-04-24	1.00
2064-04-25	1.00
2064-04-26	1.00
2064-04-27	1.00
2064-04-28	1.00
2064-04-29	1.00
2064-04-30	1.00
2064-05-01	1.00
2064-05-02	1.00
2064-05-03	1.00
2064-05-04	0.95
2064-05-05	0.95
2064-05-06	0.95
2064-05-07	0.96
2064-05-08	0.95
2064-05-09	0.95
2064-05-10	0.95
2064-05-11	1.00
2064-05-12	1.00
2064-05-13	1.00
2064-05-14	1.00
2064-05-15	1.00
2064-05-16	1.00
2064-05-17	1.00
2064-05-18	1.00
2064-05-19	1.00
2064-05-20	0.96
2064-05-21	1.00
2064-05-22	1.00
2064-05-23	1.00
2064-05-24	1.00
2064-05-25	0.97
2064-05-26	0.95
2064-05-27	0.93
2064-05-28	0.92
2064-05-29	0.92
2064-05-30	0.92
2064-05-31	0.92
2064-06-01	0.94
2064-06-02	1.00
2064-06-03	1.00
2064-06-04	1.00
2064-06-05	1.00
2064-06-06	0.95
2064-06-07	0.93
2064-06-08	0.97
2064-06-09	1.00
2064-06-10	0.96
2064-06-11	0.94
2064-06-12	0.95
2064-06-13	0.96
2064-06-14	0.96
2064-06-15	0.95
2064-06-16	0.92
2064-06-17	0.92
2064-06-18	0.93
2064-06-19	0.91
2064-06-20	0.92
2064-06-21	0.91
2064-06-22	0.92
2064-06-23	0.92
2064-06-24	0.92
2064-06-25	0.91
2064-06-26	0.93
2064-06-27	0.96
2064-06-28	0.96
2064-06-29	0.93
2064-06-30	0.93
2064-07-01	0.92
2064-07-02	0.91
2064-07-03	0.90
2064-07-04	0.91
2064-07-05	0.92
2064-07-06	0.95
2064-07-07	0.95
2064-07-08	1.00
2064-07-09	1.00
2064-07-10	0.96
2064-07-11	0.95
2064-07-12	0.94
2064-07-13	0.92
2064-07-14	0.93
2064-07-15	0.95
2064-07-16	0.95
2064-07-17	0.94
2064-07-18	0.91
2064-07-19	0.91
2064-07-20	0.92
2064-07-21	0.93
2064-07-22	0.92
2064-07-23	0.92
2064-07-24	0.92
2064-07-25	0.92
2064-07-26	0.92
2064-07-27	0.93
2064-07-28	0.96
2064-07-29	1.00
2064-07-30	0.97
2064-07-31	0.96
2064-08-01	0.96
2064-08-02	0.96
2064-08-03	0.95
2064-08-04	0.95
2064-08-05	0.93
2064-08-06	0.93
2064-08-07	0.97
2064-08-08	0.97
2064-08-09	0.96
2064-08-10	0.94
2064-08-11	0.92
2064-08-12	0.92
2064-08-13	0.92
2064-08-14	0.92
2064-08-15	0.92
2064-08-16	0.92
2064-08-17	0.92
2064-08-18	0.92
2064-08-19	0.92
2064-08-20	0.92
2064-08-21	0.93
2064-08-22	0.92
2064-08-23	0.95
2064-08-24	0.95
2064-08-25	0.95
2064-08-26	0.94
2064-08-27	0.93
2064-08-28	0.94
2064-08-29	0.93
2064-08-30	0.93
2064-08-31	0.93
2064-09-01	0.94
2064-09-02	0.93
2064-09-03	0.93
2064-09-04	0.93
2064-09-05	0.93
2064-09-06	0.93
2064-09-07	0.93
2064-09-08	0.94
2064-09-09	0.94
2064-09-10	0.93
2064-09-11	0.95
2064-09-12	0.96
2064-09-13	0.95
2064-09-14	0.94
2064-09-15	0.93
2064-09-16	0.93
2064-09-17	0.93
2064-09-18	0.96
2064-09-19	0.95
2064-09-20	0.96
2064-09-21	1.00
2064-09-22	1.00
2064-09-23	1.00
2064-09-24	1.00
2064-09-25	1.00
2064-09-26	0.96
2064-09-27	0.95
2064-09-28	1.00
2064-09-29	1.00
2064-09-30	1.00
2064-10-01	1.00
2064-10-02	1.00
2064-10-03	0.97
2064-10-04	0.96
2064-10-05	0.97
2064-10-06	1.00
2064-10-07	1.00
2064-10-08	1.00
2064-10-09	1.00
2064-10-10	1.00
2064-10-11	0.96
2064-10-12	0.96
2064-10-13	0.96
2064-10-14	1.00
2064-10-15	1.00
2064-10-16	1.00
2064-10-17	1.00
2064-10-18	1.00
2064-10-19	1.00
2064-10-20	1.00
2064-10-21	1.00
2064-10-22	1.00
2064-10-23	1.00
2064-10-24	1.00
2064-10-25	1.00
2064-10-26	1.00
2064-10-27	1.00
2064-10-28	0.96
2064-10-29	0.96
2064-10-30	1.00
2064-10-31	1.00
2064-11-01	1.00
2064-11-02	1.00
2064-11-03	1.00
2064-11-04	1.00
2064-11-05	1.00
2064-11-06	1.00
2064-11-07	1.00
2064-11-08	1.00
2064-11-09	1.00
2064-11-10	1.00
2064-11-11	1.00
2064-11-12	1.00
2064-11-13	1.00
2064-11-14	1.00
2064-11-15	1.00
2064-11-16	1.00
2064-11-17	1.00
2064-11-18	1.00
2064-11-19	1.00
2064-11-20	1.00
2064-11-21	1.00
2064-11-22	1.00
2064-11-23	1.00
2064-11-24	1.00
2064-11-25	1.00
2064-11-26	1.00
2064-11-27	1.00
2064-11-28	1.00
2064-11-29	1.00
2064-11-30	1.00
2064-12-01	1.00
2064-12-02	1.00
2064-12-03	1.00
2064-12-04	1.00
2064-12-05	1.00
2064-12-06	1.00
2064-12-07	1.00
2064-12-08	1.00
2064-12-09	1.00
2064-12-10	1.00
2064-12-11	1.00
2064-12-12	1.00
2064-12-13	1.00
2064-12-14	1.00
2064-12-15	1.00
2064-12-16	1.00
2064-12-17	1.00
2064-12-18	1.00
2064-12-19	1.00
2064-12-20	1.00
2064-12-21	1.00
2064-12-22	1.00
2064-12-23	1.00
2064-12-24	1.00
2064-12-25	1.00
2064-12-26	1.00
2064-12-27	1.00
2064-12-28	1.00
2064-12-29	1.00
2064-12-30	1.00
2064-12-31	1.00
